architecture,method,k,metric,block,delta
TinyCNN,contrast,1,fidelity,4000,-0.5193299574087378
TinyCNN,contrast,1,fidelity,4001,-0.36201976695652216
TinyCNN,contrast,1,fidelity,4002,-0.3448208986334448
TinyCNN,contrast,1,fidelity,4003,-0.494539121869079
TinyCNN,contrast,1,fidelity,4004,-0.24440796323091507
TinyCNN,contrast,1,fidelity,4005,-0.21858897714455505
TinyCNN,contrast,1,fidelity,4006,-0.26548665447029296
TinyCNN,contrast,1,fidelity,4007,-0.35712705885676044
TinyCNN,contrast,1,fidelity,4008,-0.30037112184082393
TinyCNN,contrast,1,fidelity,4009,-0.45874155397078986
TinyCNN,contrast,1,fidelity,4010,-0.13860091902858418
TinyCNN,contrast,1,fidelity,4011,-0.26593441179344757
TinyCNN,contrast,1,fidelity,4012,-0.5092221553552007
TinyCNN,contrast,1,fidelity,4013,-0.30318539882473816
TinyCNN,contrast,1,fidelity,4014,-0.31957889668870365
TinyCNN,contrast,1,fidelity,4015,-0.40658557751175695
TinyCNN,contrast,1,fidelity,4016,-0.32253976590718625
TinyCNN,contrast,1,fidelity,4017,-0.39441899593932717
TinyCNN,contrast,1,fidelity,4018,-0.5703574038158118
TinyCNN,contrast,1,fidelity,4019,-0.1222756966052686
TinyCNN,contrast,2,fidelity,4000,-0.23513143935780445
TinyCNN,contrast,2,fidelity,4001,-0.4905192985978918
TinyCNN,contrast,2,fidelity,4002,-0.3376374790280511
TinyCNN,contrast,2,fidelity,4003,-0.6115386361748322
TinyCNN,contrast,2,fidelity,4004,-0.07018684677039899
TinyCNN,contrast,2,fidelity,4005,-0.44409185755568115
TinyCNN,contrast,2,fidelity,4006,-0.30591320159919366
TinyCNN,contrast,2,fidelity,4007,-0.1767213074277797
TinyCNN,contrast,2,fidelity,4008,-0.2254998904665111
TinyCNN,contrast,2,fidelity,4009,-0.42819880349322936
TinyCNN,contrast,2,fidelity,4010,-0.18308666973151744
TinyCNN,contrast,2,fidelity,4011,-0.45658779151684137
TinyCNN,contrast,2,fidelity,4012,-0.4656819451984239
TinyCNN,contrast,2,fidelity,4013,-0.2077479328559717
TinyCNN,contrast,2,fidelity,4014,-0.14067098047893312
TinyCNN,contrast,2,fidelity,4015,-0.40823996207129054
TinyCNN,contrast,2,fidelity,4016,-0.30556785234740935
TinyCNN,contrast,2,fidelity,4017,-0.21527579739877623
TinyCNN,contrast,2,fidelity,4018,-0.6932166096862696
TinyCNN,contrast,2,fidelity,4019,-0.2320858362959689
TinyCNN,contrast,4,fidelity,4000,0.03083005510020176
TinyCNN,contrast,4,fidelity,4001,0.034215205411636584
TinyCNN,contrast,4,fidelity,4002,-0.06494889229576173
TinyCNN,contrast,4,fidelity,4003,-0.10307876525382687
TinyCNN,contrast,4,fidelity,4004,0.006379818705121165
TinyCNN,contrast,4,fidelity,4005,-0.12416259263871054
TinyCNN,contrast,4,fidelity,4006,0.013405112389045515
TinyCNN,contrast,4,fidelity,4007,0.01700184665066906
TinyCNN,contrast,4,fidelity,4008,-0.021603475244440062
TinyCNN,contrast,4,fidelity,4009,0.005432216630757103
TinyCNN,contrast,4,fidelity,4010,-0.014513533898922515
TinyCNN,contrast,4,fidelity,4011,-0.01160755990574458
TinyCNN,contrast,4,fidelity,4012,-0.012449199716522807
TinyCNN,contrast,4,fidelity,4013,-0.004129898385175412
TinyCNN,contrast,4,fidelity,4014,-0.018698116164887035
TinyCNN,contrast,4,fidelity,4015,-0.05076229693240808
TinyCNN,contrast,4,fidelity,4016,-0.016177199434857736
TinyCNN,contrast,4,fidelity,4017,0.01768437446274873
TinyCNN,contrast,4,fidelity,4018,-0.06944188772382931
TinyCNN,contrast,4,fidelity,4019,-0.05627133395599937
TinyCNN,contrast,8,fidelity,4000,0.01387765543418562
TinyCNN,contrast,8,fidelity,4001,0.003532512674069732
TinyCNN,contrast,8,fidelity,4002,7.564739980758795e-05
TinyCNN,contrast,8,fidelity,4003,0.01237984853924834
TinyCNN,contrast,8,fidelity,4004,0.011051449449348993
TinyCNN,contrast,8,fidelity,4005,0.01679923249903781
TinyCNN,contrast,8,fidelity,4006,0.008170220813244367
TinyCNN,contrast,8,fidelity,4007,0.006277920015338334
TinyCNN,contrast,8,fidelity,4008,0.005874605806547084
TinyCNN,contrast,8,fidelity,4009,0.006361028264825319
TinyCNN,contrast,8,fidelity,4010,0.0117868329815356
TinyCNN,contrast,8,fidelity,4011,0.01150682839418693
TinyCNN,contrast,8,fidelity,4012,0.00620113993739535
TinyCNN,contrast,8,fidelity,4013,0.007830586773451609
TinyCNN,contrast,8,fidelity,4014,0.0008311950080773789
TinyCNN,contrast,8,fidelity,4015,0.011193872773917701
TinyCNN,contrast,8,fidelity,4016,0.0015798603383170295
TinyCNN,contrast,8,fidelity,4017,-0.000542409459006854
TinyCNN,contrast,8,fidelity,4018,0.0030362822803167155
TinyCNN,contrast,8,fidelity,4019,-0.007608265382472723
TinyCNN,auroc,1,fidelity,4000,-0.11682962641332362
TinyCNN,auroc,1,fidelity,4001,-0.36201976695652216
TinyCNN,auroc,1,fidelity,4002,-0.47592845673168016
TinyCNN,auroc,1,fidelity,4003,-0.27662041437108487
TinyCNN,auroc,1,fidelity,4004,-0.48156148525878983
TinyCNN,auroc,1,fidelity,4005,-0.19272335542102847
TinyCNN,auroc,1,fidelity,4006,-0.3946434432132705
TinyCNN,auroc,1,fidelity,4007,-0.477483887638783
TinyCNN,auroc,1,fidelity,4008,-0.2406988996884427
TinyCNN,auroc,1,fidelity,4009,-0.39835851420286916
TinyCNN,auroc,1,fidelity,4010,-0.13860091902858418
TinyCNN,auroc,1,fidelity,4011,-0.26593441179344757
TinyCNN,auroc,1,fidelity,4012,-0.5092221553552007
TinyCNN,auroc,1,fidelity,4013,-0.30318539882473816
TinyCNN,auroc,1,fidelity,4014,-0.14752389494781337
TinyCNN,auroc,1,fidelity,4015,-0.18284802555915058
TinyCNN,auroc,1,fidelity,4016,-0.19784152321923443
TinyCNN,auroc,1,fidelity,4017,-0.39441899593932717
TinyCNN,auroc,1,fidelity,4018,-0.40016880882224715
TinyCNN,auroc,1,fidelity,4019,-0.12275706025964173
TinyCNN,auroc,2,fidelity,4000,-0.23513143935780445
TinyCNN,auroc,2,fidelity,4001,-0.4808938440352626
TinyCNN,auroc,2,fidelity,4002,-0.3376374790280511
TinyCNN,auroc,2,fidelity,4003,-0.6556702541221707
TinyCNN,auroc,2,fidelity,4004,-0.36562421105086884
TinyCNN,auroc,2,fidelity,4005,-0.44409185755568115
TinyCNN,auroc,2,fidelity,4006,-0.30591320159919366
TinyCNN,auroc,2,fidelity,4007,-0.1928533969623365
TinyCNN,auroc,2,fidelity,4008,-0.5191136747441193
TinyCNN,auroc,2,fidelity,4009,-0.06957215233438074
TinyCNN,auroc,2,fidelity,4010,-0.14581515822041913
TinyCNN,auroc,2,fidelity,4011,-0.45658779151684137
TinyCNN,auroc,2,fidelity,4012,-0.4656819451984239
TinyCNN,auroc,2,fidelity,4013,-0.15961728406657416
TinyCNN,auroc,2,fidelity,4014,-0.06414290681853096
TinyCNN,auroc,2,fidelity,4015,-0.1856421890259088
TinyCNN,auroc,2,fidelity,4016,-0.30556785234740935
TinyCNN,auroc,2,fidelity,4017,-0.23781437934465333
TinyCNN,auroc,2,fidelity,4018,-0.4279430903319106
TinyCNN,auroc,2,fidelity,4019,-0.4177684486342814
TinyCNN,auroc,4,fidelity,4000,0.03083005510020176
TinyCNN,auroc,4,fidelity,4001,0.03447522182299756
TinyCNN,auroc,4,fidelity,4002,-0.059106144567597
TinyCNN,auroc,4,fidelity,4003,-0.16805857536498414
TinyCNN,auroc,4,fidelity,4004,0.006379818705121165
TinyCNN,auroc,4,fidelity,4005,-0.30361721928243335
TinyCNN,auroc,4,fidelity,4006,0.013405112389045515
TinyCNN,auroc,4,fidelity,4007,0.01700184665066906
TinyCNN,auroc,4,fidelity,4008,-0.021603475244440062
TinyCNN,auroc,4,fidelity,4009,0.005432216630757103
TinyCNN,auroc,4,fidelity,4010,-0.02108596287423481
TinyCNN,auroc,4,fidelity,4011,-0.01160755990574458
TinyCNN,auroc,4,fidelity,4012,-0.012449199716522807
TinyCNN,auroc,4,fidelity,4013,-0.004129898385175412
TinyCNN,auroc,4,fidelity,4014,-0.018698116164887035
TinyCNN,auroc,4,fidelity,4015,-0.014665168764980141
TinyCNN,auroc,4,fidelity,4016,-0.044559757222763174
TinyCNN,auroc,4,fidelity,4017,0.01768437446274873
TinyCNN,auroc,4,fidelity,4018,-0.06944188772382931
TinyCNN,auroc,4,fidelity,4019,-0.0398822237343569
TinyCNN,auroc,8,fidelity,4000,0.01387765543418562
TinyCNN,auroc,8,fidelity,4001,0.00401394319293058
TinyCNN,auroc,8,fidelity,4002,-0.011495386498493687
TinyCNN,auroc,8,fidelity,4003,0.01237984853924834
TinyCNN,auroc,8,fidelity,4004,0.011051449449348993
TinyCNN,auroc,8,fidelity,4005,0.0023910925062741173
TinyCNN,auroc,8,fidelity,4006,0.008170220813244367
TinyCNN,auroc,8,fidelity,4007,0.006277920015338334
TinyCNN,auroc,8,fidelity,4008,0.002892300720863772
TinyCNN,auroc,8,fidelity,4009,0.006361028264825319
TinyCNN,auroc,8,fidelity,4010,0.007907404897128711
TinyCNN,auroc,8,fidelity,4011,0.01150682839418693
TinyCNN,auroc,8,fidelity,4012,0.005411915678114831
TinyCNN,auroc,8,fidelity,4013,0.007797378131953248
TinyCNN,auroc,8,fidelity,4014,0.0027364118078564426
TinyCNN,auroc,8,fidelity,4015,0.012613021970958038
TinyCNN,auroc,8,fidelity,4016,0.01814037386347289
TinyCNN,auroc,8,fidelity,4017,-0.000542409459006854
TinyCNN,auroc,8,fidelity,4018,0.0030362822803167155
TinyCNN,auroc,8,fidelity,4019,-0.0076063356852345
TinyCNN,validation_patch,1,fidelity,4000,-0.12786533692039947
TinyCNN,validation_patch,1,fidelity,4001,-0.2760035539638054
TinyCNN,validation_patch,1,fidelity,4002,-0.3305554765019463
TinyCNN,validation_patch,1,fidelity,4003,-0.3858921513624246
TinyCNN,validation_patch,1,fidelity,4004,-0.24440796323091507
TinyCNN,validation_patch,1,fidelity,4005,-0.28244931406473295
TinyCNN,validation_patch,1,fidelity,4006,-0.36737175224153107
TinyCNN,validation_patch,1,fidelity,4007,-0.3346272511752999
TinyCNN,validation_patch,1,fidelity,4008,-0.23422312893489772
TinyCNN,validation_patch,1,fidelity,4009,-0.31265438780087196
TinyCNN,validation_patch,1,fidelity,4010,-0.26265759041487835
TinyCNN,validation_patch,1,fidelity,4011,-0.2991321962652459
TinyCNN,validation_patch,1,fidelity,4012,-0.23783678842051204
TinyCNN,validation_patch,1,fidelity,4013,-0.30318539882473816
TinyCNN,validation_patch,1,fidelity,4014,-0.31957889668870365
TinyCNN,validation_patch,1,fidelity,4015,-0.316103997026403
TinyCNN,validation_patch,1,fidelity,4016,-0.20201243271306146
TinyCNN,validation_patch,1,fidelity,4017,-0.327912350320552
TinyCNN,validation_patch,1,fidelity,4018,-0.40016880882224715
TinyCNN,validation_patch,1,fidelity,4019,-0.14729480495546254
TinyCNN,validation_patch,2,fidelity,4000,-0.08496105883094884
TinyCNN,validation_patch,2,fidelity,4001,-0.2821917758607493
TinyCNN,validation_patch,2,fidelity,4002,-0.27589338220304394
TinyCNN,validation_patch,2,fidelity,4003,-0.24244152204246794
TinyCNN,validation_patch,2,fidelity,4004,-0.06549096415776945
TinyCNN,validation_patch,2,fidelity,4005,-0.19271630316359312
TinyCNN,validation_patch,2,fidelity,4006,-0.25086266793915213
TinyCNN,validation_patch,2,fidelity,4007,-0.17297474949431502
TinyCNN,validation_patch,2,fidelity,4008,-0.20886694785993765
TinyCNN,validation_patch,2,fidelity,4009,-0.11973921417229494
TinyCNN,validation_patch,2,fidelity,4010,-0.09421915154926996
TinyCNN,validation_patch,2,fidelity,4011,-0.22664378510697458
TinyCNN,validation_patch,2,fidelity,4012,-0.1460500783514368
TinyCNN,validation_patch,2,fidelity,4013,-0.16353229701837702
TinyCNN,validation_patch,2,fidelity,4014,-0.06414290681853096
TinyCNN,validation_patch,2,fidelity,4015,-0.18074794705763098
TinyCNN,validation_patch,2,fidelity,4016,-0.19283885937754008
TinyCNN,validation_patch,2,fidelity,4017,-0.1387931250691682
TinyCNN,validation_patch,2,fidelity,4018,-0.2720010308737648
TinyCNN,validation_patch,2,fidelity,4019,-0.09151134766773261
TinyCNN,validation_patch,4,fidelity,4000,0.05115803912883099
TinyCNN,validation_patch,4,fidelity,4001,0.014617873164519568
TinyCNN,validation_patch,4,fidelity,4002,-0.07935135561744155
TinyCNN,validation_patch,4,fidelity,4003,0.003418135233579478
TinyCNN,validation_patch,4,fidelity,4004,0.007483876706311343
TinyCNN,validation_patch,4,fidelity,4005,-0.06840756848413099
TinyCNN,validation_patch,4,fidelity,4006,0.004741862343597192
TinyCNN,validation_patch,4,fidelity,4007,0.01700184665066906
TinyCNN,validation_patch,4,fidelity,4008,0.017056114857591398
TinyCNN,validation_patch,4,fidelity,4009,0.005432216630757103
TinyCNN,validation_patch,4,fidelity,4010,0.029926778293066447
TinyCNN,validation_patch,4,fidelity,4011,-0.02893606978755081
TinyCNN,validation_patch,4,fidelity,4012,-0.018041595960563317
TinyCNN,validation_patch,4,fidelity,4013,-0.02622422443662009
TinyCNN,validation_patch,4,fidelity,4014,0.0004924265707677566
TinyCNN,validation_patch,4,fidelity,4015,0.01335875842755574
TinyCNN,validation_patch,4,fidelity,4016,-0.01574698439702893
TinyCNN,validation_patch,4,fidelity,4017,0.0023737675706323458
TinyCNN,validation_patch,4,fidelity,4018,-0.04719191845333237
TinyCNN,validation_patch,4,fidelity,4019,0.012985919943247826
TinyCNN,validation_patch,8,fidelity,4000,0.019336436258136525
TinyCNN,validation_patch,8,fidelity,4001,0.005233931398144986
TinyCNN,validation_patch,8,fidelity,4002,0.0002882117453042454
TinyCNN,validation_patch,8,fidelity,4003,0.012176354265645783
TinyCNN,validation_patch,8,fidelity,4004,0.002256348483264947
TinyCNN,validation_patch,8,fidelity,4005,0.0053044787596677745
TinyCNN,validation_patch,8,fidelity,4006,0.010790040029481474
TinyCNN,validation_patch,8,fidelity,4007,0.004065226686059242
TinyCNN,validation_patch,8,fidelity,4008,0.0043658931141958846
TinyCNN,validation_patch,8,fidelity,4009,0.00538103790751554
TinyCNN,validation_patch,8,fidelity,4010,0.013899947730705242
TinyCNN,validation_patch,8,fidelity,4011,0.01096280660065796
TinyCNN,validation_patch,8,fidelity,4012,0.0036115211328363594
TinyCNN,validation_patch,8,fidelity,4013,0.009313741301295253
TinyCNN,validation_patch,8,fidelity,4014,0.004880665019443731
TinyCNN,validation_patch,8,fidelity,4015,0.004227728655486596
TinyCNN,validation_patch,8,fidelity,4016,0.018607717558052572
TinyCNN,validation_patch,8,fidelity,4017,-0.0008011308211828272
TinyCNN,validation_patch,8,fidelity,4018,0.0045325173708723465
TinyCNN,validation_patch,8,fidelity,4019,0.006801584866709343
TwoLayerCNN,contrast,1,fidelity,4000,-0.010893374260314337
TwoLayerCNN,contrast,1,fidelity,4001,-0.0044279630326099495
TwoLayerCNN,contrast,1,fidelity,4002,-0.010041749523605814
TwoLayerCNN,contrast,1,fidelity,4003,-0.0199295996529415
TwoLayerCNN,contrast,1,fidelity,4004,-0.0065022727448319495
TwoLayerCNN,contrast,1,fidelity,4005,-0.009074260888218166
TwoLayerCNN,contrast,1,fidelity,4006,-0.0014458588848804688
TwoLayerCNN,contrast,1,fidelity,4007,-0.027798267540142363
TwoLayerCNN,contrast,1,fidelity,4008,-0.0031236720932490414
TwoLayerCNN,contrast,1,fidelity,4009,-0.010225093570443877
TwoLayerCNN,contrast,1,fidelity,4010,-0.08323705032106177
TwoLayerCNN,contrast,1,fidelity,4011,-0.0034628465952531995
TwoLayerCNN,contrast,1,fidelity,4012,-0.008303619796209749
TwoLayerCNN,contrast,1,fidelity,4013,-0.008644210980484512
TwoLayerCNN,contrast,1,fidelity,4014,-0.0054166314953207895
TwoLayerCNN,contrast,1,fidelity,4015,-0.0015258270209947966
TwoLayerCNN,contrast,1,fidelity,4016,0.0007311666222328261
TwoLayerCNN,contrast,1,fidelity,4017,-0.0009768651343798895
TwoLayerCNN,contrast,1,fidelity,4018,-0.0061961545828460585
TwoLayerCNN,contrast,1,fidelity,4019,-0.013425457269255925
TwoLayerCNN,contrast,2,fidelity,4000,-0.042141551008160194
TwoLayerCNN,contrast,2,fidelity,4001,-0.016082829215158467
TwoLayerCNN,contrast,2,fidelity,4002,-0.03509617110185037
TwoLayerCNN,contrast,2,fidelity,4003,-0.043564742719154226
TwoLayerCNN,contrast,2,fidelity,4004,-0.04967508027963663
TwoLayerCNN,contrast,2,fidelity,4005,-0.022528366610580997
TwoLayerCNN,contrast,2,fidelity,4006,-0.04074320572581236
TwoLayerCNN,contrast,2,fidelity,4007,-0.04707359930921151
TwoLayerCNN,contrast,2,fidelity,4008,-0.019348429664170608
TwoLayerCNN,contrast,2,fidelity,4009,-0.02929748619255279
TwoLayerCNN,contrast,2,fidelity,4010,-0.12437116611767629
TwoLayerCNN,contrast,2,fidelity,4011,-0.03857509559603112
TwoLayerCNN,contrast,2,fidelity,4012,-0.05282565683823781
TwoLayerCNN,contrast,2,fidelity,4013,-0.03524259444909417
TwoLayerCNN,contrast,2,fidelity,4014,-0.012568464908381816
TwoLayerCNN,contrast,2,fidelity,4015,-0.03488509414247698
TwoLayerCNN,contrast,2,fidelity,4016,-0.00048223085479692784
TwoLayerCNN,contrast,2,fidelity,4017,-0.04645090453435563
TwoLayerCNN,contrast,2,fidelity,4018,-0.04226597234383389
TwoLayerCNN,contrast,2,fidelity,4019,-0.02326006065648123
TwoLayerCNN,contrast,4,fidelity,4000,-0.15008584228280752
TwoLayerCNN,contrast,4,fidelity,4001,-0.029850309227077654
TwoLayerCNN,contrast,4,fidelity,4002,-0.2562467950709856
TwoLayerCNN,contrast,4,fidelity,4003,-0.11337910235449289
TwoLayerCNN,contrast,4,fidelity,4004,-0.14378080340900878
TwoLayerCNN,contrast,4,fidelity,4005,-0.08764994364394296
TwoLayerCNN,contrast,4,fidelity,4006,-0.04334461049513605
TwoLayerCNN,contrast,4,fidelity,4007,-0.13041009175436302
TwoLayerCNN,contrast,4,fidelity,4008,-0.2478916474563223
TwoLayerCNN,contrast,4,fidelity,4009,-0.11652952675980832
TwoLayerCNN,contrast,4,fidelity,4010,-0.12184326485119668
TwoLayerCNN,contrast,4,fidelity,4011,-0.21399593306593057
TwoLayerCNN,contrast,4,fidelity,4012,-0.09825785996827463
TwoLayerCNN,contrast,4,fidelity,4013,-0.06447438482876655
TwoLayerCNN,contrast,4,fidelity,4014,-0.0658057461299365
TwoLayerCNN,contrast,4,fidelity,4015,-0.07948801906261926
TwoLayerCNN,contrast,4,fidelity,4016,-0.08730150829181593
TwoLayerCNN,contrast,4,fidelity,4017,-0.22129210909747044
TwoLayerCNN,contrast,4,fidelity,4018,-0.25437133910474896
TwoLayerCNN,contrast,4,fidelity,4019,-0.09955395968048908
TwoLayerCNN,contrast,8,fidelity,4000,-0.11079323759917636
TwoLayerCNN,contrast,8,fidelity,4001,0.007531861005793505
TwoLayerCNN,contrast,8,fidelity,4002,0.09522061910435331
TwoLayerCNN,contrast,8,fidelity,4003,0.03999226047938731
TwoLayerCNN,contrast,8,fidelity,4004,-0.02319527744259864
TwoLayerCNN,contrast,8,fidelity,4005,-0.013966291721571378
TwoLayerCNN,contrast,8,fidelity,4006,-0.04820759230983085
TwoLayerCNN,contrast,8,fidelity,4007,0.08456237526316934
TwoLayerCNN,contrast,8,fidelity,4008,-0.12590875766989007
TwoLayerCNN,contrast,8,fidelity,4009,0.03163997926101181
TwoLayerCNN,contrast,8,fidelity,4010,-0.15442447954134597
TwoLayerCNN,contrast,8,fidelity,4011,-0.09094342009722656
TwoLayerCNN,contrast,8,fidelity,4012,0.15479121879318947
TwoLayerCNN,contrast,8,fidelity,4013,0.09175084230428876
TwoLayerCNN,contrast,8,fidelity,4014,0.06869023237352812
TwoLayerCNN,contrast,8,fidelity,4015,-0.09769927188132677
TwoLayerCNN,contrast,8,fidelity,4016,-0.20407343766446473
TwoLayerCNN,contrast,8,fidelity,4017,0.10030238119814217
TwoLayerCNN,contrast,8,fidelity,4018,0.1042710972454598
TwoLayerCNN,contrast,8,fidelity,4019,0.05013821429099785
TwoLayerCNN,auroc,1,fidelity,4000,-0.010893374260314337
TwoLayerCNN,auroc,1,fidelity,4001,-0.0044279630326099495
TwoLayerCNN,auroc,1,fidelity,4002,-0.010041749523605814
TwoLayerCNN,auroc,1,fidelity,4003,-0.024420119484200864
TwoLayerCNN,auroc,1,fidelity,4004,-0.0065022727448319495
TwoLayerCNN,auroc,1,fidelity,4005,-0.0071282581129493705
TwoLayerCNN,auroc,1,fidelity,4006,-0.0014458588848804688
TwoLayerCNN,auroc,1,fidelity,4007,-0.010599975285564
TwoLayerCNN,auroc,1,fidelity,4008,-0.0031236720932490414
TwoLayerCNN,auroc,1,fidelity,4009,-0.010225093570443877
TwoLayerCNN,auroc,1,fidelity,4010,-0.08323705032106177
TwoLayerCNN,auroc,1,fidelity,4011,-0.02223437363214298
TwoLayerCNN,auroc,1,fidelity,4012,-0.008303619796209749
TwoLayerCNN,auroc,1,fidelity,4013,-0.016148388180687978
TwoLayerCNN,auroc,1,fidelity,4014,-0.0054166314953207895
TwoLayerCNN,auroc,1,fidelity,4015,-0.00784746088926136
TwoLayerCNN,auroc,1,fidelity,4016,-0.027405471254620672
TwoLayerCNN,auroc,1,fidelity,4017,-0.0009768651343798895
TwoLayerCNN,auroc,1,fidelity,4018,-0.008287592804364419
TwoLayerCNN,auroc,1,fidelity,4019,-0.013425457269255925
TwoLayerCNN,auroc,2,fidelity,4000,-0.028390963667256908
TwoLayerCNN,auroc,2,fidelity,4001,-0.037936855013388726
TwoLayerCNN,auroc,2,fidelity,4002,-0.03509617110185037
TwoLayerCNN,auroc,2,fidelity,4003,-0.043564742719154226
TwoLayerCNN,auroc,2,fidelity,4004,-0.04967508027963663
TwoLayerCNN,auroc,2,fidelity,4005,-0.03368656283398097
TwoLayerCNN,auroc,2,fidelity,4006,-0.011603975134695466
TwoLayerCNN,auroc,2,fidelity,4007,-0.04707359930921151
TwoLayerCNN,auroc,2,fidelity,4008,-0.019348429664170608
TwoLayerCNN,auroc,2,fidelity,4009,-0.02929748619255279
TwoLayerCNN,auroc,2,fidelity,4010,-0.1253102600929641
TwoLayerCNN,auroc,2,fidelity,4011,-0.10564125018708592
TwoLayerCNN,auroc,2,fidelity,4012,-0.05282565683823781
TwoLayerCNN,auroc,2,fidelity,4013,-0.03524259444909417
TwoLayerCNN,auroc,2,fidelity,4014,-0.024338491815738106
TwoLayerCNN,auroc,2,fidelity,4015,-0.05304890765867076
TwoLayerCNN,auroc,2,fidelity,4016,-0.03576614162216307
TwoLayerCNN,auroc,2,fidelity,4017,-0.04659223319970196
TwoLayerCNN,auroc,2,fidelity,4018,-0.0382918934305565
TwoLayerCNN,auroc,2,fidelity,4019,-0.02326006065648123
TwoLayerCNN,auroc,4,fidelity,4000,-0.08191776719054344
TwoLayerCNN,auroc,4,fidelity,4001,-0.15209260490007281
TwoLayerCNN,auroc,4,fidelity,4002,-0.1700720708097313
TwoLayerCNN,auroc,4,fidelity,4003,-0.13842470382813987
TwoLayerCNN,auroc,4,fidelity,4004,-0.14378080340900878
TwoLayerCNN,auroc,4,fidelity,4005,-0.06776723830325415
TwoLayerCNN,auroc,4,fidelity,4006,-0.045453343163870064
TwoLayerCNN,auroc,4,fidelity,4007,-0.12022590394289312
TwoLayerCNN,auroc,4,fidelity,4008,-0.273857983343316
TwoLayerCNN,auroc,4,fidelity,4009,-0.1119480839415532
TwoLayerCNN,auroc,4,fidelity,4010,-0.1782295641956485
TwoLayerCNN,auroc,4,fidelity,4011,-0.21399593306593057
TwoLayerCNN,auroc,4,fidelity,4012,-0.11088932645099914
TwoLayerCNN,auroc,4,fidelity,4013,-0.07840466642558397
TwoLayerCNN,auroc,4,fidelity,4014,-0.0658057461299365
TwoLayerCNN,auroc,4,fidelity,4015,-0.07948801906261926
TwoLayerCNN,auroc,4,fidelity,4016,-0.0791092583124543
TwoLayerCNN,auroc,4,fidelity,4017,-0.18238924739039597
TwoLayerCNN,auroc,4,fidelity,4018,-0.24528408192506224
TwoLayerCNN,auroc,4,fidelity,4019,-0.09955395968048908
TwoLayerCNN,auroc,8,fidelity,4000,-0.11836045687130159
TwoLayerCNN,auroc,8,fidelity,4001,0.1660793521230468
TwoLayerCNN,auroc,8,fidelity,4002,0.11448054551148557
TwoLayerCNN,auroc,8,fidelity,4003,0.10995786751837211
TwoLayerCNN,auroc,8,fidelity,4004,0.07028346229879678
TwoLayerCNN,auroc,8,fidelity,4005,-0.003034657580061495
TwoLayerCNN,auroc,8,fidelity,4006,-0.05989289441161205
TwoLayerCNN,auroc,8,fidelity,4007,0.08456237526316934
TwoLayerCNN,auroc,8,fidelity,4008,-0.12590875766989007
TwoLayerCNN,auroc,8,fidelity,4009,0.005612626843082946
TwoLayerCNN,auroc,8,fidelity,4010,-0.15826915273843312
TwoLayerCNN,auroc,8,fidelity,4011,-0.1475507760534719
TwoLayerCNN,auroc,8,fidelity,4012,0.15455004395746164
TwoLayerCNN,auroc,8,fidelity,4013,0.09175084230428876
TwoLayerCNN,auroc,8,fidelity,4014,0.06869023237352812
TwoLayerCNN,auroc,8,fidelity,4015,-0.09769927188132677
TwoLayerCNN,auroc,8,fidelity,4016,-0.10750657417564546
TwoLayerCNN,auroc,8,fidelity,4017,0.09672102074750921
TwoLayerCNN,auroc,8,fidelity,4018,0.10278725939744449
TwoLayerCNN,auroc,8,fidelity,4019,-0.038425696774649465
TwoLayerCNN,validation_patch,1,fidelity,4000,-0.019963171629729604
TwoLayerCNN,validation_patch,1,fidelity,4001,-0.053009139848106956
TwoLayerCNN,validation_patch,1,fidelity,4002,-0.042682424976471345
TwoLayerCNN,validation_patch,1,fidelity,4003,-0.016004821070117803
TwoLayerCNN,validation_patch,1,fidelity,4004,-0.02864108945828625
TwoLayerCNN,validation_patch,1,fidelity,4005,-0.011676805374495114
TwoLayerCNN,validation_patch,1,fidelity,4006,-0.038228245349992696
TwoLayerCNN,validation_patch,1,fidelity,4007,-0.02237527721398236
TwoLayerCNN,validation_patch,1,fidelity,4008,-0.0633361820751952
TwoLayerCNN,validation_patch,1,fidelity,4009,0.05381771370646149
TwoLayerCNN,validation_patch,1,fidelity,4010,-0.08326802605989991
TwoLayerCNN,validation_patch,1,fidelity,4011,-0.02001054383804768
TwoLayerCNN,validation_patch,1,fidelity,4012,-0.006718063981935307
TwoLayerCNN,validation_patch,1,fidelity,4013,-0.03619928263336214
TwoLayerCNN,validation_patch,1,fidelity,4014,-0.021010469434253776
TwoLayerCNN,validation_patch,1,fidelity,4015,-0.020686130652212698
TwoLayerCNN,validation_patch,1,fidelity,4016,-0.029736050789136104
TwoLayerCNN,validation_patch,1,fidelity,4017,-0.01400187613681747
TwoLayerCNN,validation_patch,1,fidelity,4018,-0.015625033798764454
TwoLayerCNN,validation_patch,1,fidelity,4019,-0.02196469264495715
TwoLayerCNN,validation_patch,2,fidelity,4000,-0.032996330030150345
TwoLayerCNN,validation_patch,2,fidelity,4001,-0.15875568233254844
TwoLayerCNN,validation_patch,2,fidelity,4002,-0.10211656361690846
TwoLayerCNN,validation_patch,2,fidelity,4003,-0.01649831383032374
TwoLayerCNN,validation_patch,2,fidelity,4004,-0.1092336974212419
TwoLayerCNN,validation_patch,2,fidelity,4005,-0.031274114651570706
TwoLayerCNN,validation_patch,2,fidelity,4006,-0.0969145274782659
TwoLayerCNN,validation_patch,2,fidelity,4007,-0.06573332545515298
TwoLayerCNN,validation_patch,2,fidelity,4008,-0.1603360370669904
TwoLayerCNN,validation_patch,2,fidelity,4009,0.08734787403342736
TwoLayerCNN,validation_patch,2,fidelity,4010,-0.21542616311608287
TwoLayerCNN,validation_patch,2,fidelity,4011,-0.07912771725143597
TwoLayerCNN,validation_patch,2,fidelity,4012,-0.04277669860700761
TwoLayerCNN,validation_patch,2,fidelity,4013,-0.08913649089992193
TwoLayerCNN,validation_patch,2,fidelity,4014,-0.060389179069727406
TwoLayerCNN,validation_patch,2,fidelity,4015,-0.07321524284614755
TwoLayerCNN,validation_patch,2,fidelity,4016,-0.067237581832165
TwoLayerCNN,validation_patch,2,fidelity,4017,-0.06028356950485758
TwoLayerCNN,validation_patch,2,fidelity,4018,-0.07676341516871732
TwoLayerCNN,validation_patch,2,fidelity,4019,-0.06961840975005662
TwoLayerCNN,validation_patch,4,fidelity,4000,-0.01987366197054863
TwoLayerCNN,validation_patch,4,fidelity,4001,-0.10513652116994265
TwoLayerCNN,validation_patch,4,fidelity,4002,-0.10345178260887988
TwoLayerCNN,validation_patch,4,fidelity,4003,0.030617136248040966
TwoLayerCNN,validation_patch,4,fidelity,4004,-0.2580229463858543
TwoLayerCNN,validation_patch,4,fidelity,4005,-0.18085851359233607
TwoLayerCNN,validation_patch,4,fidelity,4006,0.020034413731309764
TwoLayerCNN,validation_patch,4,fidelity,4007,-0.04677019003146432
TwoLayerCNN,validation_patch,4,fidelity,4008,-0.15190962431410926
TwoLayerCNN,validation_patch,4,fidelity,4009,0.22876396665516707
TwoLayerCNN,validation_patch,4,fidelity,4010,-0.1491919443862365
TwoLayerCNN,validation_patch,4,fidelity,4011,-0.12408050255195291
TwoLayerCNN,validation_patch,4,fidelity,4012,-0.06028243189364635
TwoLayerCNN,validation_patch,4,fidelity,4013,-0.1128894794878158
TwoLayerCNN,validation_patch,4,fidelity,4014,-0.09566969429026773
TwoLayerCNN,validation_patch,4,fidelity,4015,-0.22098014101239105
TwoLayerCNN,validation_patch,4,fidelity,4016,-0.20640673985214608
TwoLayerCNN,validation_patch,4,fidelity,4017,0.019687574612839764
TwoLayerCNN,validation_patch,4,fidelity,4018,-0.05715888058259999
TwoLayerCNN,validation_patch,4,fidelity,4019,-0.1727297772403773
TwoLayerCNN,validation_patch,8,fidelity,4000,-0.009693691064166177
TwoLayerCNN,validation_patch,8,fidelity,4001,-0.0033306275290714282
TwoLayerCNN,validation_patch,8,fidelity,4002,0.04089380897522121
TwoLayerCNN,validation_patch,8,fidelity,4003,0.023906720329361142
TwoLayerCNN,validation_patch,8,fidelity,4004,-0.019464288035674016
TwoLayerCNN,validation_patch,8,fidelity,4005,0.025873716931866575
TwoLayerCNN,validation_patch,8,fidelity,4006,-0.013708167929282755
TwoLayerCNN,validation_patch,8,fidelity,4007,0.033013053635107426
TwoLayerCNN,validation_patch,8,fidelity,4008,0.006095778288638276
TwoLayerCNN,validation_patch,8,fidelity,4009,0.03161664889848326
TwoLayerCNN,validation_patch,8,fidelity,4010,0.019831811028659496
TwoLayerCNN,validation_patch,8,fidelity,4011,0.018699120179940243
TwoLayerCNN,validation_patch,8,fidelity,4012,0.030459366004086386
TwoLayerCNN,validation_patch,8,fidelity,4013,-0.016282086020573794
TwoLayerCNN,validation_patch,8,fidelity,4014,-0.04179668183057572
TwoLayerCNN,validation_patch,8,fidelity,4015,0.044401118358806335
TwoLayerCNN,validation_patch,8,fidelity,4016,-0.002695660206357142
TwoLayerCNN,validation_patch,8,fidelity,4017,-0.003348811722462486
TwoLayerCNN,validation_patch,8,fidelity,4018,-0.00864263096707718
TwoLayerCNN,validation_patch,8,fidelity,4019,0.043378424053464926
TinyCNN,contrast,1,cf_accuracy,4000,-0.412109375
TinyCNN,contrast,1,cf_accuracy,4001,-0.119140625
TinyCNN,contrast,1,cf_accuracy,4002,-0.130859375
TinyCNN,contrast,1,cf_accuracy,4003,-0.23828125
TinyCNN,contrast,1,cf_accuracy,4004,-0.234375
TinyCNN,contrast,1,cf_accuracy,4005,-0.11328125
TinyCNN,contrast,1,cf_accuracy,4006,-0.154296875
TinyCNN,contrast,1,cf_accuracy,4007,-0.189453125
TinyCNN,contrast,1,cf_accuracy,4008,-0.095703125
TinyCNN,contrast,1,cf_accuracy,4009,-0.349609375
TinyCNN,contrast,1,cf_accuracy,4010,-0.029296875
TinyCNN,contrast,1,cf_accuracy,4011,-0.080078125
TinyCNN,contrast,1,cf_accuracy,4012,-0.341796875
TinyCNN,contrast,1,cf_accuracy,4013,-0.322265625
TinyCNN,contrast,1,cf_accuracy,4014,-0.291015625
TinyCNN,contrast,1,cf_accuracy,4015,-0.1953125
TinyCNN,contrast,1,cf_accuracy,4016,-0.13671875
TinyCNN,contrast,1,cf_accuracy,4017,-0.1875
TinyCNN,contrast,1,cf_accuracy,4018,-0.375
TinyCNN,contrast,1,cf_accuracy,4019,-0.021484375
TinyCNN,contrast,2,cf_accuracy,4000,-0.162109375
TinyCNN,contrast,2,cf_accuracy,4001,-0.515625
TinyCNN,contrast,2,cf_accuracy,4002,-0.361328125
TinyCNN,contrast,2,cf_accuracy,4003,-0.59375
TinyCNN,contrast,2,cf_accuracy,4004,-0.109375
TinyCNN,contrast,2,cf_accuracy,4005,-0.41796875
TinyCNN,contrast,2,cf_accuracy,4006,-0.42578125
TinyCNN,contrast,2,cf_accuracy,4007,-0.271484375
TinyCNN,contrast,2,cf_accuracy,4008,-0.287109375
TinyCNN,contrast,2,cf_accuracy,4009,-0.4921875
TinyCNN,contrast,2,cf_accuracy,4010,-0.146484375
TinyCNN,contrast,2,cf_accuracy,4011,-0.4609375
TinyCNN,contrast,2,cf_accuracy,4012,-0.53515625
TinyCNN,contrast,2,cf_accuracy,4013,-0.287109375
TinyCNN,contrast,2,cf_accuracy,4014,-0.16796875
TinyCNN,contrast,2,cf_accuracy,4015,-0.494140625
TinyCNN,contrast,2,cf_accuracy,4016,-0.328125
TinyCNN,contrast,2,cf_accuracy,4017,-0.220703125
TinyCNN,contrast,2,cf_accuracy,4018,-0.712890625
TinyCNN,contrast,2,cf_accuracy,4019,-0.26171875
TinyCNN,contrast,4,cf_accuracy,4000,0.044921875
TinyCNN,contrast,4,cf_accuracy,4001,0.0703125
TinyCNN,contrast,4,cf_accuracy,4002,-0.130859375
TinyCNN,contrast,4,cf_accuracy,4003,-0.1328125
TinyCNN,contrast,4,cf_accuracy,4004,0.015625
TinyCNN,contrast,4,cf_accuracy,4005,-0.109375
TinyCNN,contrast,4,cf_accuracy,4006,0.03515625
TinyCNN,contrast,4,cf_accuracy,4007,0.0234375
TinyCNN,contrast,4,cf_accuracy,4008,-0.0390625
TinyCNN,contrast,4,cf_accuracy,4009,0.005859375
TinyCNN,contrast,4,cf_accuracy,4010,-0.01171875
TinyCNN,contrast,4,cf_accuracy,4011,0.0
TinyCNN,contrast,4,cf_accuracy,4012,-0.017578125
TinyCNN,contrast,4,cf_accuracy,4013,0.009765625
TinyCNN,contrast,4,cf_accuracy,4014,-0.033203125
TinyCNN,contrast,4,cf_accuracy,4015,-0.083984375
TinyCNN,contrast,4,cf_accuracy,4016,0.01171875
TinyCNN,contrast,4,cf_accuracy,4017,0.02734375
TinyCNN,contrast,4,cf_accuracy,4018,-0.072265625
TinyCNN,contrast,4,cf_accuracy,4019,-0.095703125
TinyCNN,contrast,8,cf_accuracy,4000,0.03125
TinyCNN,contrast,8,cf_accuracy,4001,0.0
TinyCNN,contrast,8,cf_accuracy,4002,0.01171875
TinyCNN,contrast,8,cf_accuracy,4003,0.01171875
TinyCNN,contrast,8,cf_accuracy,4004,0.025390625
TinyCNN,contrast,8,cf_accuracy,4005,0.021484375
TinyCNN,contrast,8,cf_accuracy,4006,0.021484375
TinyCNN,contrast,8,cf_accuracy,4007,0.0078125
TinyCNN,contrast,8,cf_accuracy,4008,0.017578125
TinyCNN,contrast,8,cf_accuracy,4009,0.01171875
TinyCNN,contrast,8,cf_accuracy,4010,0.01171875
TinyCNN,contrast,8,cf_accuracy,4011,0.029296875
TinyCNN,contrast,8,cf_accuracy,4012,0.0234375
TinyCNN,contrast,8,cf_accuracy,4013,0.021484375
TinyCNN,contrast,8,cf_accuracy,4014,-0.001953125
TinyCNN,contrast,8,cf_accuracy,4015,0.01171875
TinyCNN,contrast,8,cf_accuracy,4016,-0.005859375
TinyCNN,contrast,8,cf_accuracy,4017,0.001953125
TinyCNN,contrast,8,cf_accuracy,4018,0.029296875
TinyCNN,contrast,8,cf_accuracy,4019,-0.001953125
TinyCNN,auroc,1,cf_accuracy,4000,-0.02734375
TinyCNN,auroc,1,cf_accuracy,4001,-0.119140625
TinyCNN,auroc,1,cf_accuracy,4002,-0.216796875
TinyCNN,auroc,1,cf_accuracy,4003,-0.095703125
TinyCNN,auroc,1,cf_accuracy,4004,-0.431640625
TinyCNN,auroc,1,cf_accuracy,4005,-0.107421875
TinyCNN,auroc,1,cf_accuracy,4006,-0.23046875
TinyCNN,auroc,1,cf_accuracy,4007,-0.2265625
TinyCNN,auroc,1,cf_accuracy,4008,-0.07421875
TinyCNN,auroc,1,cf_accuracy,4009,-0.322265625
TinyCNN,auroc,1,cf_accuracy,4010,-0.029296875
TinyCNN,auroc,1,cf_accuracy,4011,-0.080078125
TinyCNN,auroc,1,cf_accuracy,4012,-0.341796875
TinyCNN,auroc,1,cf_accuracy,4013,-0.322265625
TinyCNN,auroc,1,cf_accuracy,4014,-0.107421875
TinyCNN,auroc,1,cf_accuracy,4015,-0.041015625
TinyCNN,auroc,1,cf_accuracy,4016,-0.095703125
TinyCNN,auroc,1,cf_accuracy,4017,-0.1875
TinyCNN,auroc,1,cf_accuracy,4018,-0.294921875
TinyCNN,auroc,1,cf_accuracy,4019,-0.041015625
TinyCNN,auroc,2,cf_accuracy,4000,-0.162109375
TinyCNN,auroc,2,cf_accuracy,4001,-0.5078125
TinyCNN,auroc,2,cf_accuracy,4002,-0.361328125
TinyCNN,auroc,2,cf_accuracy,4003,-0.65234375
TinyCNN,auroc,2,cf_accuracy,4004,-0.498046875
TinyCNN,auroc,2,cf_accuracy,4005,-0.41796875
TinyCNN,auroc,2,cf_accuracy,4006,-0.42578125
TinyCNN,auroc,2,cf_accuracy,4007,-0.322265625
TinyCNN,auroc,2,cf_accuracy,4008,-0.44140625
TinyCNN,auroc,2,cf_accuracy,4009,-0.025390625
TinyCNN,auroc,2,cf_accuracy,4010,-0.125
TinyCNN,auroc,2,cf_accuracy,4011,-0.4609375
TinyCNN,auroc,2,cf_accuracy,4012,-0.53515625
TinyCNN,auroc,2,cf_accuracy,4013,-0.228515625
TinyCNN,auroc,2,cf_accuracy,4014,-0.064453125
TinyCNN,auroc,2,cf_accuracy,4015,-0.19140625
TinyCNN,auroc,2,cf_accuracy,4016,-0.328125
TinyCNN,auroc,2,cf_accuracy,4017,-0.23828125
TinyCNN,auroc,2,cf_accuracy,4018,-0.48046875
TinyCNN,auroc,2,cf_accuracy,4019,-0.458984375
TinyCNN,auroc,4,cf_accuracy,4000,0.044921875
TinyCNN,auroc,4,cf_accuracy,4001,0.068359375
TinyCNN,auroc,4,cf_accuracy,4002,-0.109375
TinyCNN,auroc,4,cf_accuracy,4003,-0.212890625
TinyCNN,auroc,4,cf_accuracy,4004,0.015625
TinyCNN,auroc,4,cf_accuracy,4005,-0.328125
TinyCNN,auroc,4,cf_accuracy,4006,0.03515625
TinyCNN,auroc,4,cf_accuracy,4007,0.0234375
TinyCNN,auroc,4,cf_accuracy,4008,-0.0390625
TinyCNN,auroc,4,cf_accuracy,4009,0.005859375
TinyCNN,auroc,4,cf_accuracy,4010,-0.015625
TinyCNN,auroc,4,cf_accuracy,4011,0.0
TinyCNN,auroc,4,cf_accuracy,4012,-0.017578125
TinyCNN,auroc,4,cf_accuracy,4013,0.009765625
TinyCNN,auroc,4,cf_accuracy,4014,-0.033203125
TinyCNN,auroc,4,cf_accuracy,4015,-0.015625
TinyCNN,auroc,4,cf_accuracy,4016,-0.052734375
TinyCNN,auroc,4,cf_accuracy,4017,0.02734375
TinyCNN,auroc,4,cf_accuracy,4018,-0.072265625
TinyCNN,auroc,4,cf_accuracy,4019,-0.072265625
TinyCNN,auroc,8,cf_accuracy,4000,0.03125
TinyCNN,auroc,8,cf_accuracy,4001,-0.001953125
TinyCNN,auroc,8,cf_accuracy,4002,0.001953125
TinyCNN,auroc,8,cf_accuracy,4003,0.01171875
TinyCNN,auroc,8,cf_accuracy,4004,0.025390625
TinyCNN,auroc,8,cf_accuracy,4005,0.0078125
TinyCNN,auroc,8,cf_accuracy,4006,0.021484375
TinyCNN,auroc,8,cf_accuracy,4007,0.0078125
TinyCNN,auroc,8,cf_accuracy,4008,0.01171875
TinyCNN,auroc,8,cf_accuracy,4009,0.01171875
TinyCNN,auroc,8,cf_accuracy,4010,0.01171875
TinyCNN,auroc,8,cf_accuracy,4011,0.029296875
TinyCNN,auroc,8,cf_accuracy,4012,0.029296875
TinyCNN,auroc,8,cf_accuracy,4013,0.021484375
TinyCNN,auroc,8,cf_accuracy,4014,0.001953125
TinyCNN,auroc,8,cf_accuracy,4015,0.013671875
TinyCNN,auroc,8,cf_accuracy,4016,0.017578125
TinyCNN,auroc,8,cf_accuracy,4017,0.001953125
TinyCNN,auroc,8,cf_accuracy,4018,0.029296875
TinyCNN,auroc,8,cf_accuracy,4019,-0.001953125
TinyCNN,validation_patch,1,cf_accuracy,4000,-0.025390625
TinyCNN,validation_patch,1,cf_accuracy,4001,-0.1015625
TinyCNN,validation_patch,1,cf_accuracy,4002,-0.138671875
TinyCNN,validation_patch,1,cf_accuracy,4003,-0.220703125
TinyCNN,validation_patch,1,cf_accuracy,4004,-0.234375
TinyCNN,validation_patch,1,cf_accuracy,4005,-0.185546875
TinyCNN,validation_patch,1,cf_accuracy,4006,-0.23046875
TinyCNN,validation_patch,1,cf_accuracy,4007,-0.177734375
TinyCNN,validation_patch,1,cf_accuracy,4008,-0.076171875
TinyCNN,validation_patch,1,cf_accuracy,4009,-0.298828125
TinyCNN,validation_patch,1,cf_accuracy,4010,-0.119140625
TinyCNN,validation_patch,1,cf_accuracy,4011,-0.19140625
TinyCNN,validation_patch,1,cf_accuracy,4012,-0.16796875
TinyCNN,validation_patch,1,cf_accuracy,4013,-0.322265625
TinyCNN,validation_patch,1,cf_accuracy,4014,-0.291015625
TinyCNN,validation_patch,1,cf_accuracy,4015,-0.173828125
TinyCNN,validation_patch,1,cf_accuracy,4016,-0.095703125
TinyCNN,validation_patch,1,cf_accuracy,4017,-0.177734375
TinyCNN,validation_patch,1,cf_accuracy,4018,-0.294921875
TinyCNN,validation_patch,1,cf_accuracy,4019,-0.064453125
TinyCNN,validation_patch,2,cf_accuracy,4000,-0.08984375
TinyCNN,validation_patch,2,cf_accuracy,4001,-0.3203125
TinyCNN,validation_patch,2,cf_accuracy,4002,-0.248046875
TinyCNN,validation_patch,2,cf_accuracy,4003,-0.302734375
TinyCNN,validation_patch,2,cf_accuracy,4004,-0.1015625
TinyCNN,validation_patch,2,cf_accuracy,4005,-0.068359375
TinyCNN,validation_patch,2,cf_accuracy,4006,-0.33984375
TinyCNN,validation_patch,2,cf_accuracy,4007,-0.294921875
TinyCNN,validation_patch,2,cf_accuracy,4008,-0.224609375
TinyCNN,validation_patch,2,cf_accuracy,4009,-0.134765625
TinyCNN,validation_patch,2,cf_accuracy,4010,-0.05078125
TinyCNN,validation_patch,2,cf_accuracy,4011,-0.234375
TinyCNN,validation_patch,2,cf_accuracy,4012,-0.240234375
TinyCNN,validation_patch,2,cf_accuracy,4013,-0.234375
TinyCNN,validation_patch,2,cf_accuracy,4014,-0.064453125
TinyCNN,validation_patch,2,cf_accuracy,4015,-0.26171875
TinyCNN,validation_patch,2,cf_accuracy,4016,-0.158203125
TinyCNN,validation_patch,2,cf_accuracy,4017,-0.15234375
TinyCNN,validation_patch,2,cf_accuracy,4018,-0.32421875
TinyCNN,validation_patch,2,cf_accuracy,4019,-0.134765625
TinyCNN,validation_patch,4,cf_accuracy,4000,0.08203125
TinyCNN,validation_patch,4,cf_accuracy,4001,0.01171875
TinyCNN,validation_patch,4,cf_accuracy,4002,-0.162109375
TinyCNN,validation_patch,4,cf_accuracy,4003,0.017578125
TinyCNN,validation_patch,4,cf_accuracy,4004,0.013671875
TinyCNN,validation_patch,4,cf_accuracy,4005,-0.09375
TinyCNN,validation_patch,4,cf_accuracy,4006,0.009765625
TinyCNN,validation_patch,4,cf_accuracy,4007,0.0234375
TinyCNN,validation_patch,4,cf_accuracy,4008,0.03125
TinyCNN,validation_patch,4,cf_accuracy,4009,0.005859375
TinyCNN,validation_patch,4,cf_accuracy,4010,0.05859375
TinyCNN,validation_patch,4,cf_accuracy,4011,-0.037109375
TinyCNN,validation_patch,4,cf_accuracy,4012,0.001953125
TinyCNN,validation_patch,4,cf_accuracy,4013,-0.021484375
TinyCNN,validation_patch,4,cf_accuracy,4014,0.00390625
TinyCNN,validation_patch,4,cf_accuracy,4015,0.017578125
TinyCNN,validation_patch,4,cf_accuracy,4016,-0.029296875
TinyCNN,validation_patch,4,cf_accuracy,4017,0.001953125
TinyCNN,validation_patch,4,cf_accuracy,4018,-0.05078125
TinyCNN,validation_patch,4,cf_accuracy,4019,0.021484375
TinyCNN,validation_patch,8,cf_accuracy,4000,0.03125
TinyCNN,validation_patch,8,cf_accuracy,4001,0.0
TinyCNN,validation_patch,8,cf_accuracy,4002,0.013671875
TinyCNN,validation_patch,8,cf_accuracy,4003,0.013671875
TinyCNN,validation_patch,8,cf_accuracy,4004,0.017578125
TinyCNN,validation_patch,8,cf_accuracy,4005,0.013671875
TinyCNN,validation_patch,8,cf_accuracy,4006,0.029296875
TinyCNN,validation_patch,8,cf_accuracy,4007,0.009765625
TinyCNN,validation_patch,8,cf_accuracy,4008,0.015625
TinyCNN,validation_patch,8,cf_accuracy,4009,0.01171875
TinyCNN,validation_patch,8,cf_accuracy,4010,0.013671875
TinyCNN,validation_patch,8,cf_accuracy,4011,0.02734375
TinyCNN,validation_patch,8,cf_accuracy,4012,0.013671875
TinyCNN,validation_patch,8,cf_accuracy,4013,0.01953125
TinyCNN,validation_patch,8,cf_accuracy,4014,0.005859375
TinyCNN,validation_patch,8,cf_accuracy,4015,0.00390625
TinyCNN,validation_patch,8,cf_accuracy,4016,0.015625
TinyCNN,validation_patch,8,cf_accuracy,4017,0.0
TinyCNN,validation_patch,8,cf_accuracy,4018,0.025390625
TinyCNN,validation_patch,8,cf_accuracy,4019,0.013671875
TwoLayerCNN,contrast,1,cf_accuracy,4000,-0.001953125
TwoLayerCNN,contrast,1,cf_accuracy,4001,-0.005859375
TwoLayerCNN,contrast,1,cf_accuracy,4002,0.0
TwoLayerCNN,contrast,1,cf_accuracy,4003,-0.001953125
TwoLayerCNN,contrast,1,cf_accuracy,4004,-0.00390625
TwoLayerCNN,contrast,1,cf_accuracy,4005,0.001953125
TwoLayerCNN,contrast,1,cf_accuracy,4006,-0.00390625
TwoLayerCNN,contrast,1,cf_accuracy,4007,-0.009765625
TwoLayerCNN,contrast,1,cf_accuracy,4008,0.0
TwoLayerCNN,contrast,1,cf_accuracy,4009,0.00390625
TwoLayerCNN,contrast,1,cf_accuracy,4010,-0.025390625
TwoLayerCNN,contrast,1,cf_accuracy,4011,-0.001953125
TwoLayerCNN,contrast,1,cf_accuracy,4012,-0.001953125
TwoLayerCNN,contrast,1,cf_accuracy,4013,-0.01171875
TwoLayerCNN,contrast,1,cf_accuracy,4014,0.0
TwoLayerCNN,contrast,1,cf_accuracy,4015,0.00390625
TwoLayerCNN,contrast,1,cf_accuracy,4016,-0.001953125
TwoLayerCNN,contrast,1,cf_accuracy,4017,0.001953125
TwoLayerCNN,contrast,1,cf_accuracy,4018,-0.001953125
TwoLayerCNN,contrast,1,cf_accuracy,4019,-0.00390625
TwoLayerCNN,contrast,2,cf_accuracy,4000,-0.005859375
TwoLayerCNN,contrast,2,cf_accuracy,4001,-0.01171875
TwoLayerCNN,contrast,2,cf_accuracy,4002,-0.0078125
TwoLayerCNN,contrast,2,cf_accuracy,4003,-0.009765625
TwoLayerCNN,contrast,2,cf_accuracy,4004,-0.015625
TwoLayerCNN,contrast,2,cf_accuracy,4005,0.0
TwoLayerCNN,contrast,2,cf_accuracy,4006,-0.01171875
TwoLayerCNN,contrast,2,cf_accuracy,4007,0.00390625
TwoLayerCNN,contrast,2,cf_accuracy,4008,-0.001953125
TwoLayerCNN,contrast,2,cf_accuracy,4009,0.001953125
TwoLayerCNN,contrast,2,cf_accuracy,4010,-0.05078125
TwoLayerCNN,contrast,2,cf_accuracy,4011,-0.0078125
TwoLayerCNN,contrast,2,cf_accuracy,4012,-0.0234375
TwoLayerCNN,contrast,2,cf_accuracy,4013,-0.009765625
TwoLayerCNN,contrast,2,cf_accuracy,4014,0.001953125
TwoLayerCNN,contrast,2,cf_accuracy,4015,-0.01171875
TwoLayerCNN,contrast,2,cf_accuracy,4016,-0.00390625
TwoLayerCNN,contrast,2,cf_accuracy,4017,-0.009765625
TwoLayerCNN,contrast,2,cf_accuracy,4018,0.00390625
TwoLayerCNN,contrast,2,cf_accuracy,4019,-0.005859375
TwoLayerCNN,contrast,4,cf_accuracy,4000,-0.080078125
TwoLayerCNN,contrast,4,cf_accuracy,4001,-0.021484375
TwoLayerCNN,contrast,4,cf_accuracy,4002,-0.154296875
TwoLayerCNN,contrast,4,cf_accuracy,4003,-0.103515625
TwoLayerCNN,contrast,4,cf_accuracy,4004,-0.07421875
TwoLayerCNN,contrast,4,cf_accuracy,4005,0.0078125
TwoLayerCNN,contrast,4,cf_accuracy,4006,0.00390625
TwoLayerCNN,contrast,4,cf_accuracy,4007,-0.0390625
TwoLayerCNN,contrast,4,cf_accuracy,4008,-0.19140625
TwoLayerCNN,contrast,4,cf_accuracy,4009,-0.029296875
TwoLayerCNN,contrast,4,cf_accuracy,4010,-0.083984375
TwoLayerCNN,contrast,4,cf_accuracy,4011,-0.09375
TwoLayerCNN,contrast,4,cf_accuracy,4012,-0.0078125
TwoLayerCNN,contrast,4,cf_accuracy,4013,-0.013671875
TwoLayerCNN,contrast,4,cf_accuracy,4014,-0.005859375
TwoLayerCNN,contrast,4,cf_accuracy,4015,-0.068359375
TwoLayerCNN,contrast,4,cf_accuracy,4016,-0.021484375
TwoLayerCNN,contrast,4,cf_accuracy,4017,-0.1484375
TwoLayerCNN,contrast,4,cf_accuracy,4018,-0.19921875
TwoLayerCNN,contrast,4,cf_accuracy,4019,-0.017578125
TwoLayerCNN,contrast,8,cf_accuracy,4000,-0.033203125
TwoLayerCNN,contrast,8,cf_accuracy,4001,-0.009765625
TwoLayerCNN,contrast,8,cf_accuracy,4002,0.1328125
TwoLayerCNN,contrast,8,cf_accuracy,4003,0.076171875
TwoLayerCNN,contrast,8,cf_accuracy,4004,-0.1015625
TwoLayerCNN,contrast,8,cf_accuracy,4005,0.06640625
TwoLayerCNN,contrast,8,cf_accuracy,4006,-0.052734375
TwoLayerCNN,contrast,8,cf_accuracy,4007,0.125
TwoLayerCNN,contrast,8,cf_accuracy,4008,-0.111328125
TwoLayerCNN,contrast,8,cf_accuracy,4009,0.06640625
TwoLayerCNN,contrast,8,cf_accuracy,4010,-0.123046875
TwoLayerCNN,contrast,8,cf_accuracy,4011,-0.06640625
TwoLayerCNN,contrast,8,cf_accuracy,4012,0.1796875
TwoLayerCNN,contrast,8,cf_accuracy,4013,0.1640625
TwoLayerCNN,contrast,8,cf_accuracy,4014,0.09375
TwoLayerCNN,contrast,8,cf_accuracy,4015,-0.080078125
TwoLayerCNN,contrast,8,cf_accuracy,4016,-0.248046875
TwoLayerCNN,contrast,8,cf_accuracy,4017,0.130859375
TwoLayerCNN,contrast,8,cf_accuracy,4018,0.1796875
TwoLayerCNN,contrast,8,cf_accuracy,4019,0.1015625
TwoLayerCNN,auroc,1,cf_accuracy,4000,-0.001953125
TwoLayerCNN,auroc,1,cf_accuracy,4001,-0.005859375
TwoLayerCNN,auroc,1,cf_accuracy,4002,0.0
TwoLayerCNN,auroc,1,cf_accuracy,4003,-0.001953125
TwoLayerCNN,auroc,1,cf_accuracy,4004,-0.00390625
TwoLayerCNN,auroc,1,cf_accuracy,4005,0.0
TwoLayerCNN,auroc,1,cf_accuracy,4006,-0.00390625
TwoLayerCNN,auroc,1,cf_accuracy,4007,-0.001953125
TwoLayerCNN,auroc,1,cf_accuracy,4008,0.0
TwoLayerCNN,auroc,1,cf_accuracy,4009,0.00390625
TwoLayerCNN,auroc,1,cf_accuracy,4010,-0.025390625
TwoLayerCNN,auroc,1,cf_accuracy,4011,-0.005859375
TwoLayerCNN,auroc,1,cf_accuracy,4012,-0.001953125
TwoLayerCNN,auroc,1,cf_accuracy,4013,-0.001953125
TwoLayerCNN,auroc,1,cf_accuracy,4014,0.0
TwoLayerCNN,auroc,1,cf_accuracy,4015,0.0
TwoLayerCNN,auroc,1,cf_accuracy,4016,-0.005859375
TwoLayerCNN,auroc,1,cf_accuracy,4017,0.001953125
TwoLayerCNN,auroc,1,cf_accuracy,4018,-0.00390625
TwoLayerCNN,auroc,1,cf_accuracy,4019,-0.00390625
TwoLayerCNN,auroc,2,cf_accuracy,4000,-0.005859375
TwoLayerCNN,auroc,2,cf_accuracy,4001,-0.015625
TwoLayerCNN,auroc,2,cf_accuracy,4002,-0.0078125
TwoLayerCNN,auroc,2,cf_accuracy,4003,-0.009765625
TwoLayerCNN,auroc,2,cf_accuracy,4004,-0.015625
TwoLayerCNN,auroc,2,cf_accuracy,4005,-0.001953125
TwoLayerCNN,auroc,2,cf_accuracy,4006,0.0
TwoLayerCNN,auroc,2,cf_accuracy,4007,0.00390625
TwoLayerCNN,auroc,2,cf_accuracy,4008,-0.001953125
TwoLayerCNN,auroc,2,cf_accuracy,4009,0.001953125
TwoLayerCNN,auroc,2,cf_accuracy,4010,-0.05078125
TwoLayerCNN,auroc,2,cf_accuracy,4011,-0.029296875
TwoLayerCNN,auroc,2,cf_accuracy,4012,-0.0234375
TwoLayerCNN,auroc,2,cf_accuracy,4013,-0.009765625
TwoLayerCNN,auroc,2,cf_accuracy,4014,0.0
TwoLayerCNN,auroc,2,cf_accuracy,4015,-0.013671875
TwoLayerCNN,auroc,2,cf_accuracy,4016,-0.00390625
TwoLayerCNN,auroc,2,cf_accuracy,4017,-0.009765625
TwoLayerCNN,auroc,2,cf_accuracy,4018,-0.00390625
TwoLayerCNN,auroc,2,cf_accuracy,4019,-0.005859375
TwoLayerCNN,auroc,4,cf_accuracy,4000,-0.02734375
TwoLayerCNN,auroc,4,cf_accuracy,4001,-0.103515625
TwoLayerCNN,auroc,4,cf_accuracy,4002,-0.064453125
TwoLayerCNN,auroc,4,cf_accuracy,4003,-0.1171875
TwoLayerCNN,auroc,4,cf_accuracy,4004,-0.07421875
TwoLayerCNN,auroc,4,cf_accuracy,4005,0.01171875
TwoLayerCNN,auroc,4,cf_accuracy,4006,-0.001953125
TwoLayerCNN,auroc,4,cf_accuracy,4007,-0.03125
TwoLayerCNN,auroc,4,cf_accuracy,4008,-0.19140625
TwoLayerCNN,auroc,4,cf_accuracy,4009,-0.03515625
TwoLayerCNN,auroc,4,cf_accuracy,4010,-0.115234375
TwoLayerCNN,auroc,4,cf_accuracy,4011,-0.09375
TwoLayerCNN,auroc,4,cf_accuracy,4012,-0.009765625
TwoLayerCNN,auroc,4,cf_accuracy,4013,-0.01953125
TwoLayerCNN,auroc,4,cf_accuracy,4014,-0.005859375
TwoLayerCNN,auroc,4,cf_accuracy,4015,-0.068359375
TwoLayerCNN,auroc,4,cf_accuracy,4016,-0.015625
TwoLayerCNN,auroc,4,cf_accuracy,4017,-0.09375
TwoLayerCNN,auroc,4,cf_accuracy,4018,-0.197265625
TwoLayerCNN,auroc,4,cf_accuracy,4019,-0.017578125
TwoLayerCNN,auroc,8,cf_accuracy,4000,-0.06640625
TwoLayerCNN,auroc,8,cf_accuracy,4001,0.220703125
TwoLayerCNN,auroc,8,cf_accuracy,4002,0.16015625
TwoLayerCNN,auroc,8,cf_accuracy,4003,0.158203125
TwoLayerCNN,auroc,8,cf_accuracy,4004,0.052734375
TwoLayerCNN,auroc,8,cf_accuracy,4005,0.025390625
TwoLayerCNN,auroc,8,cf_accuracy,4006,-0.04296875
TwoLayerCNN,auroc,8,cf_accuracy,4007,0.125
TwoLayerCNN,auroc,8,cf_accuracy,4008,-0.111328125
TwoLayerCNN,auroc,8,cf_accuracy,4009,0.060546875
TwoLayerCNN,auroc,8,cf_accuracy,4010,-0.14453125
TwoLayerCNN,auroc,8,cf_accuracy,4011,-0.134765625
TwoLayerCNN,auroc,8,cf_accuracy,4012,0.15625
TwoLayerCNN,auroc,8,cf_accuracy,4013,0.1640625
TwoLayerCNN,auroc,8,cf_accuracy,4014,0.09375
TwoLayerCNN,auroc,8,cf_accuracy,4015,-0.080078125
TwoLayerCNN,auroc,8,cf_accuracy,4016,-0.115234375
TwoLayerCNN,auroc,8,cf_accuracy,4017,0.1328125
TwoLayerCNN,auroc,8,cf_accuracy,4018,0.15625
TwoLayerCNN,auroc,8,cf_accuracy,4019,-0.03125
TwoLayerCNN,validation_patch,1,cf_accuracy,4000,-0.0078125
TwoLayerCNN,validation_patch,1,cf_accuracy,4001,-0.017578125
TwoLayerCNN,validation_patch,1,cf_accuracy,4002,-0.01171875
TwoLayerCNN,validation_patch,1,cf_accuracy,4003,0.00390625
TwoLayerCNN,validation_patch,1,cf_accuracy,4004,-0.0078125
TwoLayerCNN,validation_patch,1,cf_accuracy,4005,0.0
TwoLayerCNN,validation_patch,1,cf_accuracy,4006,-0.017578125
TwoLayerCNN,validation_patch,1,cf_accuracy,4007,-0.005859375
TwoLayerCNN,validation_patch,1,cf_accuracy,4008,-0.005859375
TwoLayerCNN,validation_patch,1,cf_accuracy,4009,0.046875
TwoLayerCNN,validation_patch,1,cf_accuracy,4010,-0.02734375
TwoLayerCNN,validation_patch,1,cf_accuracy,4011,-0.001953125
TwoLayerCNN,validation_patch,1,cf_accuracy,4012,-0.00390625
TwoLayerCNN,validation_patch,1,cf_accuracy,4013,-0.0234375
TwoLayerCNN,validation_patch,1,cf_accuracy,4014,0.0
TwoLayerCNN,validation_patch,1,cf_accuracy,4015,-0.001953125
TwoLayerCNN,validation_patch,1,cf_accuracy,4016,0.001953125
TwoLayerCNN,validation_patch,1,cf_accuracy,4017,0.001953125
TwoLayerCNN,validation_patch,1,cf_accuracy,4018,-0.001953125
TwoLayerCNN,validation_patch,1,cf_accuracy,4019,-0.001953125
TwoLayerCNN,validation_patch,2,cf_accuracy,4000,-0.01171875
TwoLayerCNN,validation_patch,2,cf_accuracy,4001,-0.1328125
TwoLayerCNN,validation_patch,2,cf_accuracy,4002,-0.033203125
TwoLayerCNN,validation_patch,2,cf_accuracy,4003,-0.00390625
TwoLayerCNN,validation_patch,2,cf_accuracy,4004,-0.041015625
TwoLayerCNN,validation_patch,2,cf_accuracy,4005,-0.001953125
TwoLayerCNN,validation_patch,2,cf_accuracy,4006,-0.046875
TwoLayerCNN,validation_patch,2,cf_accuracy,4007,-0.01953125
TwoLayerCNN,validation_patch,2,cf_accuracy,4008,-0.06640625
TwoLayerCNN,validation_patch,2,cf_accuracy,4009,0.12109375
TwoLayerCNN,validation_patch,2,cf_accuracy,4010,-0.16015625
TwoLayerCNN,validation_patch,2,cf_accuracy,4011,-0.02734375
TwoLayerCNN,validation_patch,2,cf_accuracy,4012,0.001953125
TwoLayerCNN,validation_patch,2,cf_accuracy,4013,-0.03125
TwoLayerCNN,validation_patch,2,cf_accuracy,4014,-0.02734375
TwoLayerCNN,validation_patch,2,cf_accuracy,4015,-0.01953125
TwoLayerCNN,validation_patch,2,cf_accuracy,4016,0.015625
TwoLayerCNN,validation_patch,2,cf_accuracy,4017,-0.033203125
TwoLayerCNN,validation_patch,2,cf_accuracy,4018,-0.013671875
TwoLayerCNN,validation_patch,2,cf_accuracy,4019,-0.03125
TwoLayerCNN,validation_patch,4,cf_accuracy,4000,0.037109375
TwoLayerCNN,validation_patch,4,cf_accuracy,4001,-0.11328125
TwoLayerCNN,validation_patch,4,cf_accuracy,4002,-0.05078125
TwoLayerCNN,validation_patch,4,cf_accuracy,4003,0.107421875
TwoLayerCNN,validation_patch,4,cf_accuracy,4004,-0.2421875
TwoLayerCNN,validation_patch,4,cf_accuracy,4005,-0.1015625
TwoLayerCNN,validation_patch,4,cf_accuracy,4006,0.056640625
TwoLayerCNN,validation_patch,4,cf_accuracy,4007,-0.009765625
TwoLayerCNN,validation_patch,4,cf_accuracy,4008,-0.169921875
TwoLayerCNN,validation_patch,4,cf_accuracy,4009,0.314453125
TwoLayerCNN,validation_patch,4,cf_accuracy,4010,-0.154296875
TwoLayerCNN,validation_patch,4,cf_accuracy,4011,-0.087890625
TwoLayerCNN,validation_patch,4,cf_accuracy,4012,-0.0390625
TwoLayerCNN,validation_patch,4,cf_accuracy,4013,-0.083984375
TwoLayerCNN,validation_patch,4,cf_accuracy,4014,-0.037109375
TwoLayerCNN,validation_patch,4,cf_accuracy,4015,-0.224609375
TwoLayerCNN,validation_patch,4,cf_accuracy,4016,-0.1953125
TwoLayerCNN,validation_patch,4,cf_accuracy,4017,0.0625
TwoLayerCNN,validation_patch,4,cf_accuracy,4018,0.01171875
TwoLayerCNN,validation_patch,4,cf_accuracy,4019,-0.087890625
TwoLayerCNN,validation_patch,8,cf_accuracy,4000,-0.0234375
TwoLayerCNN,validation_patch,8,cf_accuracy,4001,0.00390625
TwoLayerCNN,validation_patch,8,cf_accuracy,4002,0.0625
TwoLayerCNN,validation_patch,8,cf_accuracy,4003,0.056640625
TwoLayerCNN,validation_patch,8,cf_accuracy,4004,-0.021484375
TwoLayerCNN,validation_patch,8,cf_accuracy,4005,0.05078125
TwoLayerCNN,validation_patch,8,cf_accuracy,4006,0.001953125
TwoLayerCNN,validation_patch,8,cf_accuracy,4007,0.048828125
TwoLayerCNN,validation_patch,8,cf_accuracy,4008,0.021484375
TwoLayerCNN,validation_patch,8,cf_accuracy,4009,0.048828125
TwoLayerCNN,validation_patch,8,cf_accuracy,4010,0.025390625
TwoLayerCNN,validation_patch,8,cf_accuracy,4011,0.033203125
TwoLayerCNN,validation_patch,8,cf_accuracy,4012,0.041015625
TwoLayerCNN,validation_patch,8,cf_accuracy,4013,-0.025390625
TwoLayerCNN,validation_patch,8,cf_accuracy,4014,-0.052734375
TwoLayerCNN,validation_patch,8,cf_accuracy,4015,0.060546875
TwoLayerCNN,validation_patch,8,cf_accuracy,4016,-0.0078125
TwoLayerCNN,validation_patch,8,cf_accuracy,4017,-0.01171875
TwoLayerCNN,validation_patch,8,cf_accuracy,4018,-0.017578125
TwoLayerCNN,validation_patch,8,cf_accuracy,4019,0.07421875
TinyCNN,contrast,1,causal_usefulness,4000,-0.49371310710638044
TinyCNN,contrast,1,causal_usefulness,4001,-0.3301517199938857
TinyCNN,contrast,1,causal_usefulness,4002,-0.26244048673785264
TinyCNN,contrast,1,causal_usefulness,4003,-0.4659554487888495
TinyCNN,contrast,1,causal_usefulness,4004,-0.21875278189443442
TinyCNN,contrast,1,causal_usefulness,4005,-0.17791578136438538
TinyCNN,contrast,1,causal_usefulness,4006,-0.23416257837102677
TinyCNN,contrast,1,causal_usefulness,4007,-0.2996823417203592
TinyCNN,contrast,1,causal_usefulness,4008,-0.26683284442279576
TinyCNN,contrast,1,causal_usefulness,4009,-0.4360262910644126
TinyCNN,contrast,1,causal_usefulness,4010,-0.09540952757601358
TinyCNN,contrast,1,causal_usefulness,4011,-0.20629308270075067
TinyCNN,contrast,1,causal_usefulness,4012,-0.45186967544865786
TinyCNN,contrast,1,causal_usefulness,4013,-0.274875048667372
TinyCNN,contrast,1,causal_usefulness,4014,-0.26677177181951717
TinyCNN,contrast,1,causal_usefulness,4015,-0.3728806752684406
TinyCNN,contrast,1,causal_usefulness,4016,-0.26378849137231225
TinyCNN,contrast,1,causal_usefulness,4017,-0.3089468722967742
TinyCNN,contrast,1,causal_usefulness,4018,-0.4969018899211809
TinyCNN,contrast,1,causal_usefulness,4019,-0.08486853394238475
TinyCNN,contrast,2,causal_usefulness,4000,-0.1843446099226081
TinyCNN,contrast,2,causal_usefulness,4001,-0.4023829379700767
TinyCNN,contrast,2,causal_usefulness,4002,-0.24017877396635323
TinyCNN,contrast,2,causal_usefulness,4003,-0.5164089287016027
TinyCNN,contrast,2,causal_usefulness,4004,-0.024111736408585438
TinyCNN,contrast,2,causal_usefulness,4005,-0.37449224172782236
TinyCNN,contrast,2,causal_usefulness,4006,-0.2339722449928946
TinyCNN,contrast,2,causal_usefulness,4007,-0.09787365461631004
TinyCNN,contrast,2,causal_usefulness,4008,-0.10336450773640793
TinyCNN,contrast,2,causal_usefulness,4009,-0.364677932647136
TinyCNN,contrast,2,causal_usefulness,4010,-0.0938459628940912
TinyCNN,contrast,2,causal_usefulness,4011,-0.3712387462821889
TinyCNN,contrast,2,causal_usefulness,4012,-0.37388608105876886
TinyCNN,contrast,2,causal_usefulness,4013,-0.12900306765690828
TinyCNN,contrast,2,causal_usefulness,4014,-0.07932129206766658
TinyCNN,contrast,2,causal_usefulness,4015,-0.33286426852303086
TinyCNN,contrast,2,causal_usefulness,4016,-0.21669281106843824
TinyCNN,contrast,2,causal_usefulness,4017,-0.11489734289870218
TinyCNN,contrast,2,causal_usefulness,4018,-0.5587481482665443
TinyCNN,contrast,2,causal_usefulness,4019,-0.1829561109260892
TinyCNN,contrast,4,causal_usefulness,4000,0.07701290742107758
TinyCNN,contrast,4,causal_usefulness,4001,0.18315548547463334
TinyCNN,contrast,4,causal_usefulness,4002,0.04835968621745912
TinyCNN,contrast,4,causal_usefulness,4003,0.015359347594488981
TinyCNN,contrast,4,causal_usefulness,4004,0.07411908590451399
TinyCNN,contrast,4,causal_usefulness,4005,-0.031015798906153025
TinyCNN,contrast,4,causal_usefulness,4006,0.09777457844616988
TinyCNN,contrast,4,causal_usefulness,4007,0.16249441722211044
TinyCNN,contrast,4,causal_usefulness,4008,0.14384829297739543
TinyCNN,contrast,4,causal_usefulness,4009,0.0878471515683864
TinyCNN,contrast,4,causal_usefulness,4010,0.10340637874974679
TinyCNN,contrast,4,causal_usefulness,4011,0.09575179957948965
TinyCNN,contrast,4,causal_usefulness,4012,0.12038151426014676
TinyCNN,contrast,4,causal_usefulness,4013,0.08891609664440825
TinyCNN,contrast,4,causal_usefulness,4014,0.09185988522224764
TinyCNN,contrast,4,causal_usefulness,4015,0.09544424581588573
TinyCNN,contrast,4,causal_usefulness,4016,0.10380372993705733
TinyCNN,contrast,4,causal_usefulness,4017,0.13298823937548332
TinyCNN,contrast,4,causal_usefulness,4018,0.05810744610834029
TinyCNN,contrast,4,causal_usefulness,4019,0.005370910367056614
TinyCNN,contrast,8,causal_usefulness,4000,0.04362393482382576
TinyCNN,contrast,8,causal_usefulness,4001,0.07264334586425991
TinyCNN,contrast,8,causal_usefulness,4002,0.013008816331399276
TinyCNN,contrast,8,causal_usefulness,4003,0.008164485140756517
TinyCNN,contrast,8,causal_usefulness,4004,0.06732430083541519
TinyCNN,contrast,8,causal_usefulness,4005,0.030708164372965308
TinyCNN,contrast,8,causal_usefulness,4006,0.04210397499288099
TinyCNN,contrast,8,causal_usefulness,4007,0.049947557693446165
TinyCNN,contrast,8,causal_usefulness,4008,0.08873674645637719
TinyCNN,contrast,8,causal_usefulness,4009,0.04654524677696248
TinyCNN,contrast,8,causal_usefulness,4010,0.06282864467797589
TinyCNN,contrast,8,causal_usefulness,4011,0.029794834612519083
TinyCNN,contrast,8,causal_usefulness,4012,0.026521231393016764
TinyCNN,contrast,8,causal_usefulness,4013,0.04527267287444092
TinyCNN,contrast,8,causal_usefulness,4014,0.07297209466277044
TinyCNN,contrast,8,causal_usefulness,4015,0.07956800650731222
TinyCNN,contrast,8,causal_usefulness,4016,0.0005628137912019326
TinyCNN,contrast,8,causal_usefulness,4017,0.036801801298104064
TinyCNN,contrast,8,causal_usefulness,4018,0.005319985220706203
TinyCNN,contrast,8,causal_usefulness,4019,-0.005116735492726954
TinyCNN,auroc,1,causal_usefulness,4000,-0.09121277611096629
TinyCNN,auroc,1,causal_usefulness,4001,-0.3301517199938857
TinyCNN,auroc,1,causal_usefulness,4002,-0.393548044836088
TinyCNN,auroc,1,causal_usefulness,4003,-0.24803674129085534
TinyCNN,auroc,1,causal_usefulness,4004,-0.4559063039223092
TinyCNN,auroc,1,causal_usefulness,4005,-0.1520501596408588
TinyCNN,auroc,1,causal_usefulness,4006,-0.3633193671140043
TinyCNN,auroc,1,causal_usefulness,4007,-0.42003917050238176
TinyCNN,auroc,1,causal_usefulness,4008,-0.2071606222704145
TinyCNN,auroc,1,causal_usefulness,4009,-0.3756432512964919
TinyCNN,auroc,1,causal_usefulness,4010,-0.09540952757601358
TinyCNN,auroc,1,causal_usefulness,4011,-0.20629308270075067
TinyCNN,auroc,1,causal_usefulness,4012,-0.45186967544865786
TinyCNN,auroc,1,causal_usefulness,4013,-0.274875048667372
TinyCNN,auroc,1,causal_usefulness,4014,-0.09471677007862694
TinyCNN,auroc,1,causal_usefulness,4015,-0.14914312331583424
TinyCNN,auroc,1,causal_usefulness,4016,-0.13909024868436043
TinyCNN,auroc,1,causal_usefulness,4017,-0.3089468722967742
TinyCNN,auroc,1,causal_usefulness,4018,-0.32671329492761625
TinyCNN,auroc,1,causal_usefulness,4019,-0.08534989759675794
TinyCNN,auroc,2,causal_usefulness,4000,-0.1843446099226081
TinyCNN,auroc,2,causal_usefulness,4001,-0.3927574834074475
TinyCNN,auroc,2,causal_usefulness,4002,-0.24017877396635323
TinyCNN,auroc,2,causal_usefulness,4003,-0.5605405466489413
TinyCNN,auroc,2,causal_usefulness,4004,-0.3195491006890553
TinyCNN,auroc,2,causal_usefulness,4005,-0.37449224172782236
TinyCNN,auroc,2,causal_usefulness,4006,-0.2339722449928946
TinyCNN,auroc,2,causal_usefulness,4007,-0.11400574415086684
TinyCNN,auroc,2,causal_usefulness,4008,-0.39697829201401613
TinyCNN,auroc,2,causal_usefulness,4009,-0.0060512814882873744
TinyCNN,auroc,2,causal_usefulness,4010,-0.056574451382992885
TinyCNN,auroc,2,causal_usefulness,4011,-0.3712387462821889
TinyCNN,auroc,2,causal_usefulness,4012,-0.37388608105876886
TinyCNN,auroc,2,causal_usefulness,4013,-0.08087241886751073
TinyCNN,auroc,2,causal_usefulness,4014,-0.0027932184072644306
TinyCNN,auroc,2,causal_usefulness,4015,-0.1102664954776491
TinyCNN,auroc,2,causal_usefulness,4016,-0.21669281106843824
TinyCNN,auroc,2,causal_usefulness,4017,-0.13743592484457928
TinyCNN,auroc,2,causal_usefulness,4018,-0.29347462891218523
TinyCNN,auroc,2,causal_usefulness,4019,-0.3686387232644018
TinyCNN,auroc,4,causal_usefulness,4000,0.07701290742107758
TinyCNN,auroc,4,causal_usefulness,4001,0.1834155018859942
TinyCNN,auroc,4,causal_usefulness,4002,0.05420243394562385
TinyCNN,auroc,4,causal_usefulness,4003,-0.049620462516668296
TinyCNN,auroc,4,causal_usefulness,4004,0.07411908590451399
TinyCNN,auroc,4,causal_usefulness,4005,-0.21047042554987588
TinyCNN,auroc,4,causal_usefulness,4006,0.09777457844616988
TinyCNN,auroc,4,causal_usefulness,4007,0.16249441722211044
TinyCNN,auroc,4,causal_usefulness,4008,0.14384829297739543
TinyCNN,auroc,4,causal_usefulness,4009,0.0878471515683864
TinyCNN,auroc,4,causal_usefulness,4010,0.09683394977443438
TinyCNN,auroc,4,causal_usefulness,4011,0.09575179957948965
TinyCNN,auroc,4,causal_usefulness,4012,0.12038151426014676
TinyCNN,auroc,4,causal_usefulness,4013,0.08891609664440825
TinyCNN,auroc,4,causal_usefulness,4014,0.09185988522224764
TinyCNN,auroc,4,causal_usefulness,4015,0.13154137398331367
TinyCNN,auroc,4,causal_usefulness,4016,0.0754211721491519
TinyCNN,auroc,4,causal_usefulness,4017,0.13298823937548332
TinyCNN,auroc,4,causal_usefulness,4018,0.05810744610834029
TinyCNN,auroc,4,causal_usefulness,4019,0.02176002058869908
TinyCNN,auroc,8,causal_usefulness,4000,0.04362393482382576
TinyCNN,auroc,8,causal_usefulness,4001,0.07312477638312076
TinyCNN,auroc,8,causal_usefulness,4002,0.0014377824330980005
TinyCNN,auroc,8,causal_usefulness,4003,0.008164485140756517
TinyCNN,auroc,8,causal_usefulness,4004,0.06732430083541519
TinyCNN,auroc,8,causal_usefulness,4005,0.016300024380201616
TinyCNN,auroc,8,causal_usefulness,4006,0.04210397499288099
TinyCNN,auroc,8,causal_usefulness,4007,0.049947557693446165
TinyCNN,auroc,8,causal_usefulness,4008,0.08575444137069388
TinyCNN,auroc,8,causal_usefulness,4009,0.04654524677696248
TinyCNN,auroc,8,causal_usefulness,4010,0.058949216593569
TinyCNN,auroc,8,causal_usefulness,4011,0.029794834612519083
TinyCNN,auroc,8,causal_usefulness,4012,0.025732007133736245
TinyCNN,auroc,8,causal_usefulness,4013,0.04523946423294256
TinyCNN,auroc,8,causal_usefulness,4014,0.0748773114625495
TinyCNN,auroc,8,causal_usefulness,4015,0.08098715570435255
TinyCNN,auroc,8,causal_usefulness,4016,0.017123327316357795
TinyCNN,auroc,8,causal_usefulness,4017,0.036801801298104064
TinyCNN,auroc,8,causal_usefulness,4018,0.005319985220706203
TinyCNN,auroc,8,causal_usefulness,4019,-0.0051148057954887305
TinyCNN,validation_patch,1,causal_usefulness,4000,-0.10224848661804209
TinyCNN,validation_patch,1,causal_usefulness,4001,-0.24413550700116893
TinyCNN,validation_patch,1,causal_usefulness,4002,-0.24817506460635413
TinyCNN,validation_patch,1,causal_usefulness,4003,-0.3573084782821951
TinyCNN,validation_patch,1,causal_usefulness,4004,-0.21875278189443442
TinyCNN,validation_patch,1,causal_usefulness,4005,-0.24177611828456327
TinyCNN,validation_patch,1,causal_usefulness,4006,-0.3360476761422649
TinyCNN,validation_patch,1,causal_usefulness,4007,-0.27718253403889864
TinyCNN,validation_patch,1,causal_usefulness,4008,-0.20068485151686952
TinyCNN,validation_patch,1,causal_usefulness,4009,-0.2899391248944947
TinyCNN,validation_patch,1,causal_usefulness,4010,-0.21946619896230773
TinyCNN,validation_patch,1,causal_usefulness,4011,-0.239490867172549
TinyCNN,validation_patch,1,causal_usefulness,4012,-0.18048430851396924
TinyCNN,validation_patch,1,causal_usefulness,4013,-0.274875048667372
TinyCNN,validation_patch,1,causal_usefulness,4014,-0.26677177181951717
TinyCNN,validation_patch,1,causal_usefulness,4015,-0.28239909478308667
TinyCNN,validation_patch,1,causal_usefulness,4016,-0.14326115817818746
TinyCNN,validation_patch,1,causal_usefulness,4017,-0.24244022667799903
TinyCNN,validation_patch,1,causal_usefulness,4018,-0.32671329492761625
TinyCNN,validation_patch,1,causal_usefulness,4019,-0.10988764229257869
TinyCNN,validation_patch,2,causal_usefulness,4000,-0.03417422939575254
TinyCNN,validation_patch,2,causal_usefulness,4001,-0.19405541523293418
TinyCNN,validation_patch,2,causal_usefulness,4002,-0.1784346771413461
TinyCNN,validation_patch,2,causal_usefulness,4003,-0.14731181456923848
TinyCNN,validation_patch,2,causal_usefulness,4004,-0.019415853795955895
TinyCNN,validation_patch,2,causal_usefulness,4005,-0.12311668733573433
TinyCNN,validation_patch,2,causal_usefulness,4006,-0.17892171133285306
TinyCNN,validation_patch,2,causal_usefulness,4007,-0.09412709668284536
TinyCNN,validation_patch,2,causal_usefulness,4008,-0.08673156512983449
TinyCNN,validation_patch,2,causal_usefulness,4009,-0.05621834332620157
TinyCNN,validation_patch,2,causal_usefulness,4010,-0.004978444711843721
TinyCNN,validation_patch,2,causal_usefulness,4011,-0.1412947398723221
TinyCNN,validation_patch,2,causal_usefulness,4012,-0.05425421421178167
TinyCNN,validation_patch,2,causal_usefulness,4013,-0.08478743181931359
TinyCNN,validation_patch,2,causal_usefulness,4014,-0.0027932184072644306
TinyCNN,validation_patch,2,causal_usefulness,4015,-0.1053722535093713
TinyCNN,validation_patch,2,causal_usefulness,4016,-0.10396381809856897
TinyCNN,validation_patch,2,causal_usefulness,4017,-0.03841467056909409
TinyCNN,validation_patch,2,causal_usefulness,4018,-0.13753256945403947
TinyCNN,validation_patch,2,causal_usefulness,4019,-0.04238162229785292
TinyCNN,validation_patch,4,causal_usefulness,4000,0.09734089144970692
TinyCNN,validation_patch,4,causal_usefulness,4001,0.16355815322751632
TinyCNN,validation_patch,4,causal_usefulness,4002,0.03395722289577929
TinyCNN,validation_patch,4,causal_usefulness,4003,0.12185624808189532
TinyCNN,validation_patch,4,causal_usefulness,4004,0.07522314390570417
TinyCNN,validation_patch,4,causal_usefulness,4005,0.024739225248426422
TinyCNN,validation_patch,4,causal_usefulness,4006,0.08911132840072145
TinyCNN,validation_patch,4,causal_usefulness,4007,0.16249441722211044
TinyCNN,validation_patch,4,causal_usefulness,4008,0.1825078830794269
TinyCNN,validation_patch,4,causal_usefulness,4009,0.0878471515683864
TinyCNN,validation_patch,4,causal_usefulness,4010,0.14784669094173575
TinyCNN,validation_patch,4,causal_usefulness,4011,0.07842328969768342
TinyCNN,validation_patch,4,causal_usefulness,4012,0.11478911801610625
TinyCNN,validation_patch,4,causal_usefulness,4013,0.06682177059296357
TinyCNN,validation_patch,4,causal_usefulness,4014,0.11105042795790243
TinyCNN,validation_patch,4,causal_usefulness,4015,0.15956530117584955
TinyCNN,validation_patch,4,causal_usefulness,4016,0.10423394497488614
TinyCNN,validation_patch,4,causal_usefulness,4017,0.11767763248336693
TinyCNN,validation_patch,4,causal_usefulness,4018,0.08035741537883723
TinyCNN,validation_patch,4,causal_usefulness,4019,0.07462816426630381
TinyCNN,validation_patch,8,causal_usefulness,4000,0.049082715647776665
TinyCNN,validation_patch,8,causal_usefulness,4001,0.07434476458833517
TinyCNN,validation_patch,8,causal_usefulness,4002,0.013221380676895933
TinyCNN,validation_patch,8,causal_usefulness,4003,0.007960990867153961
TinyCNN,validation_patch,8,causal_usefulness,4004,0.05852919986933114
TinyCNN,validation_patch,8,causal_usefulness,4005,0.019213410633595274
TinyCNN,validation_patch,8,causal_usefulness,4006,0.044723794209118095
TinyCNN,validation_patch,8,causal_usefulness,4007,0.04773486436416707
TinyCNN,validation_patch,8,causal_usefulness,4008,0.08722803376402599
TinyCNN,validation_patch,8,causal_usefulness,4009,0.0455652564196527
TinyCNN,validation_patch,8,causal_usefulness,4010,0.06494175942714553
TinyCNN,validation_patch,8,causal_usefulness,4011,0.029250812818990113
TinyCNN,validation_patch,8,causal_usefulness,4012,0.023931612588457774
TinyCNN,validation_patch,8,causal_usefulness,4013,0.04675582740228457
TinyCNN,validation_patch,8,causal_usefulness,4014,0.07702156467413679
TinyCNN,validation_patch,8,causal_usefulness,4015,0.07260186238888111
TinyCNN,validation_patch,8,causal_usefulness,4016,0.017590671010937475
TinyCNN,validation_patch,8,causal_usefulness,4017,0.03654307993592809
TinyCNN,validation_patch,8,causal_usefulness,4018,0.006816220311261834
TinyCNN,validation_patch,8,causal_usefulness,4019,0.009293114756455112
TwoLayerCNN,contrast,1,causal_usefulness,4000,0.003634788778379583
TwoLayerCNN,contrast,1,causal_usefulness,4001,0.010043615591240312
TwoLayerCNN,contrast,1,causal_usefulness,4002,-0.005284311015219742
TwoLayerCNN,contrast,1,causal_usefulness,4003,-0.010246523544120117
TwoLayerCNN,contrast,1,causal_usefulness,4004,0.0034497484618392776
TwoLayerCNN,contrast,1,causal_usefulness,4005,-0.0007820284448079862
TwoLayerCNN,contrast,1,causal_usefulness,4006,0.009974613120627487
TwoLayerCNN,contrast,1,causal_usefulness,4007,-0.017980637708620725
TwoLayerCNN,contrast,1,causal_usefulness,4008,0.006654564262657009
TwoLayerCNN,contrast,1,causal_usefulness,4009,0.0005613034580618376
TwoLayerCNN,contrast,1,causal_usefulness,4010,-0.08029435576782783
TwoLayerCNN,contrast,1,causal_usefulness,4011,0.006686127542546633
TwoLayerCNN,contrast,1,causal_usefulness,4012,0.0004795502582376765
TwoLayerCNN,contrast,1,causal_usefulness,4013,0.0025994071513646827
TwoLayerCNN,contrast,1,causal_usefulness,4014,0.0045896580579907476
TwoLayerCNN,contrast,1,causal_usefulness,4015,0.006340767038078246
TwoLayerCNN,contrast,1,causal_usefulness,4016,0.007774800161592849
TwoLayerCNN,contrast,1,causal_usefulness,4017,0.006735527030086785
TwoLayerCNN,contrast,1,causal_usefulness,4018,-0.0007264001673293746
TwoLayerCNN,contrast,1,causal_usefulness,4019,-0.005091788616571891
TwoLayerCNN,contrast,2,causal_usefulness,4000,-0.01670090994843207
TwoLayerCNN,contrast,2,causal_usefulness,4001,0.027047184543710648
TwoLayerCNN,contrast,2,causal_usefulness,4002,-0.019691723610716666
TwoLayerCNN,contrast,2,causal_usefulness,4003,-0.013858313050913451
TwoLayerCNN,contrast,2,causal_usefulness,4004,-0.02620065166544215
TwoLayerCNN,contrast,2,causal_usefulness,4005,-0.005279313451565265
TwoLayerCNN,contrast,2,causal_usefulness,4006,-0.011732553008976243
TwoLayerCNN,contrast,2,causal_usefulness,4007,-0.015308650632266357
TwoLayerCNN,contrast,2,causal_usefulness,4008,0.005686338735363172
TwoLayerCNN,contrast,2,causal_usefulness,4009,0.008204955219364957
TwoLayerCNN,contrast,2,causal_usefulness,4010,-0.09554188710286382
TwoLayerCNN,contrast,2,causal_usefulness,4011,-0.018119640552897193
TwoLayerCNN,contrast,2,causal_usefulness,4012,-0.031074057441978845
TwoLayerCNN,contrast,2,causal_usefulness,4013,-0.006081790467630313
TwoLayerCNN,contrast,2,causal_usefulness,4014,0.013247251117811554
TwoLayerCNN,contrast,2,causal_usefulness,4015,-0.017692336717059026
TwoLayerCNN,contrast,2,causal_usefulness,4016,0.03129046526449093
TwoLayerCNN,contrast,2,causal_usefulness,4017,-0.025357472157767888
TwoLayerCNN,contrast,2,causal_usefulness,4018,-0.02684432854828403
TwoLayerCNN,contrast,2,causal_usefulness,4019,-0.002461500328258065
TwoLayerCNN,contrast,4,causal_usefulness,4000,-0.09664321777674963
TwoLayerCNN,contrast,4,causal_usefulness,4001,0.08523573390776897
TwoLayerCNN,contrast,4,causal_usefulness,4002,-0.18526981311526491
TwoLayerCNN,contrast,4,causal_usefulness,4003,-0.04602443515264926
TwoLayerCNN,contrast,4,causal_usefulness,4004,-0.057698353090275864
TwoLayerCNN,contrast,4,causal_usefulness,4005,-0.0330791988727558
TwoLayerCNN,contrast,4,causal_usefulness,4006,-0.0032122579806616314
TwoLayerCNN,contrast,4,causal_usefulness,4007,-0.05464967510320495
TwoLayerCNN,contrast,4,causal_usefulness,4008,-0.1884660494137856
TwoLayerCNN,contrast,4,causal_usefulness,4009,-0.028704826507092968
TwoLayerCNN,contrast,4,causal_usefulness,4010,-0.07775329360547328
TwoLayerCNN,contrast,4,causal_usefulness,4011,-0.1617167914534039
TwoLayerCNN,contrast,4,causal_usefulness,4012,-0.028815277894032723
TwoLayerCNN,contrast,4,causal_usefulness,4013,-0.0009550114081930822
TwoLayerCNN,contrast,4,causal_usefulness,4014,0.025743690617012788
TwoLayerCNN,contrast,4,causal_usefulness,4015,-0.028612654702782486
TwoLayerCNN,contrast,4,causal_usefulness,4016,-0.010101967501234113
TwoLayerCNN,contrast,4,causal_usefulness,4017,-0.1678957608297266
TwoLayerCNN,contrast,4,causal_usefulness,4018,-0.19256040966658516
TwoLayerCNN,contrast,4,causal_usefulness,4019,-0.048262071879307034
TwoLayerCNN,contrast,8,causal_usefulness,4000,-0.08358965891096426
TwoLayerCNN,contrast,8,causal_usefulness,4001,0.02009049566967369
TwoLayerCNN,contrast,8,causal_usefulness,4002,0.09144066936604012
TwoLayerCNN,contrast,8,causal_usefulness,4003,0.07143412264716476
TwoLayerCNN,contrast,8,causal_usefulness,4004,-0.05392351704769738
TwoLayerCNN,contrast,8,causal_usefulness,4005,-0.013929242068361658
TwoLayerCNN,contrast,8,causal_usefulness,4006,-0.034651947246086556
TwoLayerCNN,contrast,8,causal_usefulness,4007,0.14229833613005816
TwoLayerCNN,contrast,8,causal_usefulness,4008,-0.1318782957526745
TwoLayerCNN,contrast,8,causal_usefulness,4009,0.017937085455184132
TwoLayerCNN,contrast,8,causal_usefulness,4010,-0.1479828500663084
TwoLayerCNN,contrast,8,causal_usefulness,4011,-0.08799856800067873
TwoLayerCNN,contrast,8,causal_usefulness,4012,0.1921703906000669
TwoLayerCNN,contrast,8,causal_usefulness,4013,0.09792221430045644
TwoLayerCNN,contrast,8,causal_usefulness,4014,0.12090303142460812
TwoLayerCNN,contrast,8,causal_usefulness,4015,-0.07820979527089444
TwoLayerCNN,contrast,8,causal_usefulness,4016,-0.14053973755835547
TwoLayerCNN,contrast,8,causal_usefulness,4017,0.09608983368214097
TwoLayerCNN,contrast,8,causal_usefulness,4018,0.1391605102087281
TwoLayerCNN,contrast,8,causal_usefulness,4019,0.06300641880013536
TwoLayerCNN,auroc,1,causal_usefulness,4000,0.003634788778379583
TwoLayerCNN,auroc,1,causal_usefulness,4001,0.010043615591240312
TwoLayerCNN,auroc,1,causal_usefulness,4002,-0.005284311015219742
TwoLayerCNN,auroc,1,causal_usefulness,4003,-0.014737043375379483
TwoLayerCNN,auroc,1,causal_usefulness,4004,0.0034497484618392776
TwoLayerCNN,auroc,1,causal_usefulness,4005,0.0011639743304608097
TwoLayerCNN,auroc,1,causal_usefulness,4006,0.009974613120627487
TwoLayerCNN,auroc,1,causal_usefulness,4007,-0.000782345454042363
TwoLayerCNN,auroc,1,causal_usefulness,4008,0.006654564262657009
TwoLayerCNN,auroc,1,causal_usefulness,4009,0.0005613034580618376
TwoLayerCNN,auroc,1,causal_usefulness,4010,-0.08029435576782783
TwoLayerCNN,auroc,1,causal_usefulness,4011,-0.012085399494343146
TwoLayerCNN,auroc,1,causal_usefulness,4012,0.0004795502582376765
TwoLayerCNN,auroc,1,causal_usefulness,4013,-0.004904770048838783
TwoLayerCNN,auroc,1,causal_usefulness,4014,0.0045896580579907476
TwoLayerCNN,auroc,1,causal_usefulness,4015,1.9133169811683115e-05
TwoLayerCNN,auroc,1,causal_usefulness,4016,-0.02036183771526065
TwoLayerCNN,auroc,1,causal_usefulness,4017,0.006735527030086785
TwoLayerCNN,auroc,1,causal_usefulness,4018,-0.002817838388847735
TwoLayerCNN,auroc,1,causal_usefulness,4019,-0.005091788616571891
TwoLayerCNN,auroc,2,causal_usefulness,4000,-0.0029503226075287825
TwoLayerCNN,auroc,2,causal_usefulness,4001,0.005193158745480389
TwoLayerCNN,auroc,2,causal_usefulness,4002,-0.019691723610716666
TwoLayerCNN,auroc,2,causal_usefulness,4003,-0.013858313050913451
TwoLayerCNN,auroc,2,causal_usefulness,4004,-0.02620065166544215
TwoLayerCNN,auroc,2,causal_usefulness,4005,-0.01643750967496524
TwoLayerCNN,auroc,2,causal_usefulness,4006,0.01740667758214065
TwoLayerCNN,auroc,2,causal_usefulness,4007,-0.015308650632266357
TwoLayerCNN,auroc,2,causal_usefulness,4008,0.005686338735363172
TwoLayerCNN,auroc,2,causal_usefulness,4009,0.008204955219364957
TwoLayerCNN,auroc,2,causal_usefulness,4010,-0.09648098107815162
TwoLayerCNN,auroc,2,causal_usefulness,4011,-0.085185795143952
TwoLayerCNN,auroc,2,causal_usefulness,4012,-0.031074057441978845
TwoLayerCNN,auroc,2,causal_usefulness,4013,-0.006081790467630313
TwoLayerCNN,auroc,2,causal_usefulness,4014,0.0014772242104552635
TwoLayerCNN,auroc,2,causal_usefulness,4015,-0.03585615023325281
TwoLayerCNN,auroc,2,causal_usefulness,4016,-0.003993445502875212
TwoLayerCNN,auroc,2,causal_usefulness,4017,-0.025498800823114218
TwoLayerCNN,auroc,2,causal_usefulness,4018,-0.02287024963500664
TwoLayerCNN,auroc,2,causal_usefulness,4019,-0.002461500328258065
TwoLayerCNN,auroc,4,causal_usefulness,4000,-0.028475142684485547
TwoLayerCNN,auroc,4,causal_usefulness,4001,-0.037006561765226195
TwoLayerCNN,auroc,4,causal_usefulness,4002,-0.09909508885401064
TwoLayerCNN,auroc,4,causal_usefulness,4003,-0.07107003662629624
TwoLayerCNN,auroc,4,causal_usefulness,4004,-0.057698353090275864
TwoLayerCNN,auroc,4,causal_usefulness,4005,-0.013196493532066991
TwoLayerCNN,auroc,4,causal_usefulness,4006,-0.005320990649395646
TwoLayerCNN,auroc,4,causal_usefulness,4007,-0.04446548729173505
TwoLayerCNN,auroc,4,causal_usefulness,4008,-0.21443238530077932
TwoLayerCNN,auroc,4,causal_usefulness,4009,-0.024123383688837846
TwoLayerCNN,auroc,4,causal_usefulness,4010,-0.1341395929499251
TwoLayerCNN,auroc,4,causal_usefulness,4011,-0.1617167914534039
TwoLayerCNN,auroc,4,causal_usefulness,4012,-0.04144674437675723
TwoLayerCNN,auroc,4,causal_usefulness,4013,-0.0148852930050105
TwoLayerCNN,auroc,4,causal_usefulness,4014,0.025743690617012788
TwoLayerCNN,auroc,4,causal_usefulness,4015,-0.028612654702782486
TwoLayerCNN,auroc,4,causal_usefulness,4016,-0.001909717521872481
TwoLayerCNN,auroc,4,causal_usefulness,4017,-0.12899289912265213
TwoLayerCNN,auroc,4,causal_usefulness,4018,-0.18347315248689844
TwoLayerCNN,auroc,4,causal_usefulness,4019,-0.048262071879307034
TwoLayerCNN,auroc,8,causal_usefulness,4000,-0.09115687818308948
TwoLayerCNN,auroc,8,causal_usefulness,4001,0.178637986786927
TwoLayerCNN,auroc,8,causal_usefulness,4002,0.11070059577317237
TwoLayerCNN,auroc,8,causal_usefulness,4003,0.14139972968614956
TwoLayerCNN,auroc,8,causal_usefulness,4004,0.039555222693698044
TwoLayerCNN,auroc,8,causal_usefulness,4005,-0.0029976079268517752
TwoLayerCNN,auroc,8,causal_usefulness,4006,-0.04633724934786776
TwoLayerCNN,auroc,8,causal_usefulness,4007,0.14229833613005816
TwoLayerCNN,auroc,8,causal_usefulness,4008,-0.1318782957526745
TwoLayerCNN,auroc,8,causal_usefulness,4009,-0.00809026696274473
TwoLayerCNN,auroc,8,causal_usefulness,4010,-0.15182752326339555
TwoLayerCNN,auroc,8,causal_usefulness,4011,-0.14460592395692407
TwoLayerCNN,auroc,8,causal_usefulness,4012,0.19192921576433908
TwoLayerCNN,auroc,8,causal_usefulness,4013,0.09792221430045644
TwoLayerCNN,auroc,8,causal_usefulness,4014,0.12090303142460812
TwoLayerCNN,auroc,8,causal_usefulness,4015,-0.07820979527089444
TwoLayerCNN,auroc,8,causal_usefulness,4016,-0.043972874069536205
TwoLayerCNN,auroc,8,causal_usefulness,4017,0.09250847323150801
TwoLayerCNN,auroc,8,causal_usefulness,4018,0.1376766723607128
TwoLayerCNN,auroc,8,causal_usefulness,4019,-0.02555749226551196
TwoLayerCNN,validation_patch,1,causal_usefulness,4000,-0.005435008591035684
TwoLayerCNN,validation_patch,1,causal_usefulness,4001,-0.038537561224256695
TwoLayerCNN,validation_patch,1,causal_usefulness,4002,-0.03792498646808527
TwoLayerCNN,validation_patch,1,causal_usefulness,4003,-0.006321744961296422
TwoLayerCNN,validation_patch,1,causal_usefulness,4004,-0.018689068251615024
TwoLayerCNN,validation_patch,1,causal_usefulness,4005,-0.0033845729310849337
TwoLayerCNN,validation_patch,1,causal_usefulness,4006,-0.02680777334448474
TwoLayerCNN,validation_patch,1,causal_usefulness,4007,-0.012557647382460721
TwoLayerCNN,validation_patch,1,causal_usefulness,4008,-0.05355794571928915
TwoLayerCNN,validation_patch,1,causal_usefulness,4009,0.0646041107349672
TwoLayerCNN,validation_patch,1,causal_usefulness,4010,-0.08032533150666597
TwoLayerCNN,validation_patch,1,causal_usefulness,4011,-0.009861569700247846
TwoLayerCNN,validation_patch,1,causal_usefulness,4012,0.0020651060725121184
TwoLayerCNN,validation_patch,1,causal_usefulness,4013,-0.024955664501512945
TwoLayerCNN,validation_patch,1,causal_usefulness,4014,-0.011004179880942239
TwoLayerCNN,validation_patch,1,causal_usefulness,4015,-0.012819536593139655
TwoLayerCNN,validation_patch,1,causal_usefulness,4016,-0.02269241724977608
TwoLayerCNN,validation_patch,1,causal_usefulness,4017,-0.006289483972350796
TwoLayerCNN,validation_patch,1,causal_usefulness,4018,-0.01015527938324777
TwoLayerCNN,validation_patch,1,causal_usefulness,4019,-0.013631023992273117
TwoLayerCNN,validation_patch,2,causal_usefulness,4000,-0.00755568897042222
TwoLayerCNN,validation_patch,2,causal_usefulness,4001,-0.11562566857367933
TwoLayerCNN,validation_patch,2,causal_usefulness,4002,-0.08671211612577476
TwoLayerCNN,validation_patch,2,causal_usefulness,4003,0.013208115837917034
TwoLayerCNN,validation_patch,2,causal_usefulness,4004,-0.08575926880704741
TwoLayerCNN,validation_patch,2,causal_usefulness,4005,-0.014025061492554974
TwoLayerCNN,validation_patch,2,causal_usefulness,4006,-0.06790387476142978
TwoLayerCNN,validation_patch,2,causal_usefulness,4007,-0.033968376778207826
TwoLayerCNN,validation_patch,2,causal_usefulness,4008,-0.13530126866745662
TwoLayerCNN,validation_patch,2,causal_usefulness,4009,0.12485031544534511
TwoLayerCNN,validation_patch,2,causal_usefulness,4010,-0.1865968841012704
TwoLayerCNN,validation_patch,2,causal_usefulness,4011,-0.058672262208302045
TwoLayerCNN,validation_patch,2,causal_usefulness,4012,-0.021025099210748646
TwoLayerCNN,validation_patch,2,causal_usefulness,4013,-0.059975686918458074
TwoLayerCNN,validation_patch,2,causal_usefulness,4014,-0.034573463043534036
TwoLayerCNN,validation_patch,2,causal_usefulness,4015,-0.0560224854207296
TwoLayerCNN,validation_patch,2,causal_usefulness,4016,-0.035464885712877134
TwoLayerCNN,validation_patch,2,causal_usefulness,4017,-0.03919013712826984
TwoLayerCNN,validation_patch,2,causal_usefulness,4018,-0.06134177137316746
TwoLayerCNN,validation_patch,2,causal_usefulness,4019,-0.048819849421833456
TwoLayerCNN,validation_patch,4,causal_usefulness,4000,0.033568962535509284
TwoLayerCNN,validation_patch,4,causal_usefulness,4001,0.009949521964903951
TwoLayerCNN,validation_patch,4,causal_usefulness,4002,-0.03247480065315922
TwoLayerCNN,validation_patch,4,causal_usefulness,4003,0.09797180344988465
TwoLayerCNN,validation_patch,4,causal_usefulness,4004,-0.17194049606712142
TwoLayerCNN,validation_patch,4,causal_usefulness,4005,-0.1262877688211489
TwoLayerCNN,validation_patch,4,causal_usefulness,4006,0.06016676624578415
TwoLayerCNN,validation_patch,4,causal_usefulness,4007,0.02899022661969375
TwoLayerCNN,validation_patch,4,causal_usefulness,4008,-0.0924840262715726
TwoLayerCNN,validation_patch,4,causal_usefulness,4009,0.3165886669078824
TwoLayerCNN,validation_patch,4,causal_usefulness,4010,-0.10510197314051312
TwoLayerCNN,validation_patch,4,causal_usefulness,4011,-0.07180136093942624
TwoLayerCNN,validation_patch,4,causal_usefulness,4012,0.009160150180595517
TwoLayerCNN,validation_patch,4,causal_usefulness,4013,-0.04937010606724235
TwoLayerCNN,validation_patch,4,causal_usefulness,4014,-0.004120257543318462
TwoLayerCNN,validation_patch,4,causal_usefulness,4015,-0.17010477665255425
TwoLayerCNN,validation_patch,4,causal_usefulness,4016,-0.12920719906156425
TwoLayerCNN,validation_patch,4,causal_usefulness,4017,0.07308392288058363
TwoLayerCNN,validation_patch,4,causal_usefulness,4018,0.004652048855563806
TwoLayerCNN,validation_patch,4,causal_usefulness,4019,-0.12143788943919526
TwoLayerCNN,validation_patch,8,causal_usefulness,4000,0.017509887624045928
TwoLayerCNN,validation_patch,8,causal_usefulness,4001,0.009228007134808758
TwoLayerCNN,validation_patch,8,causal_usefulness,4002,0.03711385923690802
TwoLayerCNN,validation_patch,8,causal_usefulness,4003,0.05534858249713859
TwoLayerCNN,validation_patch,8,causal_usefulness,4004,-0.050192527640772755
TwoLayerCNN,validation_patch,8,causal_usefulness,4005,0.025910766585076295
TwoLayerCNN,validation_patch,8,causal_usefulness,4006,-0.0001525228655384625
TwoLayerCNN,validation_patch,8,causal_usefulness,4007,0.09074901450199624
TwoLayerCNN,validation_patch,8,causal_usefulness,4008,0.00012624020585383366
TwoLayerCNN,validation_patch,8,causal_usefulness,4009,0.01791375509265558
TwoLayerCNN,validation_patch,8,causal_usefulness,4010,0.026273440503697065
TwoLayerCNN,validation_patch,8,causal_usefulness,4011,0.021643972276488066
TwoLayerCNN,validation_patch,8,causal_usefulness,4012,0.06783853781096383
TwoLayerCNN,validation_patch,8,causal_usefulness,4013,-0.010110714024406109
TwoLayerCNN,validation_patch,8,causal_usefulness,4014,0.010416117220504284
TwoLayerCNN,validation_patch,8,causal_usefulness,4015,0.06389059496923866
TwoLayerCNN,validation_patch,8,causal_usefulness,4016,0.06083803989975212
TwoLayerCNN,validation_patch,8,causal_usefulness,4017,-0.007561359238463683
TwoLayerCNN,validation_patch,8,causal_usefulness,4018,0.026246781996191126
TwoLayerCNN,validation_patch,8,causal_usefulness,4019,0.05624662856260243
