task,architecture,condition,epoch,nearest_cosine_mean,nearest_cosine_std,nearest_cosine_count,assignment_cosine_mean,assignment_cosine_std,assignment_cosine_count,matching_gap_mean,matching_gap_std,matching_gap_count,nearest_template_count_mean,nearest_template_count_std,nearest_template_count_count,nearest_distance_mean,nearest_distance_std,nearest_distance_count,assignment_distance_mean,assignment_distance_std,assignment_distance_count,redundancy_cosine_mean,redundancy_cosine_std,redundancy_cosine_count,mean_raw_norm_mean,mean_raw_norm_std,mean_raw_norm_count,initial_index_cosine_mean,initial_index_cosine_std,initial_index_cosine_count,raw_initial_drift_mean,raw_initial_drift_std,raw_initial_drift_count
single_shape,TinyCNN,random,0,0.15981426376939667,0.014446644234107776,10,0.1431018541259015,0.014226636436616964,10,0.016712409643495175,0.005084718867039902,10,10.0,1.1547005383792515,10,1.2950925087344882,0.01100326265953908,10,1.3077201591267882,0.01073079348534975,10,0.18922910023365985,0.016757462320499145,10,0.5794152,0.0055357637,10,1.0,3.700743415417188e-17,10,0.0,0.0,10
single_shape,TinyCNN,random,1,0.1667810526690693,0.01303906720515456,10,0.15062405045648045,0.012368045410943806,10,0.016157002212588874,0.00542985480638522,10,9.2,1.229272594305718,10,1.2896028060100935,0.01001711342632104,10,1.3017735674449749,0.009304793471729394,10,0.18830672040426627,0.01510696941704346,10,0.58565223,0.0060987463,10,0.9905255823968494,0.0008571331127345082,10,0.0880198,0.0016692266,10
single_shape,TinyCNN,random,5,0.2152785522717063,0.021380524979748343,10,0.19653846530071933,0.024247796754198487,10,0.018740086970986974,0.010445207036137312,10,10.6,1.5055453054181622,10,1.2504821887199098,0.017396351244585675,10,1.2648939676206195,0.019433305166161832,10,0.20554460439564243,0.015671916222879258,10,0.67600214,0.013062936,10,0.8855221673551478,0.007515689052922287,10,0.33021307,0.011735971,10
single_shape,TinyCNN,random,10,0.25345146001049945,0.025322980828868833,10,0.22984648617904666,0.0315880311500472,10,0.023604973831452773,0.013162188234664507,10,10.1,1.449137674618944,10,1.2184458554154443,0.020832073968526026,10,1.2370700989505334,0.02546961414103191,10,0.2656706913893666,0.026407962143113358,10,0.8792248,0.024530815,10,0.7436715648190668,0.010006716242410252,10,0.60878384,0.025390051,10
single_shape,TinyCNN,random,20,0.283631485700089,0.023044308486482187,10,0.25332814559537786,0.034674834956879695,10,0.03030334010471115,0.017132797147240957,10,10.0,1.1547005383792515,10,1.192550219637157,0.01889128147653865,10,1.2168913879045493,0.02797208105862892,10,0.32531855333183035,0.027673223523217834,10,1.3645277,0.0386547,10,0.5776990762820364,0.008777566236890433,10,1.1485958,0.039105386,10
single_shape,TinyCNN,random,40,0.29550393661620294,0.021981853468769765,10,0.26210331605360593,0.03317429580544091,10,0.03340062056259699,0.016374095278069843,10,9.5,1.5811388300841898,10,1.1823548416037144,0.01805199407257008,10,1.2093418027753446,0.026754410216392,10,0.3415844150959574,0.02563233660627371,10,1.8230339,0.06276482,10,0.4965872493281792,0.01164676054606959,10,1.6290653,0.06464805,10
single_shape,TinyCNN,random,80,0.29895630591390576,0.022128060504435658,10,0.2650358570523792,0.032689782650774435,10,0.03392044886152656,0.015481659425902974,10,9.9,1.4491376746189437,10,1.1795438872998254,0.01822638170004638,10,1.206847401278012,0.026198610989652635,10,0.34534920836877975,0.026269691217083634,10,2.1344335,0.07387048,10,0.45940064589780405,0.0128043485654321,10,1.9502335,0.07641371,10
single_shape,TinyCNN,random,120,0.29969064549866536,0.022436103934470618,10,0.26578902731461784,0.03266441485704497,10,0.03390161818404754,0.015084251592966858,10,9.6,1.7126976771553504,10,1.1789608697201446,0.018529448912147257,10,1.2062333357521067,0.025966808230820725,10,0.3462722658741678,0.025885928083160703,10,2.2930086,0.07927878,10,0.4443678894112111,0.013630606217986792,10,2.1125944,0.08226231,10
single_shape,TinyCNN,random,160,0.2999566911622579,0.022473797577915573,10,0.26625886931684073,0.03263183626790449,10,0.0336978218454172,0.015059566624006846,10,9.6,1.7126976771553504,10,1.178759050814975,0.018583070869744093,10,1.205862315979868,0.025957373523271817,10,0.3465141685069816,0.02579768364997326,10,2.40029,0.08288742,10,0.4352095005405772,0.014388101186422054,10,2.222181,0.08622964,10
single_shape,TinyCNN,random,200,0.3000495011265114,0.022577965175925176,10,0.2665532909283832,0.03256158171885324,10,0.033496210198128186,0.014903104148811486,10,9.7,1.7029386365926402,10,1.1787016488880888,0.01868988221961863,10,1.2058140204871002,0.026095285763732063,10,0.3465038024484448,0.0255469899883103,10,2.4819207,0.08593442,10,0.4288136306935296,0.014930835208451355,10,2.305383,0.08954993,10
single_shape,TinyCNN,random_unitnorm,0,0.1598142637706088,0.014446645023557927,10,0.14310185347186646,0.01422663717561119,10,0.016712410298742368,0.00508471910639863,10,10.0,1.1547005383792515,10,1.295092508729445,0.011003263254543066,10,1.3077201596140533,0.010730794035643986,10,0.1892291000533552,0.01675746305375982,10,1.0,0.0,10,1.0,0.0,10,0.0,0.0,10
single_shape,TinyCNN,random_unitnorm,1,0.16265745181765395,0.013850114692240895,10,0.14598456229673085,0.013766185404640087,10,0.0166728895209231,0.004948145297142968,10,9.4,0.966091783079296,10,1.292849102882769,0.010583219781551391,10,1.3054587432962685,0.01033314587702414,10,0.18852072670095232,0.01677635863020028,10,1.0043868,0.0018987226,10,0.9968415699915324,0.0003347618810027054,10,0.09036489,0.0015256783,10
single_shape,TinyCNN,random_unitnorm,5,0.1900846481815942,0.018451194583287048,10,0.17184369055917387,0.019479109930762305,10,0.018240957622420357,0.007898633490225517,10,10.0,0.816496580927726,10,1.271013364351973,0.014505145967755451,10,1.2849388247843458,0.015099932040763112,10,0.19208830129656593,0.012173510743478833,10,1.0650821,0.01056076,10,0.9507138596711954,0.0029797239688405847,10,0.35094196,0.0071357014,10
single_shape,TinyCNN,random_unitnorm,10,0.22332081646107707,0.027044181131715802,10,0.20228743563432916,0.028521192402957328,10,0.0210333808267479,0.01138019038872047,10,9.9,1.2866839377079184,10,1.2438088716259224,0.021590656592876026,10,1.2599947036256876,0.022616477508329527,10,0.2150269751653091,0.018316877013445556,10,1.2119875,0.02458097,10,0.8672141734087756,0.00819650193198808,10,0.63156956,0.028204832,10
single_shape,TinyCNN,random_unitnorm,20,0.26170520844555073,0.02758492108005996,10,0.23523966988271586,0.03347978871438458,10,0.02646553856283488,0.014593148574518376,10,9.9,1.1972189997378646,10,1.2116321584287122,0.022168101694526512,10,1.2324443338975866,0.026570165162498098,10,0.2703910664814957,0.018791150527354427,10,1.6107051,0.0364861,10,0.7220354550241028,0.007794306800255338,10,1.155268,0.041562278,10
single_shape,TinyCNN,random_unitnorm,40,0.2784124497779488,0.024265007541483696,10,0.2474589462437485,0.03378396256380288,10,0.0309535035342003,0.017054816932324555,10,9.4,1.429840705968481,10,1.1974027243481884,0.01940068877604137,10,1.2221737012249885,0.026710555335914533,10,0.29611224324111807,0.021980814743534523,10,2.0489047,0.05921347,10,0.6246843587955578,0.009847557695766375,10,1.651334,0.066167854,10
single_shape,TinyCNN,random_unitnorm,80,0.2847798093176892,0.022920651374738105,10,0.2528321192126231,0.03427002489106649,10,0.031947690105066075,0.017831226110730562,10,9.8,1.6865480854231356,10,1.1920329347284697,0.018403445737124196,10,1.2175448238030726,0.027168754118664797,10,0.3062486349243997,0.025440668991768525,10,2.3596303,0.07310611,10,0.575935261885629,0.010349003388944164,10,1.9874337,0.07990057,10
single_shape,TinyCNN,random_unitnorm,120,0.2868527731255682,0.022534865945100905,10,0.25482338488795847,0.03427233537132798,10,0.03202938823760967,0.01793166908756207,10,9.6,1.577621275493231,10,1.1902956804453022,0.018157234835951965,10,1.2158545357403963,0.027247674103982992,10,0.30931129701820387,0.026564278751148283,10,2.5193803,0.07935947,10,0.555482761034616,0.010685375074392874,10,2.1571918,0.086024776,10
single_shape,TinyCNN,random_unitnorm,160,0.2876674938753994,0.02237813319973955,10,0.25562955971472484,0.03429753756903307,10,0.032037934160674506,0.017875521637418762,10,9.7,1.70293863659264,10,1.1896317279230166,0.018074628371243726,10,1.2151917594087172,0.027327071202278494,10,0.3110473581970494,0.02733849186098139,10,2.6284442,0.0837877,10,0.5430590073500424,0.011094060277792214,10,2.2720814,0.09060819,10
single_shape,TinyCNN,random_unitnorm,200,0.28813984867242626,0.022311316558731954,10,0.25612488232776276,0.03434692190588368,10,0.03201496634466346,0.017824997843962773,10,9.7,1.70293863659264,10,1.1892582908845497,0.01803599590768924,10,1.2148986271190616,0.02727159662364662,10,0.3123418279993554,0.027773724588811968,10,2.711943,0.08724088,10,0.5342972018544597,0.011400825221257705,10,2.359553,0.09416688,10
single_shape,TinyCNN,template_init,0,1.0,0.0,10,1.0,0.0,10,0.0,0.0,10,16.0,0.0,10,1.3170890159654386e-09,0.0,10,1.3170890159654386e-09,0.0,10,0.8481368160118523,0.0,10,1.0,0.0,10,1.0,0.0,10,0.0,0.0,10
single_shape,TinyCNN,template_init,1,0.9972873434655822,0.00029378169681709926,10,0.9972873434655822,0.00029378169681709926,10,0.0,0.0,10,16.0,0.0,10,0.07247723729582872,0.00468535121620931,10,0.07247723729582872,0.00468535121620931,10,0.8485007647770996,0.0015221511990267532,10,1.0039536,0.005063159,10,0.9972873434655822,0.00029378169681709926,10,0.091158256,0.0027211441,10
single_shape,TinyCNN,template_init,5,0.9517324617845546,0.005342719670000186,10,0.9517324617845546,0.005342719670000186,10,0.0,0.0,10,16.0,0.0,10,0.30659033103720257,0.0181671361604646,10,0.30659033103720257,0.0181671361604646,10,0.7973507159991389,0.008895387484869333,10,1.0662476,0.01592603,10,0.9517324617845546,0.005342719670000186,10,0.34814453,0.013883463,10
single_shape,TinyCNN,template_init,10,0.8687445930627555,0.013867585054465023,10,0.8679098386851173,0.013777503439767653,10,0.0008347543776383471,0.0008554117425424486,10,15.3,0.48304589153964794,10,0.5067351346940135,0.027203054357829434,10,0.5083557829538082,0.026955561135783422,10,0.7074274846814369,0.016290837231269027,10,1.2181679,0.026809854,10,0.8679098386851173,0.013777503439767653,10,0.6283574,0.028831098,10
single_shape,TinyCNN,template_init,20,0.7437887604519828,0.014846308103467184,10,0.7418176547784917,0.014922375033561803,10,0.0019711056734910692,0.001395789102035214,10,14.4,0.6992058987801013,10,0.7103130603369818,0.021728509744505145,10,0.7131028319061653,0.021780959120546065,10,0.6055892728884682,0.034000381244971185,10,1.6448244,0.034110773,10,0.7412659029721262,0.015260613039703594,10,1.1495657,0.040632837,10
single_shape,TinyCNN,template_init,40,0.6710510412043471,0.018291754759360335,10,0.6680199849545533,0.018400805100959722,10,0.0030310562497938174,0.0017458701155645608,10,13.9,0.7378647873726218,10,0.8051565815523547,0.023148733315578984,10,0.8090047379967705,0.02321277668354587,10,0.5637062872789199,0.035672283786208014,10,2.1660311,0.064127885,10,0.6672811522192934,0.018761989123178315,10,1.695952,0.07387484,10
single_shape,TinyCNN,template_init,80,0.6377298403256509,0.019330065432777814,10,0.6334400500687457,0.019454651706250877,10,0.004289790256905235,0.002210603477799395,10,13.5,1.0801234497346432,10,0.84529381129461,0.022880889777408025,10,0.8503609399280357,0.022628206399015912,10,0.5477149010747373,0.03125458808511077,10,2.5574622,0.09436057,10,0.6325855246402573,0.019862127831811998,10,2.0956216,0.10276572,10
single_shape,TinyCNN,template_init,120,0.6238787330115074,0.020697654600071082,10,0.6189493400727941,0.020544845136906503,10,0.004929392938713273,0.0022048035488898346,10,13.4,1.1737877907772671,10,0.8613028493230896,0.023829452479365847,10,0.8669986337470768,0.023256803673470768,10,0.5403671106039092,0.029818920820675145,10,2.7593093,0.10818789,10,0.6179968113745249,0.02109446841452976,10,2.3011556,0.11662568,10
single_shape,TinyCNN,template_init,160,0.6156986289987767,0.020937582027180233,10,0.6104193623760807,0.020764905925226024,10,0.005279266622695944,0.0022543051772432395,10,13.3,1.3374935098492586,10,0.8706616506897994,0.02383740661403937,10,0.8766889400160791,0.023234120248719927,10,0.5355363872607232,0.02918466190754645,10,2.895289,0.11780964,10,0.6094582334875612,0.02139404761305208,10,2.4390764,0.12614246,10
single_shape,TinyCNN,template_init,200,0.6100607016189841,0.02110950950202182,10,0.6045983826090052,0.021009102332509896,10,0.005462319009978922,0.002272428164258303,10,13.3,1.3374935098492586,10,0.8770548397273386,0.023859697814450957,10,0.8831985464490572,0.023419580796719037,10,0.5318630716817108,0.028887492443504536,10,2.9990373,0.12526739,10,0.6036051108392734,0.021630782920014854,10,2.5440195,0.13344686,10
single_shape,TinyCNN,template_release,0,1.0,0.0,10,1.0,0.0,10,0.0,0.0,10,16.0,0.0,10,1.3170890159654386e-09,0.0,10,1.3170890159654386e-09,0.0,10,0.8481368160118523,0.0,10,1.0,0.0,10,1.0,0.0,10,0.0,0.0,10
single_shape,TinyCNN,template_release,1,0.9976819815134872,0.0002627803790230485,10,0.9976819815134872,0.0002627803790230485,10,0.0,0.0,10,16.0,0.0,10,0.0670233128029823,0.004375620703980284,10,0.0670233128029823,0.004375620703980284,10,0.8487221711534637,0.0015816187385447778,10,1.0018091,0.0028520636,10,0.9976819815134872,0.0002627803790230485,10,0.08047625,0.001899255,10
single_shape,TinyCNN,template_release,5,0.9694772328872585,0.003222162209492858,10,0.9694772328872585,0.003222162209492858,10,0.0,0.0,10,16.0,0.0,10,0.24233059373853916,0.013350772065902336,10,0.24233059373853916,0.013350772065902336,10,0.8167926511417866,0.004304067209697982,10,1.030521,0.010821828,10,0.9694772328872585,0.003222162209492858,10,0.25695482,0.012582161,10
single_shape,TinyCNN,template_release,10,0.944071174596939,0.005716039490433757,10,0.944071174596939,0.005716039490433757,10,0.0,0.0,10,16.0,0.0,10,0.3244256149982053,0.018953748376173404,10,0.3244256149982053,0.018953748376173404,10,0.7884451365765843,0.009598152173040926,10,1.0747616,0.014756293,10,0.944071174596939,0.005716039490433757,10,0.35009196,0.0224646,10
single_shape,TinyCNN,template_release,20,0.912172091691667,0.006995997624867493,10,0.9120058797778785,0.007036884552519266,10,0.0001662119137884388,0.00026132669736863933,10,15.6,0.5163977794943224,10,0.40287752172700203,0.01793019376875676,10,0.4031768164133941,0.01799263783298993,10,0.756004954171632,0.019151076332471845,10,1.1498175,0.007315063,10,0.9120058797778785,0.007036884552519266,10,0.4659254,0.017579705,10
single_shape,TinyCNN,template_release,40,0.8950271294750731,0.006691247107755262,10,0.8946725212341882,0.006761079942913046,10,0.0003546082408849571,0.0004466093160206605,10,15.3,0.6749485577105528,10,0.4380033507024234,0.01441369536513741,10,0.4386224331583559,0.014539266061576253,10,0.7412314215573163,0.026731515107355074,10,1.1948643,0.010018923,10,0.8946725212341882,0.006761079942913046,10,0.5286908,0.010882291,10
single_shape,TinyCNN,template_release,80,0.8222192594962596,0.011156353334240773,10,0.8204898317994573,0.011299867954594077,10,0.001729427696802277,0.0011104290943204458,10,14.7,0.8232726023485643,10,0.5801644167394604,0.018791754040693165,10,0.582614608443169,0.018939843801690268,10,0.6766713692476615,0.03700150659611535,10,1.3983096,0.024268411,10,0.8203996642719524,0.011292539278495784,10,0.8101877,0.026253672,10
single_shape,TinyCNN,template_release,120,0.728487724712968,0.01647612736897733,10,0.7256387537548059,0.016974441284711487,10,0.0028489709581619007,0.0012529218727181531,10,14.4,0.843274042711568,10,0.728301677851366,0.02293846480680905,10,0.7321167951514039,0.023288053244312247,10,0.6080019357370965,0.047217237918895996,10,1.827946,0.05095768,10,0.7251085648357206,0.01687470271652038,10,1.3068411,0.056756917,10
single_shape,TinyCNN,template_release,160,0.7037751643381248,0.016581768349980833,10,0.7005677878078648,0.017226427349866846,10,0.0032073765302600534,0.001482017773547011,10,14.3,0.8232726023485645,10,0.762317922111242,0.02168972413235233,10,0.7663768126217444,0.022236232120095362,10,0.5905011502371191,0.049226192399754114,10,2.016194,0.06316869,10,0.6998731687998653,0.017092564653311302,10,1.5061349,0.068299204,10
single_shape,TinyCNN,template_release,200,0.689672403182393,0.01658395047549607,10,0.6863117195492963,0.01738600277734264,10,0.003360683633096706,0.0016245632657158852,10,14.2,1.0327955589886444,10,0.7809882674051613,0.0210054010385755,10,0.785138651499428,0.02175109257115477,10,0.5801277630971753,0.05025573097409858,10,2.144449,0.07152886,10,0.6855250779171231,0.017238436005530804,10,1.639945,0.076006904,10
single_shape,TinyCNN,template_retention_1,0,1.0,0.0,10,1.0,0.0,10,0.0,0.0,10,16.0,0.0,10,1.3170890159654386e-09,0.0,10,1.3170890159654386e-09,0.0,10,0.8481368160118523,0.0,10,1.0,0.0,10,1.0,0.0,10,0.0,0.0,10
single_shape,TinyCNN,template_retention_1,1,0.9976819815134872,0.0002627803790230485,10,0.9976819815134872,0.0002627803790230485,10,0.0,0.0,10,16.0,0.0,10,0.0670233128029823,0.004375620703980284,10,0.0670233128029823,0.004375620703980284,10,0.8487221711534637,0.0015816187385447778,10,1.0018091,0.0028520636,10,0.9976819815134872,0.0002627803790230485,10,0.08047625,0.001899255,10
single_shape,TinyCNN,template_retention_1,5,0.9694772328872585,0.003222162209492858,10,0.9694772328872585,0.003222162209492858,10,0.0,0.0,10,16.0,0.0,10,0.24233059373853916,0.013350772065902336,10,0.24233059373853916,0.013350772065902336,10,0.8167926511417866,0.004304067209697982,10,1.030521,0.010821828,10,0.9694772328872585,0.003222162209492858,10,0.25695482,0.012582161,10
single_shape,TinyCNN,template_retention_1,10,0.944071174596939,0.005716039490433757,10,0.944071174596939,0.005716039490433757,10,0.0,0.0,10,16.0,0.0,10,0.3244256149982053,0.018953748376173404,10,0.3244256149982053,0.018953748376173404,10,0.7884451365765843,0.009598152173040926,10,1.0747616,0.014756293,10,0.944071174596939,0.005716039490433757,10,0.35009196,0.0224646,10
single_shape,TinyCNN,template_retention_1,20,0.9194473653977925,0.006572351101060465,10,0.9193579228214983,0.006575757713152811,10,8.94425762942963e-05,0.00019295229498510563,10,15.7,0.4830458915396483,10,0.3846839563498121,0.01762656700357138,10,0.38485150455082795,0.017616659954207775,10,0.764180468664807,0.018134918955906854,10,1.136273,0.007103877,10,0.9193579228214983,0.006575757713152811,10,0.44035387,0.017167402,10
single_shape,TinyCNN,template_retention_1,40,0.921744634716954,0.005264553318817668,10,0.9216882042651926,0.0052470958841713475,10,5.643045176142447e-05,0.00014602018354511117,10,15.8,0.42163702135578396,10,0.37521776039087856,0.012984643871916796,10,0.3753267537140738,0.012924238420996596,10,0.7686734184474953,0.022273256098312728,10,1.134376,0.00703335,10,0.9216882042651926,0.0052470958841713475,10,0.43044725,0.009501991,10
single_shape,TinyCNN,template_retention_1,80,0.9373272534535744,0.00403435174751409,10,0.9373254481262897,0.004031909944729149,10,1.8053272847096124e-06,5.708946141729646e-06,10,15.9,0.3162277660168377,10,0.3334534555902521,0.010640431300919965,10,0.3334564151441593,0.01063576682006988,10,0.7850000989899905,0.020518965636986398,10,1.1020138,0.0067394385,10,0.9373254481262897,0.004031909944729149,10,0.3716254,0.008755187,10
single_shape,TinyCNN,template_retention_1,120,0.9471207660957524,0.0036621701193753453,10,0.9471207660957524,0.0036621701193753453,10,0.0,0.0,10,16.0,0.0,10,0.3051238087336319,0.01059350716639204,10,0.3051238087336319,0.01059350716639204,10,0.7954409479527882,0.018078536928313106,10,1.0829742,0.0055775973,10,0.9471207660957524,0.0036621701193753453,10,0.3340982,0.009099856,10
single_shape,TinyCNN,template_retention_1,160,0.9539118666273355,0.0034505213243655516,10,0.9539118666273355,0.0034505213243655516,10,0.0,0.0,10,16.0,0.0,10,0.283974882159356,0.010531817774085319,10,0.283974882159356,0.010531817774085319,10,0.8028031136247942,0.016267829330480012,10,1.0706621,0.005098458,10,0.9539118666273355,0.0034505213243655516,10,0.30742857,0.009097105,10
single_shape,TinyCNN,template_retention_1,200,0.9589765781679558,0.0032900079770513757,10,0.9589765781679558,0.0032900079770513757,10,0.0,0.0,10,16.0,0.0,10,0.2675346112028671,0.010664599856068949,10,0.2675346112028671,0.010664599856068949,10,0.8082065333425993,0.014654013591832556,10,1.0612682,0.0048208428,10,0.9589765781679558,0.0032900079770513757,10,0.28706658,0.009422439,10
single_shape,TwoLayerCNN,random,0,0.14343374993705277,0.01838622652055492,10,0.125819972906731,0.01780480385000791,10,0.01761377703032176,0.008436109666670173,10,9.3,1.636391694484477,10,1.307807729868117,0.014045023465263321,10,1.32090927106047,0.0135888099355196,10,0.18035682016647137,0.01618059765201872,10,0.57433164,0.006890481,10,1.0,0.0,10,0.0,0.0,10
single_shape,TwoLayerCNN,random,1,0.1474705832576813,0.01962245719298589,10,0.1297068360322885,0.020216533323565603,10,0.017763747225392822,0.008945770100170421,10,8.9,2.131770260709264,10,1.3046112876612457,0.015133323740140881,10,1.317873136094242,0.015592950035522435,10,0.18041246822214127,0.018335007958162525,10,0.5804075,0.006241704,10,0.9919925897458359,0.0007688682226905731,10,0.07874488,0.002175428,10
single_shape,TwoLayerCNN,random,5,0.18550463870205064,0.03290700614462338,10,0.1593728427863241,0.03479539901441187,10,0.026131795915726508,0.011413592391978344,10,9.3,1.766981104093143,10,1.2742088571797585,0.0260091964217248,10,1.2940343766847335,0.027174474012300012,10,0.21211068599239105,0.02311758627695216,10,0.69669026,0.009435638,10,0.9110610719883498,0.0064348769282425505,10,0.31788507,0.011731265,10
single_shape,TwoLayerCNN,random,10,0.22978687642377596,0.03936754937970762,10,0.20033176415576218,0.037751096861267784,10,0.029455112268013773,0.010679406540933592,10,8.4,1.3498971154211057,10,1.2380304380001124,0.03235469728821212,10,1.260748448122285,0.03076706642410758,10,0.2712285176077124,0.039394215609221316,10,0.9985081,0.017223597,10,0.7841355773526131,0.014304352458037604,10,0.6848174,0.02004555,10
single_shape,TwoLayerCNN,random,20,0.2515048812239874,0.03821901405512272,10,0.2216827468791148,0.03855440120130221,10,0.029822134344872585,0.009023209047938253,10,8.8,1.1352924243950933,10,1.2197007411415954,0.03209583827872561,10,1.2429925703218052,0.032109556942135,10,0.3022710555989974,0.04226405363688377,10,1.3005995,0.03076686,10,0.7022966591793534,0.01849699329739014,10,1.017432,0.02843026,10
single_shape,TwoLayerCNN,random,40,0.2556039826225408,0.03782521135623814,10,0.22541341118212466,0.03859582476574357,10,0.030190571440416113,0.009240421549180781,10,8.9,1.3703203194062983,10,1.2161771088621283,0.031858279110638155,10,1.2398154280500076,0.03223745475109194,10,0.309413134072149,0.04321877668913915,10,1.3885276,0.03755546,10,0.6830876056097247,0.020046537896705387,10,1.1124524,0.03606076,10
single_shape,TwoLayerCNN,random,80,0.25851433807929314,0.03728667091400645,10,0.22795577576761467,0.03867123380163811,10,0.030558562311678472,0.009584891119222892,10,9.1,1.197218999737865,10,1.2137037572120533,0.03147411316084648,10,1.2376712036361286,0.032334601214752894,10,0.31569137916271395,0.043779860209743685,10,1.4631593,0.042202607,10,0.6679019838920792,0.021300029079416128,10,1.1927143,0.041588422,10
single_shape,TwoLayerCNN,random,120,0.2599025403859823,0.03691464365052534,10,0.2292030318937878,0.03868653275322053,10,0.030699508492194487,0.009815118784381066,10,9.1,1.197218999737865,10,1.2125359687239272,0.031180587030958794,10,1.2366246134807208,0.032331799302188394,10,0.3190971305573437,0.043953956808532355,10,1.5061179,0.044850558,10,0.6596068783252037,0.02199363432509685,10,1.2387149,0.044737585,10
single_shape,TwoLayerCNN,random,160,0.2607763716201198,0.03669955714578249,10,0.22990205789017812,0.03874038431445173,10,0.03087431372994163,0.010103119236491294,10,9.1,1.286683937707919,10,1.2117978813723225,0.03101127544974713,10,1.236031409794331,0.032365785658012756,10,0.3215027677770335,0.04388722482797597,10,1.5362507,0.046745814,10,0.6539839403614112,0.022478653244484892,10,1.2708862,0.04700815,10
single_shape,TwoLayerCNN,random,200,0.2613756783916362,0.03658280810199493,10,0.23037686694106435,0.03882848141418136,10,0.030998811450571873,0.010326876150382212,10,9.2,1.3165611772087666,10,1.2112927011830146,0.0309173693257932,10,1.2356239883826832,0.032433227478268406,10,0.3233163364636047,0.04373621019418326,10,1.5594856,0.04822427,10,0.6497665251356181,0.022855686602149265,10,1.295644,0.048759446,10
single_shape,TwoLayerCNN,random_unitnorm,0,0.14343374998544065,0.01838622659185755,10,0.12581997321987107,0.017804803932082353,10,0.017613776765569595,0.008436109675621238,10,9.3,1.636391694484477,10,1.3078077298438973,0.014045023527032498,10,1.3209092708234542,0.013588810003301715,10,0.1803568204453609,0.01618059724450514,10,1.0,0.0,10,1.0,0.0,10,0.0,0.0,10
single_shape,TwoLayerCNN,random_unitnorm,1,0.14402303434807232,0.017483785069626938,10,0.1265933591123234,0.018174280919749448,10,0.017429675235748905,0.009539511276495416,10,9.2,2.2997584414213788,10,1.3073727211948742,0.013294220748553085,10,1.3203664282214391,0.013825417162621154,10,0.1804575324661935,0.01672367973997879,10,1.0038751,0.0016858645,10,0.9973210671262963,0.000218177699839242,10,0.080453604,0.0023466554,10
single_shape,TwoLayerCNN,random_unitnorm,5,0.1666033039075058,0.02475878467402539,10,0.14358201387191796,0.027322482972405023,10,0.02302129003558783,0.01395661989250299,10,9.4,2.6331223544175333,10,1.2893996833150614,0.01896543404538716,10,1.3066538802998935,0.020754502008238133,10,0.19006239739106745,0.013955666776594048,10,1.0924916,0.0095779905,10,0.9659461279228143,0.002425823092229112,10,0.32944214,0.014470511,10
single_shape,TwoLayerCNN,random_unitnorm,10,0.19957941344861035,0.028167098891408036,10,0.17057230317432967,0.03438651816356957,10,0.02900711027428069,0.015465582513914387,10,8.6,1.8378731669453627,10,1.2628985957504262,0.022092559663860974,10,1.2848420306776798,0.026429214843907405,10,0.2256875447770926,0.02238746243140732,10,1.3390315,0.01885871,10,0.9001110852162333,0.006441842396677287,10,0.68331426,0.021755934,10
single_shape,TwoLayerCNN,random_unitnorm,20,0.21692503929394125,0.030370822448102783,10,0.1853648728260556,0.03769430058499109,10,0.03156016646788564,0.014561963974742822,10,8.6,1.8378731669453627,10,1.2486813798122403,0.02427672530057812,10,1.272771817584108,0.029527086905585784,10,0.25329325200896846,0.028545855272600985,10,1.5860193,0.024192767,10,0.8446571753616199,0.008719429680701104,10,0.9825219,0.02434091,10
single_shape,TwoLayerCNN,random_unitnorm,40,0.22125241060306217,0.031651378776556466,10,0.18897367391531517,0.03809959132866572,10,0.032278736687747014,0.013520309147531424,10,8.5,1.8408935028645432,10,1.245069122770065,0.025377950331820578,10,1.2699257675446634,0.02984862288890159,10,0.26030821703580154,0.029634817046531998,10,1.6713173,0.03015808,10,0.8279675730837234,0.01017145219503559,10,1.0810908,0.031740382,10
single_shape,TwoLayerCNN,random_unitnorm,80,0.22457040581509644,0.03232554655959211,10,0.19192228892209612,0.038642795541338384,10,0.032648116893000324,0.01310889210784223,10,8.5,1.9002923751652296,10,1.2423077445187678,0.0260066564174765,10,1.2674613966284416,0.030352371549634515,10,0.2656959993789998,0.030064203336064133,10,1.7461659,0.035014197,10,0.8139135929925005,0.011492187975000677,10,1.1668576,0.037638757,10
single_shape,TwoLayerCNN,random_unitnorm,120,0.2262444212825943,0.03266237155262699,10,0.19346388274282197,0.03879613032335143,10,0.03278053853977231,0.013026293097357944,10,8.4,1.8378731669453627,10,1.2409112542627587,0.02632013990954632,10,1.2661920268441311,0.03051139391488619,10,0.26868811905306367,0.030290006417302135,10,1.7893356,0.037929907,10,0.8060809580793249,0.012201312140602922,10,1.2159289,0.04101605,10
single_shape,TwoLayerCNN,random_unitnorm,160,0.2273704778851346,0.032819496371643546,10,0.19446212106525423,0.03881879487996721,10,0.03290835681988038,0.012967680392987048,10,8.4,2.0110804171997807,10,1.2399751591755592,0.026479155096400846,10,1.2653625379883446,0.030549263566078864,10,0.27062754388443444,0.030524480980841654,10,1.819693,0.040063642,10,0.8007071534730619,0.012660872278980861,10,1.250263,0.043412194,10
single_shape,TwoLayerCNN,random_unitnorm,200,0.22819411456435562,0.03292216076237636,10,0.19516122085292228,0.038809528895425084,10,0.03303289371143332,0.012916565057087041,10,8.3,1.8885620632287057,10,1.2392902071632652,0.026589065240164935,10,1.2647774674174752,0.0305577019608735,10,0.27203820536149587,0.03071115960111216,10,1.8431447,0.041733343,10,0.796620334192756,0.013021581040337269,10,1.2767024,0.045302257,10
single_shape,TwoLayerCNN,template_init,0,1.0,0.0,10,1.0,0.0,10,0.0,0.0,10,16.0,0.0,10,1.3170890159654386e-09,0.0,10,1.3170890159654386e-09,0.0,10,0.8481368160118523,0.0,10,1.0,0.0,10,1.0,0.0,10,0.0,0.0,10
single_shape,TwoLayerCNN,template_init,1,0.9973109172693728,0.00032965216309806,10,0.9973109172693728,0.00032965216309806,10,0.0,0.0,10,16.0,0.0,10,0.07282369983301004,0.0046763458802721565,10,0.07282369983301004,0.0046763458802721565,10,0.8486119779855281,0.0017305157177768989,10,1.0017084,0.0018032661,10,0.9973109172693728,0.00032965216309806,10,0.07911113,0.0030508174,10
single_shape,TwoLayerCNN,template_init,5,0.9606924140106943,0.004100563835735067,10,0.9606924140106943,0.004100563835735067,10,0.0,0.0,10,16.0,0.0,10,0.278935486565853,0.014495891094995845,10,0.278935486565853,0.014495891094995845,10,0.8024483893472685,0.005895735538955217,10,1.0969112,0.019750046,10,0.9606924140106943,0.004100563835735067,10,0.3217942,0.022054968,10
single_shape,TwoLayerCNN,template_init,10,0.8956841915435458,0.008199759089195057,10,0.8956582074361752,0.008255591665853311,10,2.5984107370791153e-05,8.21689622580694e-05,10,15.9,0.3162277660168379,10,0.45415243596968613,0.01796997952588817,10,0.45420295511670483,0.018074349618415288,10,0.741083712591881,0.02000327573557612,10,1.3569189,0.029087525,10,0.8956582074361752,0.008255591665853311,10,0.66380435,0.025888694,10
single_shape,TwoLayerCNN,template_init,20,0.842605403365227,0.01162371254777501,10,0.8425251426362701,0.011757066551660528,10,8.026072895693792e-05,0.0002538067101693541,10,15.9,0.3162277660168379,10,0.5576114802105263,0.020936131524118017,10,0.5577436747937348,0.021145905958378546,10,0.7042548796476987,0.02281300506551192,10,1.6400229,0.039296787,10,0.8425251426362701,0.011757066551660528,10,0.9883544,0.037156817,10
single_shape,TwoLayerCNN,template_init,40,0.8261084959652008,0.012864592128909428,10,0.8260169169625208,0.01300285037604696,10,9.157900268003116e-05,0.00027351966413365433,10,15.8,0.42163702135578396,10,0.5859493075502943,0.021962015097525985,10,0.5860950297573495,0.02217121153990955,10,0.693987264588221,0.022541727751041383,10,1.7463934,0.049343992,10,0.8260169169625208,0.01300285037604696,10,1.1062547,0.047435176,10
single_shape,TwoLayerCNN,template_init,80,0.8134892553879982,0.01365109108320513,10,0.813382785544559,0.013796983091699716,10,0.00010646984343920529,0.0003005190516605582,10,15.8,0.42163702135578396,10,0.6066978715836584,0.022468845221573008,10,0.6068633523864326,0.022683311483403988,10,0.6862861159150129,0.022378650715682964,10,1.8332058,0.055013716,10,0.813382785544559,0.013796983091699716,10,1.2020016,0.05379156,10
single_shape,TwoLayerCNN,template_init,120,0.806782565520766,0.014091924416491996,10,0.8066703236224129,0.014240980679164229,10,0.00011224189835303821,0.00031496686942064097,10,15.8,0.42163702135578396,10,0.6174269977814082,0.022787698553403894,10,0.6175987655683288,0.023003176556774845,10,0.682214463999695,0.02226528893878447,10,1.8818287,0.057836287,10,0.8066703236224129,0.014240980679164229,10,1.2552903,0.057039585,10
single_shape,TwoLayerCNN,template_init,160,0.8022828478605752,0.014371172986133133,10,0.8021614915690151,0.014526868034334688,10,0.0001213562915602262,0.0003308213284869629,10,15.7,0.48304589153964805,10,0.6245144004175587,0.02298191834941144,10,0.6246992265643544,0.023205202580329546,10,0.6795198022709777,0.02217329944209231,10,1.9155811,0.05970428,10,0.8021614915690151,0.014526868034334688,10,1.292122,0.059176672,10
single_shape,TwoLayerCNN,template_init,200,0.7989108976998012,0.01459982388978036,10,0.7987777790595709,0.01476264511946355,10,0.00013311864023028973,0.0003430535110768584,10,15.7,0.48304589153964805,10,0.6297716768085655,0.0231620460604699,10,0.6299750630711068,0.02339540780281314,10,0.6774697402142325,0.02209668549888934,10,1.9414346,0.061137743,10,0.7987777790595709,0.01476264511946355,10,1.3202553,0.06085399,10
single_shape,TwoLayerCNN,template_release,0,1.0,0.0,10,1.0,0.0,10,0.0,0.0,10,16.0,0.0,10,1.3170890159654386e-09,0.0,10,1.3170890159654386e-09,0.0,10,0.8481368160118523,0.0,10,1.0,0.0,10,1.0,0.0,10,0.0,0.0,10
single_shape,TwoLayerCNN,template_release,1,0.9976740796228782,0.000298491390346059,10,0.9976740796228782,0.000298491390346059,10,0.0,0.0,10,16.0,0.0,10,0.06771079407006272,0.0045171550472798624,10,0.06771079407006272,0.0045171550472798624,10,0.8488632008232406,0.0017716808719752454,10,1.0014777,0.00201837,10,0.9976740796228782,0.000298491390346059,10,0.0734757,0.0030413875,10
single_shape,TwoLayerCNN,template_release,5,0.9818420519888938,0.0031951456953176445,10,0.9818420519888938,0.0031951456953176445,10,0.0,0.0,10,16.0,0.0,10,0.188350283170379,0.016920887115229235,10,0.188350283170379,0.016920887115229235,10,0.8305847566669154,0.0041799354705829425,10,1.071183,0.01898761,10,0.9818420519888938,0.0031951456953176445,10,0.22090301,0.024592794,10
single_shape,TwoLayerCNN,template_release,10,0.9715545518492785,0.0035331125809497485,10,0.9715545518492785,0.0035331125809497485,10,0.0,0.0,10,16.0,0.0,10,0.23533497382125285,0.014963322861970442,10,0.23533497382125285,0.014963322861970442,10,0.8274145470482248,0.006154238416439927,10,1.182346,0.009426409,10,0.9715545518492785,0.0035331125809497485,10,0.34125614,0.014306709,10
single_shape,TwoLayerCNN,template_release,20,0.9868612048248384,0.0015973928342172062,10,0.9868612048248384,0.0015973928342172062,10,0.0,0.0,10,16.0,0.0,10,0.15882035225612148,0.010528425106000522,10,0.15882035225612148,0.010528425106000522,10,0.8410956060940542,0.005608386642311167,10,1.0964962,0.007912589,10,0.9868612048248384,0.0015973928342172062,10,0.21690018,0.014553637,10
single_shape,TwoLayerCNN,template_release,40,0.9934705906341019,0.0007506287124574511,10,0.9934705906341019,0.0007506287124574511,10,0.0,0.0,10,16.0,0.0,10,0.1112796787997449,0.006763365073987713,10,0.1112796787997449,0.006763365073987713,10,0.8443957090510199,0.003488671181332675,10,1.0586637,0.004963717,10,0.9934705906341019,0.0007506287124574511,10,0.14819497,0.008540318,10
single_shape,TwoLayerCNN,template_release,80,0.9865955574601891,0.001663106079678619,10,0.9865955574601891,0.001663106079678619,10,0.0,0.0,10,16.0,0.0,10,0.1596702931320721,0.010228401091450758,10,0.1596702931320721,0.010228401091450758,10,0.8392454432066435,0.00456633661321899,10,1.0933374,0.009999391,10,0.9865955574601891,0.001663106079678619,10,0.21497989,0.012242809,10
single_shape,TwoLayerCNN,template_release,120,0.9599113226566434,0.00464062529043229,10,0.9599113226566434,0.00464062529043229,10,0.0,0.0,10,16.0,0.0,10,0.2778460253281708,0.016174177440156617,10,0.2778460253281708,0.016174177440156617,10,0.8206207165811972,0.00984962724663369,10,1.2079296,0.023881622,10,0.9599113226566434,0.00464062529043229,10,0.39848706,0.025466748,10
single_shape,TwoLayerCNN,template_release,160,0.9494531374479201,0.005570342945683816,10,0.9494531374479201,0.005570342945683816,10,0.0,0.0,10,16.0,0.0,10,0.31242518541687675,0.017324454397268756,10,0.31242518541687675,0.017324454397268756,10,0.8133905349053766,0.011908908059082656,10,1.2571607,0.02910323,10,0.9494531374479201,0.005570342945683816,10,0.46437675,0.030061426,10
single_shape,TwoLayerCNN,template_release,200,0.9424982976779276,0.006163266207204355,10,0.9424982976779276,0.006163266207204355,10,0.0,0.0,10,16.0,0.0,10,0.3334565629527471,0.017993361568868813,10,0.3334565629527471,0.017993361568868813,10,0.808538545971234,0.013263029947863159,10,1.2911721,0.032534473,10,0.9424982976779276,0.006163266207204355,10,0.5081403,0.03319144,10
single_shape,TwoLayerCNN,template_retention_1,0,1.0,0.0,10,1.0,0.0,10,0.0,0.0,10,16.0,0.0,10,1.3170890159654386e-09,0.0,10,1.3170890159654386e-09,0.0,10,0.8481368160118523,0.0,10,1.0,0.0,10,1.0,0.0,10,0.0,0.0,10
single_shape,TwoLayerCNN,template_retention_1,1,0.9976740796228782,0.000298491390346059,10,0.9976740796228782,0.000298491390346059,10,0.0,0.0,10,16.0,0.0,10,0.06771079407006272,0.0045171550472798624,10,0.06771079407006272,0.0045171550472798624,10,0.8488632008232406,0.0017716808719752454,10,1.0014777,0.00201837,10,0.9976740796228782,0.000298491390346059,10,0.0734757,0.0030413875,10
single_shape,TwoLayerCNN,template_retention_1,5,0.9818420519888938,0.0031951456953176445,10,0.9818420519888938,0.0031951456953176445,10,0.0,0.0,10,16.0,0.0,10,0.188350283170379,0.016920887115229235,10,0.188350283170379,0.016920887115229235,10,0.8305847566669154,0.0041799354705829425,10,1.071183,0.01898761,10,0.9818420519888938,0.0031951456953176445,10,0.22090301,0.024592794,10
single_shape,TwoLayerCNN,template_retention_1,10,0.9715545518492785,0.0035331125809497485,10,0.9715545518492785,0.0035331125809497485,10,0.0,0.0,10,16.0,0.0,10,0.23533497382125285,0.014963322861970442,10,0.23533497382125285,0.014963322861970442,10,0.8274145470482248,0.006154238416439927,10,1.182346,0.009426409,10,0.9715545518492785,0.0035331125809497485,10,0.34125614,0.014306709,10
single_shape,TwoLayerCNN,template_retention_1,20,0.9884842781642001,0.0014322337700315327,10,0.9884842781642001,0.0014322337700315327,10,0.0,0.0,10,16.0,0.0,10,0.14857490585142974,0.010106215811671749,10,0.14857490585142974,0.010106215811671749,10,0.8421643157000241,0.005205137168138182,10,1.0871661,0.007142588,10,0.9884842781642001,0.0014322337700315327,10,0.20140848,0.013644176,10
single_shape,TwoLayerCNN,template_retention_1,40,0.9963336352555038,0.00046448532193273275,10,0.9963336352555038,0.00046448532193273275,10,0.0,0.0,10,16.0,0.0,10,0.08320805140604635,0.005449789225521531,10,0.08320805140604635,0.005449789225521531,10,0.8462340627909842,0.002650091554680009,10,1.0407017,0.0034266226,10,0.9963336352555038,0.00046448532193273275,10,0.10955322,0.0065611615,10
single_shape,TwoLayerCNN,template_retention_1,80,0.9991320281386784,0.00016253332709241267,10,0.9991320281386784,0.00016253332709241267,10,0.0,0.0,10,16.0,0.0,10,0.04009783844938499,0.003915436520557644,10,0.04009783844938499,0.003915436520557644,10,0.847910680272799,0.0009399948779041545,10,1.017477,0.0018151442,10,0.9991320281386784,0.00016253332709241267,10,0.051736217,0.0040752525,10
single_shape,TwoLayerCNN,template_retention_1,120,0.9996952662099033,6.163220987498014e-05,10,0.9996952662099033,6.163220987498014e-05,10,0.0,0.0,10,16.0,0.0,10,0.023651001845619257,0.0025129230498143747,10,0.023651001845619257,0.0025129230498143747,10,0.8481912949406796,0.0005970131199677948,10,1.0099398,0.0010542405,10,0.9996952662099033,6.163220987498014e-05,10,0.030250233,0.0026236125,10
single_shape,TwoLayerCNN,template_retention_1,160,0.9998676989387428,2.9476589959033527e-05,10,0.9998676989387428,2.9476589959033527e-05,10,0.0,0.0,10,16.0,0.0,10,0.015545222182251878,0.0018474623835737902,10,0.015545222182251878,0.0018474623835737902,10,0.8481916750159189,0.0004142101621557471,10,1.0063726,0.00071937934,10,0.9998676989387428,2.9476589959033527e-05,10,0.019779589,0.0020123948,10
single_shape,TwoLayerCNN,template_retention_1,200,0.9999343040066085,1.435947496020439e-05,10,0.9999343040066085,1.435947496020439e-05,10,0.0,0.0,10,16.0,0.0,10,0.010936652685181765,0.0012696323749786767,10,0.010936652685181765,0.0012696323749786767,10,0.8482432452274397,0.0003128689305542801,10,1.004386,0.0005216789,10,0.9999343040066085,1.435947496020439e-05,10,0.013835748,0.0014748839,10
two_concepts,TinyCNN,random,0,0.15248513383738693,0.01650116031724019,10,0.13630982658304064,0.016119554421814807,10,0.016175307254346287,0.007306299037338615,10,10.1,1.8529256146249726,10,1.300707050616325,0.012788259708133647,10,1.3128180142204555,0.012544043337447394,10,0.19203215571841487,0.014975237831311487,10,0.5736591,0.0100858025,10,1.0,0.0,10,0.0,0.0,10
two_concepts,TinyCNN,random,1,0.15393669488397682,0.014670462329957274,10,0.13755465255155408,0.01469078312305604,10,0.016382042332422738,0.006961472069415274,10,10.3,1.636391694484477,10,1.2995534630090582,0.011424545383068979,10,1.3118507432947706,0.011463053066051596,10,0.19223325265342045,0.015561074913647952,10,0.5774274,0.009377723,10,0.993079976671444,0.0011612185548746817,10,0.08058113,0.004644645,10
two_concepts,TinyCNN,random,5,0.1807682388014038,0.02147751422162951,10,0.15855832528313632,0.019551087449614448,10,0.02220991351826748,0.007774253671367465,10,9.9,0.994428926011753,10,1.2780978883527843,0.016792392151796398,10,1.294977180327496,0.015098593117483435,10,0.20709045521472133,0.022501735856366608,10,0.64112705,0.011728622,10,0.9151540591021474,0.013122708546700725,10,0.2721186,0.017957885,10
two_concepts,TinyCNN,random,10,0.20934383054641864,0.0281647136219975,10,0.18064535850822355,0.02692512877005969,10,0.02869847203819509,0.008192183302245947,10,9.6,0.8432740427115679,10,1.2546811166116536,0.02247092312255678,10,1.2766597376352962,0.021022730200652318,10,0.2493755511528061,0.028765613431833766,10,0.79941905,0.035208136,10,0.7886382735532702,0.027350884948594046,10,0.5063556,0.047461376,10
two_concepts,TinyCNN,random,20,0.23384632877448733,0.029224450263176285,10,0.2022523097559521,0.029924349814433284,10,0.03159401901853526,0.009386008457483464,10,9.7,0.8232726023485646,10,1.2338208509102102,0.02418434262590875,10,1.2580996854146274,0.024238011728308036,10,0.31007059624460614,0.04225364515471738,10,1.2694434,0.05653036,10,0.5950186274788832,0.03055499081280367,10,1.0481547,0.067136995,10
two_concepts,TinyCNN,random,40,0.23565006162345944,0.033474476378649004,10,0.20315350130330995,0.03179560471377132,10,0.03249656032014951,0.01220348319233161,10,9.6,1.3498971154211055,10,1.2316142957432452,0.027843686365180306,10,1.2566455565782566,0.026087561624464198,10,0.3290255197497545,0.04680333625742788,10,1.9514515,0.04299993,10,0.46681142244642626,0.02625325223442949,10,1.7672663,0.04801022,10
two_concepts,TinyCNN,random,80,0.2348756460633295,0.03434891816154013,10,0.20145515339735187,0.03390995108362455,10,0.03342049266597759,0.013544916597014367,10,9.6,1.505545305418162,10,1.232168829737371,0.028638365504487985,10,1.2580705897331308,0.027976248344243518,10,0.3278958145850569,0.04309859042868557,10,2.5209365,0.048884813,10,0.4095771129443214,0.025449261622791295,10,2.3522708,0.05157475,10
two_concepts,TinyCNN,random,120,0.23369340653461873,0.034313877503727844,10,0.19991435813824016,0.034899471960854835,10,0.033779048396378575,0.013516973304463898,10,9.1,1.7288403306519924,10,1.2331674354981004,0.028594786645578754,10,1.2592518187546893,0.02872926087771323,10,0.32726696467656186,0.041558241515229674,10,2.809666,0.05691074,10,0.38914856061496683,0.02497011265344649,10,2.64638,0.05949552,10
two_concepts,TinyCNN,random,160,0.23263740429032684,0.03417241010053363,10,0.19906634898079126,0.034912875119803954,10,0.0335710553095356,0.013719179872296266,10,9.3,1.4944341180973264,10,1.2340375250788338,0.028467157629762832,10,1.2599339022711475,0.02873755727770608,10,0.3261701200252388,0.04068048582559028,10,2.9999955,0.064253576,10,0.377778076336288,0.0246797530753348,10,2.839663,0.06728754,10
two_concepts,TinyCNN,random,200,0.2320484511121891,0.03423805136836614,10,0.19866969187842265,0.034956042537031114,10,0.03337875923376647,0.0139392258538559,10,9.1,1.523883926754995,10,1.2345143699549515,0.02852016411939977,10,1.260318191202621,0.02884766517616525,10,0.32516767398576246,0.04002629411407596,10,3.1413794,0.07147025,10,0.370331714552629,0.02463075322671986,10,2.9829206,0.07486341,10
two_concepts,TinyCNN,random_unitnorm,0,0.15248513412093057,0.016501160526127448,10,0.13630982653430201,0.016119554659212783,10,0.016175307586628558,0.007306299607997696,10,10.1,1.8529256146249726,10,1.3007070503989069,0.012788259853787747,10,1.312818014258758,0.012544043503670277,10,0.19203215537702534,0.014975237370757545,10,1.0,0.0,10,1.0,0.0,10,0.0,0.0,10
two_concepts,TinyCNN,random_unitnorm,1,0.15143700372559427,0.016615072214808742,10,0.13536820889720297,0.015971693416514225,10,0.01606879482839129,0.00746291511103763,10,10.3,1.766981104093143,10,1.3014824086130043,0.012927465410185019,10,1.3135712035384182,0.012406081958986433,10,0.19206504798905838,0.01544993863677417,10,1.0018485,0.001505794,10,0.9980235273538505,0.0005802176286559988,10,0.08435622,0.005653158,10
two_concepts,TinyCNN,random_unitnorm,5,0.15944226639740106,0.018647895208539243,10,0.141282098455743,0.016979116718461994,10,0.018160167941658072,0.0071205940601205,10,9.7,0.9486832980505141,10,1.2950518300169294,0.01462714641792597,10,1.3087087167562612,0.013410758377350016,10,0.18922434679103334,0.018428929084584034,10,1.041281,0.009234303,10,0.967246064701078,0.006176254774433863,10,0.28757462,0.019307459,10
two_concepts,TinyCNN,random_unitnorm,10,0.17496447301058932,0.023221217922904516,10,0.15390536306148211,0.021833286027541313,10,0.02105910994910718,0.006133320318244483,10,9.8,1.1352924243950933,10,1.2825227643446762,0.01833765776482865,10,1.2985550273319981,0.017111268032920506,10,0.2028604584491453,0.020997974675842995,10,1.1421202,0.028047306,10,0.9046845940125422,0.014691434896492642,10,0.503811,0.048040893,10
two_concepts,TinyCNN,random_unitnorm,20,0.20534935912041133,0.030597237938174034,10,0.1792884245320692,0.031144116651810536,10,0.026060934588342122,0.008799877872353874,10,9.5,0.7071067811865476,10,1.2576709297304531,0.024581224075748642,10,1.2776944802341936,0.024515670036533477,10,0.25283770161245483,0.03551139713295217,10,1.4846532,0.06103519,10,0.7619512094922856,0.023617808884417415,10,0.9903873,0.08076694,10
two_concepts,TinyCNN,random_unitnorm,40,0.21894858792580676,0.03202386624143701,10,0.19133425637342624,0.038744408124328715,10,0.027614331552380487,0.011645779268557551,10,9.4,0.8432740427115676,10,1.2459027043496884,0.02649864980472959,10,1.2671230309243833,0.031159370967648547,10,0.30195039317404826,0.041558987038454745,10,2.1161199,0.06387273,10,0.6096169334526795,0.021513806968539103,10,1.7229542,0.07489794,10
two_concepts,TinyCNN,random_unitnorm,80,0.2210795486459546,0.03134223190846256,10,0.19102547141209716,0.037259530467125934,10,0.030054077233857446,0.01249261287521881,10,9.2,1.1352924243950933,10,1.2440237230691955,0.02602747237777826,10,1.2675288922418453,0.030318406131492535,10,0.31429631744677766,0.039354602337343544,10,2.6969872,0.05863755,10,0.5295931802859573,0.019390008968870675,10,2.3455975,0.063069835,10
two_concepts,TinyCNN,random_unitnorm,120,0.22155032289988252,0.031292323786551654,10,0.1909057290255795,0.036823682452741015,10,0.030644593874303017,0.012505884722064374,10,9.2,1.2292725943057181,10,1.24364293114562,0.02598603961742678,10,1.2676910679960083,0.029925000211137556,10,0.3151717844811669,0.03900164058195595,10,2.9943871,0.06272428,10,0.5005405144700792,0.019204408754970464,10,2.6568696,0.06563747,10
two_concepts,TinyCNN,random_unitnorm,160,0.22167395982950597,0.031426739162153904,10,0.19083122815361353,0.03685664959593409,10,0.030842731675892444,0.012210012916076467,10,9.3,1.3374935098492586,10,1.2435631446880113,0.0260814576911247,10,1.267676402970057,0.030058621611121397,10,0.31478112328163965,0.038844320356564314,10,3.191173,0.067446016,10,0.4842018631781112,0.01928072925391192,10,2.8612814,0.06992974,10
two_concepts,TinyCNN,random_unitnorm,200,0.22153437897490474,0.031420521444425954,10,0.1906443750776759,0.03694720899308554,10,0.030890003897228863,0.012084516770187539,10,9.2,1.398411797560202,10,1.243683589310639,0.026072850647627325,10,1.2677851169146381,0.0301060880540113,10,0.3141261793764949,0.03894888656845338,10,3.3373997,0.07153691,10,0.4732322329305065,0.019256683897364794,10,3.0125723,0.073664516,10
two_concepts,TinyCNN,template_init,0,1.0,0.0,10,1.0,0.0,10,0.0,0.0,10,16.0,0.0,10,1.3170890159654386e-09,0.0,10,1.3170890159654386e-09,0.0,10,0.8481368160118523,0.0,10,1.0,0.0,10,1.0,0.0,10,0.0,0.0,10
two_concepts,TinyCNN,template_init,1,0.9987716816649554,0.0003360984611648947,10,0.9987716816649554,0.0003360984611648947,10,0.0,0.0,10,16.0,0.0,10,0.042577144593679554,0.010066217675251935,10,0.042577144593679554,0.010066217675251935,10,0.8481125088138859,0.0013432510390586595,10,1.0040072,0.0021795575,10,0.9987716816649554,0.0003360984611648947,10,0.09059237,0.007312153,10
two_concepts,TinyCNN,template_init,5,0.9750583805883846,0.005460996306630224,10,0.9750583805883846,0.005460996306630224,10,0.0,0.0,10,16.0,0.0,10,0.21060131631272413,0.03044081367148977,10,0.21060131631272413,0.03044081367148977,10,0.8233196110418446,0.011215737329499863,10,1.0454776,0.013735837,10,0.9750583805883846,0.005460996306630224,10,0.2968791,0.038678065,10
two_concepts,TinyCNN,template_init,10,0.9223431327243506,0.0131777091087575,10,0.9221206141908759,0.013366049157797426,10,0.00022251853347479144,0.00043412539449319364,10,15.6,0.5163977794943222,10,0.38096559053581924,0.03791857105360267,10,0.38140214905510705,0.03828879755405752,10,0.7531634635947629,0.027611915309852395,10,1.1248133,0.01471911,10,0.9221206141908759,0.013366049157797426,10,0.47690043,0.029354803,10
two_concepts,TinyCNN,template_init,20,0.7999643618575487,0.028260292056278967,10,0.797384857409993,0.029067547463971857,10,0.002579504447555769,0.0029576077711540947,10,14.9,1.1972189997378648,10,0.6191658166681328,0.04781537949944358,10,0.6228397970605858,0.04864921521343626,10,0.613014579564475,0.03600999071687699,10,1.4285934,0.057283573,10,0.7973377098991618,0.029104509129972596,10,0.9150852,0.080024175,10
two_concepts,TinyCNN,template_init,40,0.6457893183425025,0.025725283712350742,10,0.6400272606490532,0.026743001273298272,10,0.005762057693449308,0.005284385953218957,10,13.3,0.9486832980505139,10,0.832876945492749,0.03108135844127389,10,0.8393575452652513,0.03189413854399752,10,0.4769433456039137,0.05761622285822484,10,2.136342,0.10949292,10,0.6383380398579641,0.0269183306056746,10,1.7230232,0.11597728,10
two_concepts,TinyCNN,template_init,80,0.5613259043151979,0.019559807292501254,10,0.5520019638546994,0.020222019716218304,10,0.009323940460498581,0.0066130212994401204,10,12.6,1.429840705968481,10,0.9294595931821117,0.02069225400002968,10,0.9390129338717179,0.021013493603559825,10,0.4217619257851508,0.06322714918463183,10,2.9229548,0.11898202,10,0.5487595923754045,0.02060664931419036,10,2.5459032,0.11434174,10
two_concepts,TinyCNN,template_init,120,0.5328427848864384,0.02020951142963727,10,0.5226998067151902,0.020966790547493116,10,0.010142978171248285,0.007282384710118268,10,12.2,1.2292725943057183,10,0.9597384039131956,0.02060663216002071,10,0.9696454284530758,0.02107463724820537,10,0.40210681629970635,0.06524062869875082,10,3.3409092,0.13033211,10,0.5189441403489155,0.02110822847593872,10,2.9741464,0.12466224,10
two_concepts,TinyCNN,template_init,160,0.5172250242654844,0.021369507059748664,10,0.5065180877283806,0.021625640848226695,10,0.010706936537103829,0.00742494152202051,10,12.0,1.247219128924647,10,0.9759201335142933,0.021202136497873707,10,0.9861183263271377,0.021127289816474923,10,0.3916553975183964,0.06673872721034836,10,3.6211572,0.14192532,10,0.5024899386510131,0.021800829752631125,10,3.2602603,0.13573073,10
two_concepts,TinyCNN,template_init,200,0.5073559515376131,0.02213985146120429,10,0.496336058496807,0.022017737791439545,10,0.011019893040806089,0.007454944950286552,10,12.0,1.0540925533894598,10,0.9860411566841515,0.021601372117817062,10,0.9964493566088428,0.02115631168356278,10,0.3856269564864179,0.06730494858722323,10,3.8301263,0.15216686,10,0.49206375904423394,0.02228258395871085,10,3.472791,0.14578259,10
two_concepts,TinyCNN,template_release,0,1.0,0.0,10,1.0,0.0,10,0.0,0.0,10,16.0,0.0,10,1.3170890159654386e-09,0.0,10,1.3170890159654386e-09,0.0,10,0.8481368160118523,0.0,10,1.0,0.0,10,1.0,0.0,10,0.0,0.0,10
two_concepts,TinyCNN,template_release,1,0.9989683336725891,0.00025858679040599645,10,0.9989683336725891,0.00025858679040599645,10,0.0,0.0,10,16.0,0.0,10,0.04070918387698591,0.007623659591406033,10,0.04070918387698591,0.007623659591406033,10,0.848425951068168,0.0015232545181817784,10,1.0003489,0.0021407418,10,0.9989683336725891,0.00025858679040599645,10,0.076265305,0.008656851,10
two_concepts,TinyCNN,template_release,5,0.9853087709982601,0.0023639369173291693,10,0.9853087709982601,0.0023639369173291693,10,0.0,0.0,10,16.0,0.0,10,0.16342149890639196,0.014717476540166327,10,0.16342149890639196,0.014717476540166327,10,0.8360528385470527,0.0063895292805815984,10,1.000107,0.014395379,10,0.9853087709982601,0.0023639369173291693,10,0.19118889,0.027824964,10
two_concepts,TinyCNN,template_release,10,0.9736038259493613,0.0056683614418082204,10,0.9736038259493613,0.0056683614418082204,10,0.0,0.0,10,16.0,0.0,10,0.2139501167477718,0.026911728451168584,10,0.2139501167477718,0.026911728451168584,10,0.821184816447038,0.01067019873734682,10,1.0287408,0.016121646,10,0.9736038259493613,0.0056683614418082204,10,0.23402683,0.029427063,10
two_concepts,TinyCNN,template_release,20,0.9576685222700974,0.008110282122764096,10,0.9573036455816506,0.008355969418374444,10,0.00036487668844666923,0.0005917379266764948,10,15.7,0.48304589153964805,10,0.26856525055178526,0.029135927795666726,10,0.2693028422718485,0.02952372278546033,10,0.8001243122484818,0.016586922231134196,10,1.083266,0.013704038,10,0.9573036455816506,0.008355969418374444,10,0.30741853,0.03215048,10
two_concepts,TinyCNN,template_release,40,0.9207473354253339,0.010036134415198397,10,0.9200168089828218,0.010402386386115155,10,0.0007305264425122582,0.0012176394328590747,10,15.7,0.48304589153964805,10,0.3703233036200021,0.0297823270937922,10,0.37154702444917376,0.030378258036450546,10,0.7505895868802582,0.022406332545183136,10,1.1810611,0.011184689,10,0.9200168089828218,0.010402386386115155,10,0.46300668,0.03258944,10
two_concepts,TinyCNN,template_release,80,0.8011708786312886,0.012596054273834232,10,0.7997907163073974,0.012578581672480884,10,0.0013801623238910432,0.0015872397994123727,10,15.0,0.6666666666666667,10,0.607359783228063,0.026459245928175695,10,0.609152941727382,0.026499429413049582,10,0.6105364523754542,0.027487032881315474,10,1.5450594,0.020623941,10,0.7992982811662465,0.01277699644069954,10,0.96691656,0.034589462,10
two_concepts,TinyCNN,template_release,120,0.649060419783009,0.00839041786442584,10,0.6453575471323266,0.0086775358285828,10,0.0037028726506823095,0.0025943647461486824,10,13.6,1.1737877907772674,10,0.8258375022537366,0.012620430724494376,10,0.8299826666964986,0.012874708343387421,10,0.46483067379222326,0.03041376609308068,10,2.2935324,0.069740474,10,0.6442530081409775,0.008570877066708359,10,1.8416363,0.06098567,10
two_concepts,TinyCNN,template_release,160,0.6038510804862015,0.008641313911667909,10,0.5990335446661639,0.008434823592229851,10,0.004817535820037677,0.002492040475548544,10,13.2,1.2292725943057186,10,0.8804569176874362,0.010294179634053463,10,0.8855635140972915,0.009955926198578933,10,0.4254237130525058,0.03368615132069989,10,2.6742425,0.102425806,10,0.5976810433252127,0.008289396162807739,10,2.2495627,0.090554826,10
two_concepts,TinyCNN,template_release,200,0.5797102917579638,0.01056852704772443,10,0.5742677663934123,0.010168043836266046,10,0.00544252536455162,0.0024830650516969254,10,12.9,0.9944289260117538,10,0.9080697320154639,0.011422949582196834,10,0.9136994074170449,0.010866364009216999,10,0.40572238219793844,0.03468848130372538,10,2.928444,0.1257366,10,0.5726863091318874,0.010255124009593128,10,2.5172138,0.113854334,10
two_concepts,TinyCNN,template_retention_1,0,1.0,0.0,10,1.0,0.0,10,0.0,0.0,10,16.0,0.0,10,1.3170890159654386e-09,0.0,10,1.3170890159654386e-09,0.0,10,0.8481368160118523,0.0,10,1.0,0.0,10,1.0,0.0,10,0.0,0.0,10
two_concepts,TinyCNN,template_retention_1,1,0.9989683336725891,0.00025858679040599645,10,0.9989683336725891,0.00025858679040599645,10,0.0,0.0,10,16.0,0.0,10,0.04070918387698591,0.007623659591406033,10,0.04070918387698591,0.007623659591406033,10,0.848425951068168,0.0015232545181817784,10,1.0003489,0.0021407418,10,0.9989683336725891,0.00025858679040599645,10,0.076265305,0.008656851,10
two_concepts,TinyCNN,template_retention_1,5,0.9853087709982601,0.0023639369173291693,10,0.9853087709982601,0.0023639369173291693,10,0.0,0.0,10,16.0,0.0,10,0.16342149890639196,0.014717476540166327,10,0.16342149890639196,0.014717476540166327,10,0.8360528385470527,0.0063895292805815984,10,1.000107,0.014395379,10,0.9853087709982601,0.0023639369173291693,10,0.19118889,0.027824964,10
two_concepts,TinyCNN,template_retention_1,10,0.9736038259493613,0.0056683614418082204,10,0.9736038259493613,0.0056683614418082204,10,0.0,0.0,10,16.0,0.0,10,0.2139501167477718,0.026911728451168584,10,0.2139501167477718,0.026911728451168584,10,0.821184816447038,0.01067019873734682,10,1.0287408,0.016121646,10,0.9736038259493613,0.0056683614418082204,10,0.23402683,0.029427063,10
two_concepts,TinyCNN,template_retention_1,20,0.9616143107771731,0.00750444133260205,10,0.9613842452171143,0.007672718251433766,10,0.00023006556005872314,0.00037447534850532647,10,15.7,0.48304589153964805,10,0.25475467562503995,0.028303570109626242,10,0.2552325435202943,0.028581031146647867,10,0.8053499305177052,0.01504143404116389,10,1.0753472,0.012334147,10,0.9613842452171143,0.007672718251433766,10,0.28930676,0.030566595,10
two_concepts,TinyCNN,template_retention_1,40,0.9463384261094611,0.007468138382619538,10,0.9460421658204657,0.007782608863936923,10,0.0002962602889953647,0.0005742226426551065,10,15.7,0.48304589153964805,10,0.3001652039845828,0.02722435405034528,10,0.30072474417968775,0.027754518998832977,10,0.7842832702329263,0.016210603037740464,10,1.117003,0.006772366,10,0.9460421658204657,0.007782608863936923,10,0.35383645,0.028154103,10
two_concepts,TinyCNN,template_retention_1,80,0.9406251386284653,0.0060692508832589365,10,0.940457835300804,0.0062576052328251084,10,0.00016730332766139443,0.00035612498543568795,10,15.8,0.4216370213557839,10,0.31365647704859867,0.02321892884739526,10,0.31397195252647536,0.02352409841974717,10,0.7766952018571545,0.012369603447198426,10,1.1252512,0.0031544087,10,0.940457835300804,0.0062576052328251084,10,0.37052512,0.021608042,10
two_concepts,TinyCNN,template_retention_1,120,0.9422244182544752,0.00502176719575554,10,0.942149044335669,0.00511006761289716,10,7.537391880605427e-05,0.00015935229781573141,10,15.8,0.4216370213557839,10,0.3081271603229187,0.019296345340837167,10,0.3082722439802961,0.01944623780705278,10,0.7792609562222863,0.011337555935233069,10,1.1156229,0.0047003147,10,0.942149044335669,0.00511006761289716,10,0.3591686,0.01734586,10
two_concepts,TinyCNN,template_retention_1,160,0.9444494571555202,0.004416581780844799,10,0.9444411748227466,0.0044323667598740735,10,8.282332773656975e-06,2.619103590421586e-05,10,15.9,0.3162277660168377,10,0.3013834976574848,0.017025607226363693,10,0.301399652644016,0.01705176207771972,10,0.7820821576342064,0.011142294922995113,10,1.1051915,0.0045895022,10,0.9444411748227466,0.0044323667598740735,10,0.34652525,0.0154873375,10
two_concepts,TinyCNN,template_retention_1,200,0.9467528822300618,0.004007197613110694,10,0.9467528822300618,0.004007197613110694,10,0.0,0.0,10,16.0,0.0,10,0.29398623038940463,0.015399793736832494,10,0.29398623038940463,0.015399793736832494,10,0.7853148909952172,0.011032494642915773,10,1.0965117,0.004513721,10,0.9467528822300618,0.004007197613110694,10,0.33426473,0.013911454,10
two_concepts,TwoLayerCNN,random,0,0.16394142505148215,0.018434487264770396,10,0.14636836402619802,0.019393641071143917,10,0.017573061025284144,0.007432756343162364,10,9.6,0.8432740427115678,10,1.2917481776513926,0.014223460906952437,10,1.3048912949266716,0.014711113973861368,10,0.19434649309003296,0.019230733338353567,10,0.5753781,0.005696428,10,1.0,3.700743415417188e-17,10,0.0,0.0,10
two_concepts,TwoLayerCNN,random,1,0.16862376470087634,0.018695286060603385,10,0.1514207047466432,0.01906491172808002,10,0.01720305995423312,0.006476853192759449,10,9.5,0.97182531580755,10,1.288100061954198,0.014496986886031585,10,1.3010195276808418,0.014537337325685256,10,0.19497751396086901,0.02274672051320383,10,0.5796488,0.0064409133,10,0.993359836811264,0.00030862767807146314,10,0.07197436,0.0022555112,10
two_concepts,TwoLayerCNN,random,5,0.2088175861659153,0.025493423341581722,10,0.18674033635934648,0.026664614864556305,10,0.02207724980656884,0.006186256741766889,10,9.1,1.1972189997378644,10,1.2559546241751602,0.02029679733964758,10,1.2729044326943213,0.02097817371096098,10,0.20755320190852072,0.02629472668579967,10,0.674594,0.013154463,10,0.9236962512407574,0.007714959307192074,10,0.27851707,0.015688563,10
two_concepts,TwoLayerCNN,random,10,0.24706028444713776,0.027660909532721073,10,0.22249618414886166,0.025969221259116257,10,0.02456410029827611,0.007193695154901796,10,9.2,0.7888106377466154,10,1.2240467944875937,0.022637440779522906,10,1.2434723019741423,0.021044381748086777,10,0.2577734698649512,0.03770306720836805,10,0.9441328,0.017431227,10,0.8073609045537614,0.013040513087701532,10,0.6088765,0.021621961,10
two_concepts,TwoLayerCNN,random,20,0.2558370893017592,0.02518176668232312,10,0.23124198233737175,0.023850606137505916,10,0.024595106964387468,0.006698414230943618,10,9.1,0.8755950357709129,10,1.216422533608571,0.020638959926902522,10,1.236312146732639,0.019287177168579913,10,0.2993697354653913,0.03493133926576463,10,1.328672,0.03151086,10,0.7090097291154025,0.01035653041493326,10,1.0261842,0.034487225,10
two_concepts,TwoLayerCNN,random,40,0.2551693392466556,0.026227130301369125,10,0.23135697453580945,0.024453511999803005,10,0.023812364710846173,0.00673755562177591,10,9.7,0.9486832980505138,10,1.2168722372013914,0.0215567740577614,10,1.2357689793150932,0.01989612956432849,10,0.3091929833959672,0.032790066411661475,10,1.5412186,0.048124805,10,0.6728256890437031,0.008135131704910325,10,1.2486029,0.05023484,10
two_concepts,TwoLayerCNN,random,80,0.25491348651655676,0.026747296436554432,10,0.23101748841926292,0.024395391213768196,10,0.02389599809729387,0.00729779957058841,10,9.7,1.159501808728406,10,1.217044350114866,0.02199429068391998,10,1.2361455971936979,0.01992605845925283,10,0.31429350534548217,0.033435149533914216,10,1.6837057,0.05530595,10,0.6533077883554382,0.006671985260431324,10,1.3963405,0.05677388,10
two_concepts,TwoLayerCNN,random,120,0.25480487572459787,0.026964035383032013,10,0.2308526363355566,0.02419143247452598,10,0.023952239389041226,0.00752409872136353,10,9.7,1.2516655570345725,10,1.2171091896683508,0.02217560281011601,10,1.2362288800236196,0.019742732524251003,10,0.3165310413915897,0.034051860170893046,10,1.7545269,0.0585032,10,0.6446031067640883,0.006277592347185369,10,1.4695224,0.059685532,10
two_concepts,TwoLayerCNN,random,160,0.25477410203065914,0.027155676361061504,10,0.23072385759325376,0.024082304013034978,10,0.024050244437405367,0.007705006979141578,10,9.7,1.2516655570345725,10,1.2171239485445162,0.022330315532957327,10,1.2363100760835177,0.019684127158451536,10,0.3180727070406433,0.03455687848063368,10,1.8014333,0.060709823,10,0.639139838529743,0.006130362143153679,10,1.5179054,0.061713643,10
two_concepts,TwoLayerCNN,random,200,0.2547332902991966,0.027278221949207287,10,0.23065398107501264,0.024007533093220717,10,0.02407930922418395,0.007797743903426413,10,9.6,1.0749676997731399,10,1.2171503079973323,0.022429528779649533,10,1.2364361942836635,0.01964874613838179,10,0.31925279899635445,0.03503768524993152,10,1.8364388,0.0623949,10,0.6352102035163155,0.0060563435984538425,10,1.5539668,0.06329011,10
two_concepts,TwoLayerCNN,random_unitnorm,0,0.16394142498765518,0.018434487399932503,10,0.14636836441197007,0.01939364086568195,10,0.017573060575685095,0.007432756047647104,10,9.6,0.8432740427115678,10,1.291748177701606,0.014223461010517484,10,1.3048912946418292,0.014711113829287276,10,0.19434649438090973,0.019230732926155514,10,1.0,0.0,10,1.0,3.700743415417188e-17,10,0.0,0.0,10
two_concepts,TwoLayerCNN,random_unitnorm,1,0.1647491730947791,0.01800392074039186,10,0.14795826149353566,0.019109843287005122,10,0.01679091160124343,0.007780127608530312,10,9.7,1.2516655570345725,10,1.2911226547815267,0.01391793215886852,10,1.3036949684886767,0.014578307839807502,10,0.19414747151036388,0.018805084034218093,10,1.0019152,0.0013509105,10,0.9977565533953809,0.00019320904862050312,10,0.07377507,0.0030782812,10
two_concepts,TwoLayerCNN,random_unitnorm,5,0.18822338747709208,0.021841000078448015,10,0.16689774034034424,0.024528764925054694,10,0.02132564713674783,0.006586275607693719,10,9.7,1.1595018087284057,10,1.2725455104414927,0.017319066333654425,10,1.2886913785976042,0.019282751346459005,10,0.20453978833125702,0.019830466423479545,10,1.0709609,0.00883757,10,0.9709531476572095,0.0032299479582891394,10,0.28354988,0.016012352,10
two_concepts,TwoLayerCNN,random_unitnorm,10,0.22123604618995024,0.0241396092899313,10,0.19596157331374392,0.02560056330450533,10,0.025274472876206357,0.010275361559547362,10,9.5,1.1785113019775795,10,1.245735940696979,0.019517055022142966,10,1.2654382424744803,0.020668049291753636,10,0.23247111517278335,0.017577916326744974,10,1.2861117,0.017738141,10,0.9104341379791892,0.008445962116485442,10,0.5987113,0.023269616,10
two_concepts,TwoLayerCNN,random_unitnorm,20,0.23922104524050586,0.024364511099013136,10,0.2125383556890935,0.025161869812169654,10,0.026682689551412352,0.010563277637578096,10,9.4,1.1737877907772674,10,1.2308604061009647,0.01996639599519532,10,1.2519297560434555,0.020605436629242586,10,0.25967773231188285,0.019408251535344697,10,1.6207485,0.013871625,10,0.8383466605075173,0.01252226527280476,10,0.9943615,0.019871797,10
two_concepts,TwoLayerCNN,random_unitnorm,40,0.24153735189474382,0.025390386458209676,10,0.21576790012844094,0.025789894925176072,10,0.0257694517663029,0.009479243897719982,10,9.6,0.966091783079296,10,1.2288022969359038,0.02084439866981085,10,1.2490017354805922,0.02104614404171856,10,0.26871397270245045,0.01836735034878777,10,1.8226677,0.027537277,10,0.8046207053001886,0.014003124024530047,10,1.217475,0.03237788,10
two_concepts,TwoLayerCNN,random_unitnorm,80,0.24254800977915125,0.02662828155249899,10,0.21697864029105215,0.026247682480771334,10,0.02556936948809908,0.009790389728725079,10,9.4,0.8432740427115678,10,1.2278803201924207,0.021853199716538027,10,1.2480196308737437,0.0214121046891194,10,0.27462937917657715,0.018206647417876108,10,1.963357,0.036098797,10,0.7845519789116422,0.014918929839561315,10,1.3700016,0.040688865,10
two_concepts,TwoLayerCNN,random_unitnorm,120,0.2428108045261356,0.027077112076647696,10,0.21752877597828432,0.02636798503959082,10,0.025282028547851283,0.0098023293838884,10,9.3,1.0593499054713804,10,1.2276176125526699,0.02222490448323101,10,1.2475791710106852,0.02155173923889239,10,0.27749695438957994,0.018549083022204153,10,2.0346968,0.039899867,10,0.7753201665816617,0.015414694410856916,10,1.4464703,0.04444435,10
two_concepts,TwoLayerCNN,random_unitnorm,160,0.24292974814074478,0.02743992901149661,10,0.21784415587707465,0.026447761360914646,10,0.02508559226367011,0.009852871614456112,10,9.1,1.1005049346146119,10,1.2274938258281025,0.02252333934865873,10,1.247284492339796,0.02162313982051294,10,0.27926935107767126,0.01876098555125116,10,2.0823221,0.042295307,10,0.7694838980488422,0.01570298965037424,10,1.4972563,0.0467583,10
two_concepts,TwoLayerCNN,random_unitnorm,200,0.2429906899438706,0.027700849051427244,10,0.2180352110048366,0.02651670828419752,10,0.024955478939034017,0.009893742428512719,10,9.0,1.0540925533894598,10,1.227426618380201,0.022737517207843665,10,1.2471176320351465,0.02167988016547437,10,0.2805459276568953,0.0189074505920242,10,2.1180396,0.043998912,10,0.7652552994414606,0.0159152821113174,10,1.5352285,0.048422247,10
two_concepts,TwoLayerCNN,template_init,0,1.0,0.0,10,1.0,0.0,10,0.0,0.0,10,16.0,0.0,10,1.3170890159654386e-09,0.0,10,1.3170890159654386e-09,0.0,10,0.8481368160118523,0.0,10,1.0,0.0,10,1.0,0.0,10,0.0,0.0,10
two_concepts,TwoLayerCNN,template_init,1,0.9977150668369006,0.0001985216815380896,10,0.9977150668369006,0.0001985216815380896,10,0.0,0.0,10,16.0,0.0,10,0.06708684967313897,0.0030743962260530422,10,0.06708684967313897,0.0030743962260530422,10,0.8481992798302811,0.002549745928162341,10,0.9986412,0.0031424202,10,0.9977150668369006,0.0001985216815380896,10,0.07451232,0.003658704,10
two_concepts,TwoLayerCNN,template_init,5,0.9695409063115029,0.002831838620570965,10,0.9695409063115029,0.002831838620570965,10,0.0,0.0,10,16.0,0.0,10,0.24524324169381728,0.011627978188355663,10,0.24524324169381728,0.011627978188355663,10,0.8102945421620913,0.010206341053584332,10,1.0570061,0.017017135,10,0.9695409063115029,0.002831838620570965,10,0.2690013,0.015890682,10
two_concepts,TwoLayerCNN,template_init,10,0.9084912987165561,0.00570674127485798,10,0.9084912987165561,0.00570674127485798,10,0.0,0.0,10,16.0,0.0,10,0.42549129633965466,0.013192371166733895,10,0.42549129633965466,0.013192371166733895,10,0.7438065134880439,0.01881664922282398,10,1.2696383,0.03145789,10,0.9084912987165561,0.00570674127485798,10,0.56937444,0.028608935,10
two_concepts,TwoLayerCNN,template_init,20,0.8295197590052374,0.00792171551401257,10,0.829350443427578,0.00818878972562566,10,0.00016931557765943462,0.0004092095400909906,10,15.7,0.6749485577105528,10,0.5809562392280392,0.013191392542510935,10,0.5812361152943508,0.013644530263600132,10,0.6773444089471893,0.016342195911525977,10,1.6614338,0.02817559,10,0.829350443427578,0.00818878972562566,10,1.0200605,0.026371103,10
two_concepts,TwoLayerCNN,template_init,40,0.7883073396405191,0.011939731635395778,10,0.787932471035186,0.012346985351843807,10,0.00037486860533310075,0.0007785336321961808,10,15.4,0.8432740427115679,10,0.647239263895613,0.018371122555153066,10,0.6478064057292356,0.01895480464956259,10,0.6426932257070994,0.015957893901139344,10,1.9193962,0.04151043,10,0.787932471035186,0.012346985351843807,10,1.3049126,0.045657918,10
two_concepts,TwoLayerCNN,template_init,80,0.7658302225126369,0.015023765464806623,10,0.7652803860994255,0.015347341697035723,10,0.000549836413211402,0.0009331725457234053,10,15.3,0.8232726023485646,10,0.6804994173901214,0.022112861294377624,10,0.6813013069144744,0.022539819614371858,10,0.6234944727561148,0.018824649730824178,10,2.089696,0.055312518,10,0.7652803860994255,0.015347341697035723,10,1.4890581,0.0636691,10
two_concepts,TwoLayerCNN,template_init,120,0.75621039247219,0.01622943647781916,10,0.7556148712601696,0.01644472910554996,10,0.0005955212120204778,0.0009339641037758465,10,15.4,0.6992058987801011,10,0.6942606130241793,0.02342957402798908,10,0.6951229096156688,0.02369835739098874,10,0.615185327022395,0.020481113870432884,10,2.1724083,0.060878165,10,0.7556148712601696,0.01644472910554996,10,1.5774333,0.0708791,10
two_concepts,TwoLayerCNN,template_init,160,0.7504336458365825,0.016813818351007714,10,0.7498065719928687,0.016986469029452052,10,0.0006270738437138323,0.0009535882434103265,10,15.4,0.6992058987801011,10,0.7024089032759796,0.02400945708404243,10,0.7033116973542454,0.024213739305339103,10,0.6104557783782083,0.02135736762752584,10,2.2258115,0.06392086,10,0.7498065719928687,0.016986469029452052,10,1.634093,0.07466454,10
two_concepts,TwoLayerCNN,template_init,200,0.7464031816584329,0.017171325462092425,10,0.7457516146530636,0.017324831320723877,10,0.0006515670053692357,0.0009712497577128374,10,15.4,0.6992058987801011,10,0.7080469232801276,0.0243404704482136,10,0.7089803616539011,0.024513391415426862,10,0.6072192452293972,0.02196040327575984,10,2.265025,0.06593736,10,0.7457516146530636,0.017324831320723877,10,1.6755078,0.07710621,10
two_concepts,TwoLayerCNN,template_release,0,1.0,0.0,10,1.0,0.0,10,0.0,0.0,10,16.0,0.0,10,1.3170890159654386e-09,0.0,10,1.3170890159654386e-09,0.0,10,0.8481368160118523,0.0,10,1.0,0.0,10,1.0,0.0,10,0.0,0.0,10
two_concepts,TwoLayerCNN,template_release,1,0.9981297696852716,0.00020702798713966537,10,0.9981297696852716,0.00020702798713966537,10,0.0,0.0,10,16.0,0.0,10,0.060654943488308875,0.003536122097031937,10,0.060654943488308875,0.003536122097031937,10,0.8485347389720088,0.0024091650467566264,10,0.99814194,0.003187137,10,0.9981297696852716,0.00020702798713966537,10,0.067398384,0.004177571,10
two_concepts,TwoLayerCNN,template_release,5,0.9892568725670865,0.0018230931222751152,10,0.9892568725670865,0.0018230931222751152,10,0.0,0.0,10,16.0,0.0,10,0.14454620006003582,0.012491965713793792,10,0.14454620006003582,0.012491965713793792,10,0.8366609577402683,0.005725412633362705,10,1.037367,0.0110831605,10,0.9892568725670865,0.0018230931222751152,10,0.1610416,0.01641684,10
two_concepts,TwoLayerCNN,template_release,10,0.9782985429862798,0.002494828710895062,10,0.9782985429862798,0.002494828710895062,10,0.0,0.0,10,16.0,0.0,10,0.20589893565948217,0.011824261172162322,10,0.20589893565948217,0.011824261172162322,10,0.8312954571230218,0.008354464800621731,10,1.1330235,0.013858487,10,0.9782985429862798,0.002494828710895062,10,0.27609962,0.017480243,10
two_concepts,TwoLayerCNN,template_release,20,0.9754858167640081,0.0019888465034128,10,0.9754858167640081,0.0019888465034128,10,0.0,0.0,10,16.0,0.0,10,0.21864012061201113,0.008583220079345442,10,0.21864012061201113,0.008583220079345442,10,0.8340522645206458,0.004917016204926288,10,1.1535393,0.0072703063,10,0.9754858167640081,0.0019888465034128,10,0.30220363,0.010680507,10
two_concepts,TwoLayerCNN,template_release,40,0.9804791065112541,0.003451099018673028,10,0.9804791065112541,0.003451099018673028,10,0.0,0.0,10,16.0,0.0,10,0.19340615974642467,0.01681964267084378,10,0.19340615974642467,0.01681964267084378,10,0.8368899963207461,0.004711819665983279,10,1.1152478,0.010242038,10,0.9804791065112541,0.003451099018673028,10,0.2555502,0.022087734,10
two_concepts,TwoLayerCNN,template_release,80,0.9658937557820864,0.005743738443707883,10,0.9658937557820864,0.005743738443707883,10,0.0,0.0,10,16.0,0.0,10,0.25614896076397803,0.02194849345665733,10,0.25614896076397803,0.02194849345665733,10,0.8252601588489291,0.00782731450840343,10,1.1723603,0.014510681,10,0.9658937557820864,0.005743738443707883,10,0.34857962,0.029979039,10
two_concepts,TwoLayerCNN,template_release,120,0.9291485476761949,0.009260760219763282,10,0.9291485476761949,0.009260760219763282,10,0.0,0.0,10,16.0,0.0,10,0.37148090305113424,0.02470460099601589,10,0.37148090305113424,0.02470460099601589,10,0.7949217486406526,0.01173890209756478,10,1.3353629,0.025322411,10,0.9291485476761949,0.009260760219763282,10,0.56677514,0.04006531,10
two_concepts,TwoLayerCNN,template_release,160,0.9152739597989925,0.01091865600876021,10,0.9152739597989925,0.01091865600876021,10,0.0,0.0,10,16.0,0.0,10,0.406631795929263,0.026595022559647755,10,0.406631795929263,0.026595022559647755,10,0.7831652687009198,0.013328404139716749,10,1.4080747,0.03221216,10,0.9152739597989925,0.01091865600876021,10,0.6540545,0.04744862,10
two_concepts,TwoLayerCNN,template_release,200,0.9066660376007751,0.011816182071325544,10,0.9066660376007751,0.011816182071325544,10,0.0,0.0,10,16.0,0.0,10,0.42701766255882195,0.027420434996513882,10,0.42701766255882195,0.027420434996513882,10,0.7759637000816453,0.014142923456316963,10,1.456347,0.03658888,10,0.9066660376007751,0.011816182071325544,10,0.7104962,0.051900633,10
two_concepts,TwoLayerCNN,template_retention_1,0,1.0,0.0,10,1.0,0.0,10,0.0,0.0,10,16.0,0.0,10,1.3170890159654386e-09,0.0,10,1.3170890159654386e-09,0.0,10,0.8481368160118523,0.0,10,1.0,0.0,10,1.0,0.0,10,0.0,0.0,10
two_concepts,TwoLayerCNN,template_retention_1,1,0.9981297696852716,0.00020702798713966537,10,0.9981297696852716,0.00020702798713966537,10,0.0,0.0,10,16.0,0.0,10,0.060654943488308875,0.003536122097031937,10,0.060654943488308875,0.003536122097031937,10,0.8485347389720088,0.0024091650467566264,10,0.99814194,0.003187137,10,0.9981297696852716,0.00020702798713966537,10,0.067398384,0.004177571,10
two_concepts,TwoLayerCNN,template_retention_1,5,0.9892568725670865,0.0018230931222751152,10,0.9892568725670865,0.0018230931222751152,10,0.0,0.0,10,16.0,0.0,10,0.14454620006003582,0.012491965713793792,10,0.14454620006003582,0.012491965713793792,10,0.8366609577402683,0.005725412633362705,10,1.037367,0.0110831605,10,0.9892568725670865,0.0018230931222751152,10,0.1610416,0.01641684,10
two_concepts,TwoLayerCNN,template_retention_1,10,0.9782985429862798,0.002494828710895062,10,0.9782985429862798,0.002494828710895062,10,0.0,0.0,10,16.0,0.0,10,0.20589893565948217,0.011824261172162322,10,0.20589893565948217,0.011824261172162322,10,0.8312954571230218,0.008354464800621731,10,1.1330235,0.013858487,10,0.9782985429862798,0.002494828710895062,10,0.27609962,0.017480243,10
two_concepts,TwoLayerCNN,template_retention_1,20,0.9784356001605854,0.0018541365921571817,10,0.9784356001605854,0.0018541365921571817,10,0.0,0.0,10,16.0,0.0,10,0.2048909302682506,0.008540094446314412,10,0.2048909302682506,0.008540094446314412,10,0.8362476951049815,0.004354935632528565,10,1.1391112,0.0072485195,10,0.9784356001605854,0.0018541365921571817,10,0.28057212,0.010564992,10
two_concepts,TwoLayerCNN,template_retention_1,40,0.9878181265270918,0.0025463485187131544,10,0.9878181265270918,0.0025463485187131544,10,0.0,0.0,10,16.0,0.0,10,0.15176273939925394,0.015473908541942714,10,0.15176273939925394,0.015473908541942714,10,0.8424856790186224,0.0026274941800531614,10,1.0803173,0.006892926,10,0.9878181265270918,0.0025463485187131544,10,0.19608296,0.018786218,10
two_concepts,TwoLayerCNN,template_retention_1,80,0.9947144541311645,0.0016186296944033897,10,0.9947144541311645,0.0016186296944033897,10,0.0,0.0,10,16.0,0.0,10,0.09761958345417879,0.015064489119190531,10,0.09761958345417879,0.015064489119190531,10,0.8464276366727393,0.0015041745095379937,10,1.0404291,0.0041230707,10,0.9947144541311645,0.0016186296944033897,10,0.123679,0.017509608,10
two_concepts,TwoLayerCNN,template_retention_1,120,0.997190286802285,0.0010824236292299098,10,0.997190286802285,0.0010824236292299098,10,0.0,0.0,10,16.0,0.0,10,0.07021459715376274,0.013837973159477414,10,0.07021459715376274,0.013837973159477414,10,0.8477221898703181,0.0015526521862535287,10,1.0262314,0.0036459125,10,0.997190286802285,0.0010824236292299098,10,0.08918392,0.015429852,10
two_concepts,TwoLayerCNN,template_retention_1,160,0.998347522400239,0.0006440831415940733,10,0.998347522400239,0.0006440831415940733,10,0.0,0.0,10,16.0,0.0,10,0.05355059519102225,0.01103102952949829,10,0.05355059519102225,0.01103102952949829,10,0.8478688177188005,0.0014385532143396794,10,1.0189383,0.003248757,10,0.998347522400239,0.0006440831415940733,10,0.068417996,0.012985607,10
two_concepts,TwoLayerCNN,template_retention_1,200,0.9989495006362595,0.0004715143227722676,10,0.9989495006362595,0.0004715143227722676,10,0.0,0.0,10,16.0,0.0,10,0.042152162394588064,0.009826265884458582,10,0.042152162394588064,0.009826265884458582,10,0.8482170347395186,0.0013955359766683567,10,1.0140908,0.002490427,10,0.9989495006362595,0.0004715143227722676,10,0.054640345,0.011469373,10
