task,architecture,condition,metric,target,n,spearman
single_shape,TinyCNN,random,nearest_cosine,id_acc,10,
single_shape,TinyCNN,random,nearest_cosine,semantic_auc,10,0.34545454545454546
single_shape,TinyCNN,random,nearest_cosine,localization_iou,10,0.3696969696969697
single_shape,TinyCNN,random,nearest_cosine,causal_usefulness,10,0.0303030303030303
single_shape,TinyCNN,random,nearest_cosine,cf_accuracy,10,0.32121212121212117
single_shape,TinyCNN,random,assignment_cosine,id_acc,10,
single_shape,TinyCNN,random,assignment_cosine,semantic_auc,10,0.04242424242424241
single_shape,TinyCNN,random,assignment_cosine,localization_iou,10,-0.006060606060606061
single_shape,TinyCNN,random,assignment_cosine,causal_usefulness,10,0.28484848484848485
single_shape,TinyCNN,random,assignment_cosine,cf_accuracy,10,0.6242424242424242
single_shape,TinyCNN,random,matching_gap,id_acc,10,
single_shape,TinyCNN,random,matching_gap,semantic_auc,10,0.4787878787878787
single_shape,TinyCNN,random,matching_gap,localization_iou,10,0.35757575757575755
single_shape,TinyCNN,random,matching_gap,causal_usefulness,10,-0.3696969696969697
single_shape,TinyCNN,random,matching_gap,cf_accuracy,10,-0.49090909090909085
single_shape,TinyCNN,random_unitnorm,nearest_cosine,id_acc,10,
single_shape,TinyCNN,random_unitnorm,nearest_cosine,semantic_auc,10,0.10303030303030303
single_shape,TinyCNN,random_unitnorm,nearest_cosine,localization_iou,10,-0.04242424242424241
single_shape,TinyCNN,random_unitnorm,nearest_cosine,causal_usefulness,10,-0.2606060606060606
single_shape,TinyCNN,random_unitnorm,nearest_cosine,cf_accuracy,10,0.0303030303030303
single_shape,TinyCNN,random_unitnorm,assignment_cosine,id_acc,10,
single_shape,TinyCNN,random_unitnorm,assignment_cosine,semantic_auc,10,-0.2121212121212121
single_shape,TinyCNN,random_unitnorm,assignment_cosine,localization_iou,10,-0.28484848484848485
single_shape,TinyCNN,random_unitnorm,assignment_cosine,causal_usefulness,10,0.12727272727272726
single_shape,TinyCNN,random_unitnorm,assignment_cosine,cf_accuracy,10,0.24848484848484845
single_shape,TinyCNN,random_unitnorm,matching_gap,id_acc,10,
single_shape,TinyCNN,random_unitnorm,matching_gap,semantic_auc,10,0.32121212121212117
single_shape,TinyCNN,random_unitnorm,matching_gap,localization_iou,10,0.23636363636363633
single_shape,TinyCNN,random_unitnorm,matching_gap,causal_usefulness,10,-0.4424242424242424
single_shape,TinyCNN,random_unitnorm,matching_gap,cf_accuracy,10,-0.43030303030303024
single_shape,TinyCNN,template_init,nearest_cosine,id_acc,10,
single_shape,TinyCNN,template_init,nearest_cosine,semantic_auc,10,0.41818181818181815
single_shape,TinyCNN,template_init,nearest_cosine,localization_iou,10,-0.05454545454545454
single_shape,TinyCNN,template_init,nearest_cosine,causal_usefulness,10,-0.17575757575757575
single_shape,TinyCNN,template_init,nearest_cosine,cf_accuracy,10,-0.29696969696969694
single_shape,TinyCNN,template_init,assignment_cosine,id_acc,10,
single_shape,TinyCNN,template_init,assignment_cosine,semantic_auc,10,0.49090909090909085
single_shape,TinyCNN,template_init,assignment_cosine,localization_iou,10,-0.09090909090909088
single_shape,TinyCNN,template_init,assignment_cosine,causal_usefulness,10,-0.10303030303030303
single_shape,TinyCNN,template_init,assignment_cosine,cf_accuracy,10,-0.19999999999999998
single_shape,TinyCNN,template_init,matching_gap,id_acc,10,
single_shape,TinyCNN,template_init,matching_gap,semantic_auc,10,-0.16363636363636364
single_shape,TinyCNN,template_init,matching_gap,localization_iou,10,0.2121212121212121
single_shape,TinyCNN,template_init,matching_gap,causal_usefulness,10,-0.10303030303030303
single_shape,TinyCNN,template_init,matching_gap,cf_accuracy,10,-0.406060606060606
single_shape,TinyCNN,template_release,nearest_cosine,id_acc,10,
single_shape,TinyCNN,template_release,nearest_cosine,semantic_auc,10,0.6484848484848483
single_shape,TinyCNN,template_release,nearest_cosine,localization_iou,10,-0.35757575757575755
single_shape,TinyCNN,template_release,nearest_cosine,causal_usefulness,10,-0.05454545454545454
single_shape,TinyCNN,template_release,nearest_cosine,cf_accuracy,10,0.0303030303030303
single_shape,TinyCNN,template_release,assignment_cosine,id_acc,10,
single_shape,TinyCNN,template_release,assignment_cosine,semantic_auc,10,0.6606060606060605
single_shape,TinyCNN,template_release,assignment_cosine,localization_iou,10,-0.309090909090909
single_shape,TinyCNN,template_release,assignment_cosine,causal_usefulness,10,0.04242424242424241
single_shape,TinyCNN,template_release,assignment_cosine,cf_accuracy,10,0.11515151515151514
single_shape,TinyCNN,template_release,matching_gap,id_acc,10,
single_shape,TinyCNN,template_release,matching_gap,semantic_auc,10,-0.2606060606060606
single_shape,TinyCNN,template_release,matching_gap,localization_iou,10,0.35757575757575755
single_shape,TinyCNN,template_release,matching_gap,causal_usefulness,10,-0.17575757575757575
single_shape,TinyCNN,template_release,matching_gap,cf_accuracy,10,-0.2727272727272727
single_shape,TinyCNN,template_retention_1,nearest_cosine,id_acc,10,-0.4061811972299616
single_shape,TinyCNN,template_retention_1,nearest_cosine,semantic_auc,10,0.406060606060606
single_shape,TinyCNN,template_retention_1,nearest_cosine,localization_iou,10,-0.6242424242424242
single_shape,TinyCNN,template_retention_1,nearest_cosine,causal_usefulness,10,0.34545454545454546
single_shape,TinyCNN,template_retention_1,nearest_cosine,cf_accuracy,10,0.03039527718400323
single_shape,TinyCNN,template_retention_1,assignment_cosine,id_acc,10,-0.4061811972299616
single_shape,TinyCNN,template_retention_1,assignment_cosine,semantic_auc,10,0.406060606060606
single_shape,TinyCNN,template_retention_1,assignment_cosine,localization_iou,10,-0.6242424242424242
single_shape,TinyCNN,template_retention_1,assignment_cosine,causal_usefulness,10,0.34545454545454546
single_shape,TinyCNN,template_retention_1,assignment_cosine,cf_accuracy,10,0.03039527718400323
single_shape,TinyCNN,template_retention_1,matching_gap,id_acc,10,
single_shape,TinyCNN,template_retention_1,matching_gap,semantic_auc,10,
single_shape,TinyCNN,template_retention_1,matching_gap,localization_iou,10,
single_shape,TinyCNN,template_retention_1,matching_gap,causal_usefulness,10,
single_shape,TinyCNN,template_retention_1,matching_gap,cf_accuracy,10,
single_shape,TwoLayerCNN,random,nearest_cosine,id_acc,10,
single_shape,TwoLayerCNN,random,nearest_cosine,semantic_auc,10,0.04242424242424241
single_shape,TwoLayerCNN,random,nearest_cosine,localization_iou,10,0.07878787878787878
single_shape,TwoLayerCNN,random,nearest_cosine,causal_usefulness,10,-0.22424242424242422
single_shape,TwoLayerCNN,random,nearest_cosine,cf_accuracy,10,-0.5227987675648555
single_shape,TwoLayerCNN,random,assignment_cosine,id_acc,10,
single_shape,TwoLayerCNN,random,assignment_cosine,semantic_auc,10,0.09090909090909088
single_shape,TwoLayerCNN,random,assignment_cosine,localization_iou,10,0.23636363636363633
single_shape,TwoLayerCNN,random,assignment_cosine,causal_usefulness,10,-0.0303030303030303
single_shape,TwoLayerCNN,random,assignment_cosine,cf_accuracy,10,-0.3708223816448394
single_shape,TwoLayerCNN,random,matching_gap,id_acc,10,
single_shape,TwoLayerCNN,random,matching_gap,semantic_auc,10,-0.5878787878787878
single_shape,TwoLayerCNN,random,matching_gap,localization_iou,10,-0.5757575757575757
single_shape,TwoLayerCNN,random,matching_gap,causal_usefulness,10,-0.18787878787878787
single_shape,TwoLayerCNN,random,matching_gap,cf_accuracy,10,-0.13373921960961418
single_shape,TwoLayerCNN,random_unitnorm,nearest_cosine,id_acc,10,
single_shape,TwoLayerCNN,random_unitnorm,nearest_cosine,semantic_auc,10,0.6484848484848483
single_shape,TwoLayerCNN,random_unitnorm,nearest_cosine,localization_iou,10,0.33333333333333326
single_shape,TwoLayerCNN,random_unitnorm,nearest_cosine,causal_usefulness,10,-0.23636363636363633
single_shape,TwoLayerCNN,random_unitnorm,nearest_cosine,cf_accuracy,10,-0.309090909090909
single_shape,TwoLayerCNN,random_unitnorm,assignment_cosine,id_acc,10,
single_shape,TwoLayerCNN,random_unitnorm,assignment_cosine,semantic_auc,10,0.6484848484848483
single_shape,TwoLayerCNN,random_unitnorm,assignment_cosine,localization_iou,10,0.33333333333333326
single_shape,TwoLayerCNN,random_unitnorm,assignment_cosine,causal_usefulness,10,-0.28484848484848485
single_shape,TwoLayerCNN,random_unitnorm,assignment_cosine,cf_accuracy,10,-0.2727272727272727
single_shape,TwoLayerCNN,random_unitnorm,matching_gap,id_acc,10,
single_shape,TwoLayerCNN,random_unitnorm,matching_gap,semantic_auc,10,-0.43030303030303024
single_shape,TwoLayerCNN,random_unitnorm,matching_gap,localization_iou,10,-0.06666666666666665
single_shape,TwoLayerCNN,random_unitnorm,matching_gap,causal_usefulness,10,0.3696969696969697
single_shape,TwoLayerCNN,random_unitnorm,matching_gap,cf_accuracy,10,0.10303030303030303
single_shape,TwoLayerCNN,template_init,nearest_cosine,id_acc,10,
single_shape,TwoLayerCNN,template_init,nearest_cosine,semantic_auc,10,0.32121212121212117
single_shape,TwoLayerCNN,template_init,nearest_cosine,localization_iou,10,0.01818181818181818
single_shape,TwoLayerCNN,template_init,nearest_cosine,causal_usefulness,10,0.17575757575757575
single_shape,TwoLayerCNN,template_init,nearest_cosine,cf_accuracy,10,0.06666666666666665
single_shape,TwoLayerCNN,template_init,assignment_cosine,id_acc,10,
single_shape,TwoLayerCNN,template_init,assignment_cosine,semantic_auc,10,0.32121212121212117
single_shape,TwoLayerCNN,template_init,assignment_cosine,localization_iou,10,0.01818181818181818
single_shape,TwoLayerCNN,template_init,assignment_cosine,causal_usefulness,10,0.17575757575757575
single_shape,TwoLayerCNN,template_init,assignment_cosine,cf_accuracy,10,0.06666666666666665
single_shape,TwoLayerCNN,template_init,matching_gap,id_acc,10,
single_shape,TwoLayerCNN,template_init,matching_gap,semantic_auc,10,-0.21624335800309782
single_shape,TwoLayerCNN,template_init,matching_gap,localization_iou,10,-0.17150335289900864
single_shape,TwoLayerCNN,template_init,matching_gap,causal_usefulness,10,-0.17150335289900864
single_shape,TwoLayerCNN,template_init,matching_gap,cf_accuracy,10,-0.23115669303779424
single_shape,TwoLayerCNN,template_release,nearest_cosine,id_acc,10,0.4061811972299616
single_shape,TwoLayerCNN,template_release,nearest_cosine,semantic_auc,10,0.006060606060606061
single_shape,TwoLayerCNN,template_release,nearest_cosine,localization_iou,10,0.07878787878787878
single_shape,TwoLayerCNN,template_release,nearest_cosine,causal_usefulness,10,0.5757575757575757
single_shape,TwoLayerCNN,template_release,nearest_cosine,cf_accuracy,10,0.5531940447488588
single_shape,TwoLayerCNN,template_release,assignment_cosine,id_acc,10,0.4061811972299616
single_shape,TwoLayerCNN,template_release,assignment_cosine,semantic_auc,10,0.006060606060606061
single_shape,TwoLayerCNN,template_release,assignment_cosine,localization_iou,10,0.07878787878787878
single_shape,TwoLayerCNN,template_release,assignment_cosine,causal_usefulness,10,0.5757575757575757
single_shape,TwoLayerCNN,template_release,assignment_cosine,cf_accuracy,10,0.5531940447488588
single_shape,TwoLayerCNN,template_release,matching_gap,id_acc,10,
single_shape,TwoLayerCNN,template_release,matching_gap,semantic_auc,10,
single_shape,TwoLayerCNN,template_release,matching_gap,localization_iou,10,
single_shape,TwoLayerCNN,template_release,matching_gap,causal_usefulness,10,
single_shape,TwoLayerCNN,template_release,matching_gap,cf_accuracy,10,
single_shape,TwoLayerCNN,template_retention_1,nearest_cosine,id_acc,10,0.26111648393354675
single_shape,TwoLayerCNN,template_retention_1,nearest_cosine,semantic_auc,10,0.23636363636363633
single_shape,TwoLayerCNN,template_retention_1,nearest_cosine,localization_iou,10,0.05454545454545454
single_shape,TwoLayerCNN,template_retention_1,nearest_cosine,causal_usefulness,10,0.49090909090909085
single_shape,TwoLayerCNN,template_retention_1,nearest_cosine,cf_accuracy,10,0.43030303030303024
single_shape,TwoLayerCNN,template_retention_1,assignment_cosine,id_acc,10,0.26111648393354675
single_shape,TwoLayerCNN,template_retention_1,assignment_cosine,semantic_auc,10,0.23636363636363633
single_shape,TwoLayerCNN,template_retention_1,assignment_cosine,localization_iou,10,0.05454545454545454
single_shape,TwoLayerCNN,template_retention_1,assignment_cosine,causal_usefulness,10,0.49090909090909085
single_shape,TwoLayerCNN,template_retention_1,assignment_cosine,cf_accuracy,10,0.43030303030303024
single_shape,TwoLayerCNN,template_retention_1,matching_gap,id_acc,10,
single_shape,TwoLayerCNN,template_retention_1,matching_gap,semantic_auc,10,
single_shape,TwoLayerCNN,template_retention_1,matching_gap,localization_iou,10,
single_shape,TwoLayerCNN,template_retention_1,matching_gap,causal_usefulness,10,
single_shape,TwoLayerCNN,template_retention_1,matching_gap,cf_accuracy,10,
two_concepts,TinyCNN,random,nearest_cosine,id_acc,10,-0.269752900470193
two_concepts,TinyCNN,random,nearest_cosine,semantic_auc,10,-0.11515151515151514
two_concepts,TinyCNN,random,nearest_cosine,localization_iou,10,0.5393939393939393
two_concepts,TinyCNN,random,nearest_cosine,causal_usefulness,10,0.23636363636363633
two_concepts,TinyCNN,random,nearest_cosine,cf_accuracy,10,0.04242424242424241
two_concepts,TinyCNN,random,assignment_cosine,id_acc,10,-0.44540595193915583
two_concepts,TinyCNN,random,assignment_cosine,semantic_auc,10,-0.16363636363636364
two_concepts,TinyCNN,random,assignment_cosine,localization_iou,10,0.5757575757575757
two_concepts,TinyCNN,random,assignment_cosine,causal_usefulness,10,0.4787878787878787
two_concepts,TinyCNN,random,assignment_cosine,cf_accuracy,10,0.32121212121212117
two_concepts,TinyCNN,random,matching_gap,id_acc,10,0.5081391846066426
two_concepts,TinyCNN,random,matching_gap,semantic_auc,10,0.11515151515151514
two_concepts,TinyCNN,random,matching_gap,localization_iou,10,-0.17575757575757575
two_concepts,TinyCNN,random,matching_gap,causal_usefulness,10,-0.4787878787878787
two_concepts,TinyCNN,random,matching_gap,cf_accuracy,10,-0.5151515151515151
two_concepts,TinyCNN,random_unitnorm,nearest_cosine,id_acc,10,-0.3104313934028485
two_concepts,TinyCNN,random_unitnorm,nearest_cosine,semantic_auc,10,-0.4787878787878787
two_concepts,TinyCNN,random_unitnorm,nearest_cosine,localization_iou,10,0.7939393939393938
two_concepts,TinyCNN,random_unitnorm,nearest_cosine,causal_usefulness,10,0.18787878787878787
two_concepts,TinyCNN,random_unitnorm,nearest_cosine,cf_accuracy,10,0.43030303030303024
two_concepts,TinyCNN,random_unitnorm,assignment_cosine,id_acc,10,-0.3104313934028485
two_concepts,TinyCNN,random_unitnorm,assignment_cosine,semantic_auc,10,-0.5757575757575757
two_concepts,TinyCNN,random_unitnorm,assignment_cosine,localization_iou,10,0.7939393939393938
two_concepts,TinyCNN,random_unitnorm,assignment_cosine,causal_usefulness,10,0.06666666666666665
two_concepts,TinyCNN,random_unitnorm,assignment_cosine,cf_accuracy,10,0.33333333333333326
two_concepts,TinyCNN,random_unitnorm,matching_gap,id_acc,10,0.4117967463507174
two_concepts,TinyCNN,random_unitnorm,matching_gap,semantic_auc,10,0.32121212121212117
two_concepts,TinyCNN,random_unitnorm,matching_gap,localization_iou,10,-0.7454545454545454
two_concepts,TinyCNN,random_unitnorm,matching_gap,causal_usefulness,10,0.05454545454545454
two_concepts,TinyCNN,random_unitnorm,matching_gap,cf_accuracy,10,-0.06666666666666665
two_concepts,TinyCNN,template_init,nearest_cosine,id_acc,10,0.22915598712780136
two_concepts,TinyCNN,template_init,nearest_cosine,semantic_auc,10,0.0303030303030303
two_concepts,TinyCNN,template_init,nearest_cosine,localization_iou,10,0.33333333333333326
two_concepts,TinyCNN,template_init,nearest_cosine,causal_usefulness,10,-0.12727272727272726
two_concepts,TinyCNN,template_init,nearest_cosine,cf_accuracy,10,0.2121212121212121
two_concepts,TinyCNN,template_init,assignment_cosine,id_acc,10,-0.024773620230032583
two_concepts,TinyCNN,template_init,assignment_cosine,semantic_auc,10,-0.0303030303030303
two_concepts,TinyCNN,template_init,assignment_cosine,localization_iou,10,0.4424242424242424
two_concepts,TinyCNN,template_init,assignment_cosine,causal_usefulness,10,-0.006060606060606061
two_concepts,TinyCNN,template_init,assignment_cosine,cf_accuracy,10,0.29696969696969694
two_concepts,TinyCNN,template_init,matching_gap,id_acc,10,0.3096702528754073
two_concepts,TinyCNN,template_init,matching_gap,semantic_auc,10,0.006060606060606061
two_concepts,TinyCNN,template_init,matching_gap,localization_iou,10,0.12727272727272726
two_concepts,TinyCNN,template_init,matching_gap,causal_usefulness,10,-0.10303030303030303
two_concepts,TinyCNN,template_init,matching_gap,cf_accuracy,10,-0.2606060606060606
two_concepts,TinyCNN,template_release,nearest_cosine,id_acc,10,0.5512130501182249
two_concepts,TinyCNN,template_release,nearest_cosine,semantic_auc,10,0.5393939393939393
two_concepts,TinyCNN,template_release,nearest_cosine,localization_iou,10,-0.49090909090909085
two_concepts,TinyCNN,template_release,nearest_cosine,causal_usefulness,10,0.10303030303030303
two_concepts,TinyCNN,template_release,nearest_cosine,cf_accuracy,10,0.6
two_concepts,TinyCNN,template_release,assignment_cosine,id_acc,10,0.5388262400032086
two_concepts,TinyCNN,template_release,assignment_cosine,semantic_auc,10,0.49090909090909085
two_concepts,TinyCNN,template_release,assignment_cosine,localization_iou,10,-0.6363636363636362
two_concepts,TinyCNN,template_release,assignment_cosine,causal_usefulness,10,-0.0303030303030303
two_concepts,TinyCNN,template_release,assignment_cosine,cf_accuracy,10,0.5151515151515151
two_concepts,TinyCNN,template_release,matching_gap,id_acc,10,0.13006150620767104
two_concepts,TinyCNN,template_release,matching_gap,semantic_auc,10,0.24848484848484845
two_concepts,TinyCNN,template_release,matching_gap,localization_iou,10,0.01818181818181818
two_concepts,TinyCNN,template_release,matching_gap,causal_usefulness,10,0.2606060606060606
two_concepts,TinyCNN,template_release,matching_gap,cf_accuracy,10,0.0303030303030303
two_concepts,TinyCNN,template_retention_1,nearest_cosine,id_acc,10,0.214076287663459
two_concepts,TinyCNN,template_retention_1,nearest_cosine,semantic_auc,10,-0.10303030303030303
two_concepts,TinyCNN,template_retention_1,nearest_cosine,localization_iou,10,0.17575757575757575
two_concepts,TinyCNN,template_retention_1,nearest_cosine,causal_usefulness,10,0.6484848484848483
two_concepts,TinyCNN,template_retention_1,nearest_cosine,cf_accuracy,10,0.01823716631040194
two_concepts,TinyCNN,template_retention_1,assignment_cosine,id_acc,10,0.214076287663459
two_concepts,TinyCNN,template_retention_1,assignment_cosine,semantic_auc,10,-0.10303030303030303
two_concepts,TinyCNN,template_retention_1,assignment_cosine,localization_iou,10,0.17575757575757575
two_concepts,TinyCNN,template_retention_1,assignment_cosine,causal_usefulness,10,0.6484848484848483
two_concepts,TinyCNN,template_retention_1,assignment_cosine,cf_accuracy,10,0.01823716631040194
two_concepts,TinyCNN,template_retention_1,matching_gap,id_acc,10,
two_concepts,TinyCNN,template_retention_1,matching_gap,semantic_auc,10,
two_concepts,TinyCNN,template_retention_1,matching_gap,localization_iou,10,
two_concepts,TinyCNN,template_retention_1,matching_gap,causal_usefulness,10,
two_concepts,TinyCNN,template_retention_1,matching_gap,cf_accuracy,10,
two_concepts,TwoLayerCNN,random,nearest_cosine,id_acc,10,0.07627700713964738
two_concepts,TwoLayerCNN,random,nearest_cosine,semantic_auc,10,-0.309090909090909
two_concepts,TwoLayerCNN,random,nearest_cosine,localization_iou,10,0.6848484848484848
two_concepts,TwoLayerCNN,random,nearest_cosine,causal_usefulness,10,-0.6969696969696969
two_concepts,TwoLayerCNN,random,nearest_cosine,cf_accuracy,10,-0.32121212121212117
two_concepts,TwoLayerCNN,random,assignment_cosine,id_acc,10,0.10170267618619651
two_concepts,TwoLayerCNN,random,assignment_cosine,semantic_auc,10,-0.2606060606060606
two_concepts,TwoLayerCNN,random,assignment_cosine,localization_iou,10,0.6484848484848483
two_concepts,TwoLayerCNN,random,assignment_cosine,causal_usefulness,10,-0.6121212121212121
two_concepts,TwoLayerCNN,random,assignment_cosine,cf_accuracy,10,-0.22424242424242422
two_concepts,TwoLayerCNN,random,matching_gap,id_acc,10,-0.15891043154093204
two_concepts,TwoLayerCNN,random,matching_gap,semantic_auc,10,0.29696969696969694
two_concepts,TwoLayerCNN,random,matching_gap,localization_iou,10,0.24848484848484845
two_concepts,TwoLayerCNN,random,matching_gap,causal_usefulness,10,-0.6
two_concepts,TwoLayerCNN,random,matching_gap,cf_accuracy,10,-0.29696969696969694
two_concepts,TwoLayerCNN,random_unitnorm,nearest_cosine,id_acc,10,0.012974982402692048
two_concepts,TwoLayerCNN,random_unitnorm,nearest_cosine,semantic_auc,10,-0.19999999999999998
two_concepts,TwoLayerCNN,random_unitnorm,nearest_cosine,localization_iou,10,-0.01818181818181818
two_concepts,TwoLayerCNN,random_unitnorm,nearest_cosine,causal_usefulness,10,0.16363636363636364
two_concepts,TwoLayerCNN,random_unitnorm,nearest_cosine,cf_accuracy,10,0.11550205329921229
two_concepts,TwoLayerCNN,random_unitnorm,assignment_cosine,id_acc,10,0.1102873504228824
two_concepts,TwoLayerCNN,random_unitnorm,assignment_cosine,semantic_auc,10,-0.28484848484848485
two_concepts,TwoLayerCNN,random_unitnorm,assignment_cosine,localization_iou,10,0.17575757575757575
two_concepts,TwoLayerCNN,random_unitnorm,assignment_cosine,causal_usefulness,10,0.18787878787878787
two_concepts,TwoLayerCNN,random_unitnorm,assignment_cosine,cf_accuracy,10,0.13373921960961418
two_concepts,TwoLayerCNN,random_unitnorm,matching_gap,id_acc,10,-0.259499648053841
two_concepts,TwoLayerCNN,random_unitnorm,matching_gap,semantic_auc,10,0.01818181818181818
two_concepts,TwoLayerCNN,random_unitnorm,matching_gap,localization_iou,10,-0.1515151515151515
two_concepts,TwoLayerCNN,random_unitnorm,matching_gap,causal_usefulness,10,-0.43030303030303024
two_concepts,TwoLayerCNN,random_unitnorm,matching_gap,cf_accuracy,10,-0.22492505116162387
two_concepts,TwoLayerCNN,template_init,nearest_cosine,id_acc,10,0.006356417261637282
two_concepts,TwoLayerCNN,template_init,nearest_cosine,semantic_auc,10,0.07878787878787878
two_concepts,TwoLayerCNN,template_init,nearest_cosine,localization_iou,10,-0.19999999999999998
two_concepts,TwoLayerCNN,template_init,nearest_cosine,causal_usefulness,10,-0.6242424242424242
two_concepts,TwoLayerCNN,template_init,nearest_cosine,cf_accuracy,10,-0.2317116246612596
two_concepts,TwoLayerCNN,template_init,assignment_cosine,id_acc,10,-0.025425669046549127
two_concepts,TwoLayerCNN,template_init,assignment_cosine,semantic_auc,10,0.05454545454545454
two_concepts,TwoLayerCNN,template_init,assignment_cosine,localization_iou,10,-0.29696969696969694
two_concepts,TwoLayerCNN,template_init,assignment_cosine,causal_usefulness,10,-0.6121212121212121
two_concepts,TwoLayerCNN,template_init,assignment_cosine,cf_accuracy,10,-0.2195162759948775
two_concepts,TwoLayerCNN,template_init,matching_gap,id_acc,10,-0.325470481737989
two_concepts,TwoLayerCNN,template_init,matching_gap,semantic_auc,10,-0.21334770066562783
two_concepts,TwoLayerCNN,template_init,matching_gap,localization_iou,10,0.5107414652298363
two_concepts,TwoLayerCNN,template_init,matching_gap,causal_usefulness,10,-0.342649337432675
two_concepts,TwoLayerCNN,template_init,matching_gap,cf_accuracy,10,0.026018495967882485
two_concepts,TwoLayerCNN,template_release,nearest_cosine,id_acc,10,-0.42211588240886905
two_concepts,TwoLayerCNN,template_release,nearest_cosine,semantic_auc,10,0.2606060606060606
two_concepts,TwoLayerCNN,template_release,nearest_cosine,localization_iou,10,-0.11515151515151514
two_concepts,TwoLayerCNN,template_release,nearest_cosine,causal_usefulness,10,0.05454545454545454
two_concepts,TwoLayerCNN,template_release,nearest_cosine,cf_accuracy,10,0.1580554413568168
two_concepts,TwoLayerCNN,template_release,assignment_cosine,id_acc,10,-0.42211588240886905
two_concepts,TwoLayerCNN,template_release,assignment_cosine,semantic_auc,10,0.2606060606060606
two_concepts,TwoLayerCNN,template_release,assignment_cosine,localization_iou,10,-0.11515151515151514
two_concepts,TwoLayerCNN,template_release,assignment_cosine,causal_usefulness,10,0.05454545454545454
two_concepts,TwoLayerCNN,template_release,assignment_cosine,cf_accuracy,10,0.1580554413568168
two_concepts,TwoLayerCNN,template_release,matching_gap,id_acc,10,
two_concepts,TwoLayerCNN,template_release,matching_gap,semantic_auc,10,
two_concepts,TwoLayerCNN,template_release,matching_gap,localization_iou,10,
two_concepts,TwoLayerCNN,template_release,matching_gap,causal_usefulness,10,
two_concepts,TwoLayerCNN,template_release,matching_gap,cf_accuracy,10,
two_concepts,TwoLayerCNN,template_retention_1,nearest_cosine,id_acc,10,-0.8029853781438303
two_concepts,TwoLayerCNN,template_retention_1,nearest_cosine,semantic_auc,10,0.10303030303030303
two_concepts,TwoLayerCNN,template_retention_1,nearest_cosine,localization_iou,10,0.09090909090909088
two_concepts,TwoLayerCNN,template_retention_1,nearest_cosine,causal_usefulness,10,0.6
two_concepts,TwoLayerCNN,template_retention_1,nearest_cosine,cf_accuracy,10,0.8267515394048879
two_concepts,TwoLayerCNN,template_retention_1,assignment_cosine,id_acc,10,-0.8029853781438303
two_concepts,TwoLayerCNN,template_retention_1,assignment_cosine,semantic_auc,10,0.10303030303030303
two_concepts,TwoLayerCNN,template_retention_1,assignment_cosine,localization_iou,10,0.09090909090909088
two_concepts,TwoLayerCNN,template_retention_1,assignment_cosine,causal_usefulness,10,0.6
two_concepts,TwoLayerCNN,template_retention_1,assignment_cosine,cf_accuracy,10,0.8267515394048879
two_concepts,TwoLayerCNN,template_retention_1,matching_gap,id_acc,10,
two_concepts,TwoLayerCNN,template_retention_1,matching_gap,semantic_auc,10,
two_concepts,TwoLayerCNN,template_retention_1,matching_gap,localization_iou,10,
two_concepts,TwoLayerCNN,template_retention_1,matching_gap,causal_usefulness,10,
two_concepts,TwoLayerCNN,template_retention_1,matching_gap,cf_accuracy,10,
