task,architecture,block,condition,original_U,refit_U,delta_U,original_cf_accuracy,refit_cf_accuracy,original_acc,refit_acc,selected_refit_converged
two_concepts,TwoLayerCNN,0,frozen_spectrum,0.030900890221317145,-0.010459906118482826,-0.04136079633979997,0.1328125,0.0703125,0.97265625,0.984375,True
two_concepts,TwoLayerCNN,9,template_retention_1,0.06525948025231243,0.08668713168309186,0.021427651430779432,0.197265625,0.134765625,0.9375,0.96484375,True
two_concepts,TwoLayerCNN,3,template_init,0.12621499865229008,0.053406354846607676,-0.0728086438056824,0.107421875,0.07421875,0.9921875,1.0,True
two_concepts,TwoLayerCNN,5,frozen_spectrum,0.17556386709292848,0.19475119049532497,0.019187323402396483,0.3125,0.306640625,0.9765625,0.99609375,True
two_concepts,TwoLayerCNN,1,frozen_random_unitnorm,0.02090417634147157,0.028840702390920833,0.007936526049449263,0.130859375,0.087890625,0.98828125,0.99609375,True
single_shape,TinyCNN,7,frozen_random_unitnorm,0.1435816917134809,0.31930219506184665,0.17572050334836575,0.3763020932674408,0.5104166865348816,0.7109375,0.97265625,True
single_shape,TinyCNN,9,template_init,0.2921585558378581,0.37052506642380956,0.07836651058595145,0.3463541567325592,0.3971354067325592,1.0,1.0,True
single_shape,TwoLayerCNN,7,template_init,0.008746935520553778,-0.017608238246332814,-0.02635517376688659,0.01171875,0.0013020833721384406,1.0,1.0,True
single_shape,TwoLayerCNN,1,frozen_templates,0.07705579658222222,0.09942884225695822,0.022373045674735997,0.1614583283662796,0.09765625,1.0,1.0,True
single_shape,TinyCNN,4,template_init,0.2577502329913458,0.3458245052217651,0.0880742722304193,0.4153645932674408,0.3958333432674408,1.0,1.0,True
two_concepts,TwoLayerCNN,1,template_retention_1,0.03620312841343237,-0.0699086581165202,-0.10611178652995257,0.10546875,0.078125,0.9921875,0.9921875,True
two_concepts,TinyCNN,1,template_init,0.5144190233382538,0.5323006939977535,0.017881670659499638,0.755859375,0.62890625,0.9765625,0.98828125,True
two_concepts,TinyCNN,5,frozen_spectrum,0.41099863683321824,0.31328820403100455,-0.0977104328022137,0.455078125,0.56640625,0.55078125,0.80859375,True
single_shape,TinyCNN,7,template_retention_1,0.1890607003723137,0.4138698590944399,0.2248091587221262,0.39453125,0.5,0.9921875,1.0,True
two_concepts,TinyCNN,5,template_retention_1,0.49885646079248847,0.5889363449142709,0.09007988412178247,0.703125,0.751953125,0.9609375,0.99609375,True
single_shape,TwoLayerCNN,9,frozen_random_unitnorm,0.015068231165426715,0.005583059374709903,-0.009485171790716812,0.0078125,0.010416666977107525,0.99609375,1.0,True
two_concepts,TinyCNN,5,frozen_templates,0.7776214914466804,0.5460490065627437,-0.23157248488393667,0.482421875,0.576171875,0.4921875,0.85546875,True
single_shape,TwoLayerCNN,9,frozen_templates,0.007001131125430271,0.029777770792857622,0.02277663966742735,0.0768229141831398,0.0716145858168602,1.0,1.0,True
single_shape,TwoLayerCNN,2,template_retention_1,-0.03237676204801765,0.007320970210471706,0.039697732258489354,0.03125,0.0611979179084301,1.0,1.0,True
two_concepts,TinyCNN,0,frozen_spectrum,0.5133036365833974,0.5740959910610242,0.060792354477626764,0.412109375,0.638671875,0.46484375,0.78515625,True
single_shape,TinyCNN,2,frozen_templates,0.20378518239643745,0.35202033991491244,0.148235157518475,0.5299479365348816,0.5533854365348816,0.82421875,1.0,True
single_shape,TinyCNN,2,frozen_random_unitnorm,0.36922068223088333,0.4570293956869049,0.08780871345602159,0.4791666567325592,0.625,0.87109375,0.9453125,True
two_concepts,TwoLayerCNN,4,frozen_random_unitnorm,-0.0714258046088822,-0.04156316682519705,0.029862637783685156,0.025390625,0.017578125,0.98828125,0.9921875,True
two_concepts,TwoLayerCNN,5,frozen_templates,0.08501478174226756,0.07664537367511895,-0.008369408067148615,0.0859375,0.146484375,0.98828125,1.0,True
single_shape,TwoLayerCNN,5,template_retention_1,0.05114778125711139,0.0812460909280922,0.030098309670980802,0.0455729179084301,0.0755208358168602,1.0,1.0,True
single_shape,TinyCNN,4,frozen_spectrum,0.4718591257914818,0.3181360915602467,-0.15372303423123512,0.5768229365348816,0.484375,0.76171875,1.0,True
single_shape,TwoLayerCNN,3,frozen_templates,0.012260410666112609,0.038210471994044926,0.025950061327932317,0.0729166641831398,0.08203125,1.0,1.0,True
single_shape,TinyCNN,8,template_retention_1,0.32879834817693626,0.40174408929040334,0.07294574111346708,0.4401041567325592,0.4479166567325592,1.0,1.0,True
single_shape,TinyCNN,8,frozen_templates,0.34276844240070486,0.44429713730869186,0.101528694907987,0.6315104365348816,0.5924479365348816,0.9375,1.0,True
two_concepts,TinyCNN,5,frozen_random_unitnorm,0.23820024366504317,0.36408267737410643,0.12588243370906327,0.416015625,0.6484375,0.4375,0.73046875,True
single_shape,TwoLayerCNN,6,frozen_random_unitnorm,0.0462620603023991,0.01711941953532685,-0.02914264076707225,0.02734375,0.02213541604578495,0.99609375,1.0,True
two_concepts,TinyCNN,2,template_init,0.6051634921333231,0.7256992397926763,0.12053574765935315,0.828125,0.837890625,0.9921875,0.9921875,True
single_shape,TinyCNN,0,template_retention_1,0.31771746968824394,0.365127124021957,0.04740965433371308,0.48828125,0.4479166567325592,1.0,1.0,True
two_concepts,TinyCNN,2,template_retention_1,0.47617636498558474,0.6594257722766982,0.18324940729111344,0.716796875,0.828125,0.9375,0.9765625,True
single_shape,TinyCNN,1,frozen_spectrum,0.2543968475156659,0.4439816567495756,0.18958480923390975,0.59765625,0.6471354365348816,0.84765625,0.99609375,True
single_shape,TinyCNN,0,frozen_templates,0.26470667793601543,0.39831991340796447,0.13361323547194903,0.6315104365348816,0.5703125,0.8828125,1.0,True
two_concepts,TwoLayerCNN,6,template_retention_1,0.011442711407547324,0.018484744439830836,0.007042033032283512,0.060546875,0.10546875,0.9765625,0.984375,True
single_shape,TinyCNN,8,frozen_random_unitnorm,0.2312060007136133,0.31892312852009275,0.08771712780647944,0.3880208432674408,0.46484375,0.84375,0.9609375,True
single_shape,TwoLayerCNN,5,frozen_spectrum,0.040731406377611995,0.0067349771658579,-0.033996429211754095,0.014322916977107525,0.0065104165114462376,1.0,1.0,True
single_shape,TwoLayerCNN,4,template_init,0.11729106671677271,0.09449401662947307,-0.02279705008729964,0.09375,0.0859375,0.99609375,1.0,True
single_shape,TinyCNN,7,template_init,0.13267149626876973,0.30642245751013153,0.1737509612413618,0.2955729067325592,0.35546875,1.0,1.0,True
two_concepts,TwoLayerCNN,7,frozen_templates,0.012438232771536328,0.020307726563799422,0.007869493792263094,0.11328125,0.115234375,0.98046875,0.98046875,True
single_shape,TwoLayerCNN,9,template_init,0.06676269281448854,0.021716137560334525,-0.04504655525415402,0.02864583395421505,0.014322916977107525,1.0,1.0,True
single_shape,TwoLayerCNN,0,frozen_spectrum,0.016769503218974857,0.012251057069178894,-0.004518446149795963,0.00390625,0.02864583395421505,1.0,1.0,True
two_concepts,TinyCNN,7,frozen_templates,0.7343822204050343,0.5714836162515771,-0.16289860415345725,0.603515625,0.642578125,0.5546875,0.84765625,True
two_concepts,TwoLayerCNN,0,template_init,-0.025930458943375895,-0.014381034869871426,0.011549424073504469,0.01171875,0.01171875,0.99609375,0.99609375,True
single_shape,TwoLayerCNN,3,frozen_random_unitnorm,-0.03309206110392121,-0.0019650045249207243,0.031127056579000487,0.0013020833721384406,0.0078125,1.0,1.0,True
two_concepts,TinyCNN,0,frozen_random_unitnorm,0.3112443016090857,0.33096708876029163,0.0197227871512059,0.3671875,0.49609375,0.421875,0.6796875,True
single_shape,TinyCNN,1,template_init,0.24449877045705837,0.32975169564293766,0.08525292518587929,0.3203125,0.3645833432674408,1.0,0.99609375,True
single_shape,TwoLayerCNN,2,template_init,0.006630445249879491,-0.016255959089804442,-0.022886404339683933,0.01692708395421505,0.0,1.0,1.0,True
single_shape,TwoLayerCNN,8,frozen_random_unitnorm,0.002978249759901963,0.0009556119989779371,-0.002022637760924026,0.0013020833721384406,0.0026041667442768812,1.0,1.0,True
two_concepts,TinyCNN,4,frozen_spectrum,0.4062879668841989,0.5070089853476945,0.10072101846349557,0.478515625,0.64453125,0.5625,0.84375,True
two_concepts,TinyCNN,1,frozen_templates,0.6701242484018506,0.5097269578844659,-0.16039729051738472,0.560546875,0.55078125,0.62109375,0.7890625,True
two_concepts,TwoLayerCNN,6,template_init,0.08386514708010609,0.050287122346395305,-0.033578024733710785,0.1015625,0.07421875,0.984375,0.98828125,True
single_shape,TinyCNN,6,frozen_templates,0.1616112286139723,0.35618711982600776,0.19457589121203545,0.5703125,0.5338541865348816,0.82421875,1.0,True
two_concepts,TwoLayerCNN,1,frozen_templates,0.06367192748924583,-0.04981353443856784,-0.11348546192781367,0.12890625,0.08203125,0.98828125,0.984375,True
two_concepts,TwoLayerCNN,3,template_retention_1,0.14919551043385282,0.055035742019134665,-0.09415976841471815,0.150390625,0.091796875,0.984375,0.99609375,True
single_shape,TinyCNN,3,frozen_random_unitnorm,0.23184367261651528,0.4548780505284126,0.22303437791189734,0.4140625,0.6640625,0.67578125,0.94921875,True
two_concepts,TinyCNN,1,frozen_spectrum,0.3354557534260677,0.4173750305343025,0.08191927710823482,0.45703125,0.509765625,0.46875,0.8515625,False
two_concepts,TwoLayerCNN,5,frozen_random_unitnorm,0.06877998990936579,0.05487551192646367,-0.01390447798290212,0.078125,0.064453125,1.0,1.0,True
single_shape,TinyCNN,5,template_retention_1,0.23488609300535118,0.38266341884930927,0.14777732584395809,0.41015625,0.46875,1.0,1.0,True
two_concepts,TinyCNN,7,template_retention_1,0.6943944517357177,0.8652988956821908,0.17090444394647308,0.892578125,0.974609375,0.953125,0.9921875,True
two_concepts,TinyCNN,9,frozen_templates,0.5622055689037793,0.544067199196286,-0.018138369707493274,0.388671875,0.677734375,0.41796875,0.828125,False
single_shape,TwoLayerCNN,8,template_retention_1,0.11238868512626227,0.08935734801175277,-0.023031337114509498,0.23828125,0.1770833283662796,1.0,1.0,True
two_concepts,TwoLayerCNN,1,frozen_spectrum,-0.07383416657095715,-0.07812114109275947,-0.0042869745218023225,0.056640625,0.04296875,0.984375,0.98828125,True
two_concepts,TwoLayerCNN,0,frozen_random_unitnorm,0.042787093424769634,0.004141036042118032,-0.0386460573826516,0.03515625,0.0234375,0.9921875,0.9921875,True
single_shape,TwoLayerCNN,0,template_retention_1,0.021630213197468384,0.04865821755988363,0.027028004362415245,0.05078125,0.05078125,1.0,1.0,True
single_shape,TinyCNN,6,frozen_random_unitnorm,0.3093126571356314,0.4294160324695156,0.12010337533388421,0.4817708432674408,0.5833333134651184,0.8984375,0.99609375,True
two_concepts,TwoLayerCNN,9,frozen_templates,0.0058175545330197975,-0.0168400727366263,-0.022657627269646097,0.12890625,0.087890625,0.92578125,0.96875,True
single_shape,TwoLayerCNN,5,frozen_templates,0.010325907847809374,0.04921776056289669,0.03889185271508731,0.02473958395421505,0.0598958320915699,1.0,1.0,True
two_concepts,TinyCNN,9,template_init,0.4768269278186705,0.6564340962221223,0.17960716840345187,0.712890625,0.841796875,0.96875,0.984375,True
two_concepts,TinyCNN,4,template_init,0.6442753984684404,0.5621026593680636,-0.08217273910037681,0.818359375,0.6875,0.96875,0.98828125,True
two_concepts,TwoLayerCNN,4,frozen_spectrum,-0.022791552610806676,-0.032166195628183306,-0.00937464301737663,0.041015625,0.033203125,0.96484375,0.9921875,True
single_shape,TinyCNN,9,frozen_random_unitnorm,0.3374396172938542,0.41097463032264875,0.07353501302879456,0.39453125,0.65625,0.51171875,0.921875,True
single_shape,TinyCNN,4,frozen_templates,0.2425761243739344,0.4338409123854277,0.19126478801149333,0.609375,0.6145833134651184,0.859375,1.0,True
single_shape,TwoLayerCNN,7,template_retention_1,0.14064915769428465,0.08874202541939324,-0.05190713227489141,0.1119791641831398,0.0833333358168602,0.99609375,1.0,True
two_concepts,TinyCNN,7,template_init,0.6683542957127615,0.7223230612682858,0.05396876555552432,0.837890625,0.7578125,0.9921875,0.99609375,True
single_shape,TwoLayerCNN,4,frozen_spectrum,0.07104469391010909,0.028716821659985126,-0.042327872250123966,0.03515625,0.0377604179084301,1.0,1.0,True
two_concepts,TinyCNN,8,template_retention_1,0.5872199428780064,0.6701863422298566,0.08296639935185024,0.673828125,0.861328125,0.9296875,0.9921875,True
two_concepts,TwoLayerCNN,3,frozen_templates,0.1150141952978071,0.052488678466300454,-0.06252551683150664,0.134765625,0.1015625,0.984375,0.9921875,True
single_shape,TinyCNN,2,template_retention_1,0.3173008835619456,0.45662109958980995,0.13932021602786437,0.5416666865348816,0.5924479365348816,0.99609375,1.0,True
single_shape,TwoLayerCNN,1,frozen_spectrum,0.02458844513526401,-0.05633111249058345,-0.08091955762584746,0.0065104165114462376,0.0026041667442768812,1.0,1.0,True
two_concepts,TinyCNN,1,frozen_random_unitnorm,0.22021411398627422,0.3417759325695944,0.12156181858332016,0.318359375,0.498046875,0.46484375,0.73046875,True
two_concepts,TinyCNN,3,frozen_templates,0.5673906008518776,0.5079119804505423,-0.059478620401335336,0.49609375,0.626953125,0.54296875,0.828125,True
two_concepts,TinyCNN,0,template_retention_1,0.6155245067912163,0.6805083666780836,0.06498385988686728,0.783203125,0.841796875,0.93359375,0.9921875,True
single_shape,TwoLayerCNN,2,frozen_random_unitnorm,0.040822113528877574,0.06441315450958601,0.02359104098070844,0.02994791604578495,0.0598958320915699,1.0,1.0,True
two_concepts,TwoLayerCNN,8,template_init,0.12571356329216732,0.04897652799159753,-0.07673703530056979,0.064453125,0.064453125,0.99609375,0.99609375,True
single_shape,TinyCNN,5,frozen_spectrum,0.2196780468152506,0.4711446066697439,0.2514665598544933,0.6536458134651184,0.6328125,0.90234375,1.0,True
two_concepts,TwoLayerCNN,5,template_init,0.18220084390435792,0.04343011315198021,-0.13877073075237772,0.09765625,0.06640625,1.0,1.0,True
two_concepts,TwoLayerCNN,4,template_retention_1,0.2116728322203753,0.1843842963831242,-0.027288535837251104,0.19921875,0.142578125,0.9765625,0.98828125,True
single_shape,TwoLayerCNN,7,frozen_templates,0.1215460209102655,0.09883088612657309,-0.022715134783692414,0.0911458358168602,0.0716145858168602,1.0,1.0,True
single_shape,TwoLayerCNN,7,frozen_random_unitnorm,-0.0238402181111525,-0.018218049153351387,0.005622168957801113,0.02083333395421505,0.0013020833721384406,1.0,1.0,True
two_concepts,TinyCNN,4,frozen_random_unitnorm,0.22053607147822984,0.3092770419097328,0.08874097043150297,0.24609375,0.53125,0.390625,0.6796875,True
single_shape,TinyCNN,2,template_init,0.28389764317724614,0.2652319455657923,-0.018665697611453813,0.4205729067325592,0.33984375,1.0,1.0,True
single_shape,TinyCNN,0,frozen_spectrum,0.27542015653440033,0.34361890369742076,0.06819874716302043,0.5768229365348816,0.5299479365348816,0.859375,0.9921875,True
single_shape,TwoLayerCNN,1,template_init,0.08207284850758906,0.03143545991117479,-0.05063738859641427,0.1236979141831398,0.0494791679084301,1.0,1.0,True
two_concepts,TinyCNN,4,frozen_templates,0.8673070684219583,0.5378691634539261,-0.32943790496803216,0.59765625,0.669921875,0.61328125,0.81640625,True
single_shape,TwoLayerCNN,8,frozen_spectrum,0.016335103868891254,-0.03064192971363322,-0.046977033582524474,0.0234375,0.01953125,1.0,1.0,True
single_shape,TinyCNN,3,frozen_spectrum,0.316026164278213,0.4487274425957105,0.1327012783174975,0.5729166865348816,0.6848958134651184,0.8203125,1.0,True
two_concepts,TwoLayerCNN,9,frozen_random_unitnorm,0.18131264143017806,0.1734188546214765,-0.007893786808701564,0.2578125,0.21875,0.97265625,0.98046875,True
single_shape,TinyCNN,6,frozen_spectrum,0.2574991575676712,0.45343108626840845,0.19593192870073722,0.3880208432674408,0.6653645634651184,0.91796875,0.98828125,True
two_concepts,TwoLayerCNN,5,template_retention_1,0.07636620291630097,0.055147326725360324,-0.02121887619094065,0.0625,0.046875,0.99609375,1.0,True
single_shape,TwoLayerCNN,4,frozen_random_unitnorm,0.013544211956568797,-0.007437552367684883,-0.02098176432425368,0.0052083334885537624,0.0065104165114462376,1.0,1.0,True
two_concepts,TwoLayerCNN,4,frozen_templates,0.17919936572535033,0.15919677565939072,-0.020002590065959613,0.158203125,0.154296875,0.97265625,0.9921875,True
two_concepts,TinyCNN,7,frozen_random_unitnorm,0.20603282106869159,0.2847111548021073,0.0786783337334157,0.3359375,0.427734375,0.46875,0.6328125,True
single_shape,TwoLayerCNN,8,frozen_templates,0.12680938298850797,0.16107341404156642,0.03426403105305845,0.23828125,0.2018229216337204,1.0,1.0,True
two_concepts,TinyCNN,6,template_init,0.6501606066880964,0.6285435342697142,-0.021617072418382177,0.8203125,0.751953125,0.9375,0.98046875,True
single_shape,TinyCNN,3,frozen_templates,0.3620615422314499,0.46513889169716993,0.10307734946572006,0.5963541865348816,0.6067708134651184,0.8203125,1.0,True
single_shape,TwoLayerCNN,0,template_init,0.06450468248931884,0.003368945000631063,-0.06113573748868778,0.02213541604578495,0.01171875,1.0,1.0,True
single_shape,TinyCNN,3,template_init,0.1580326993809993,0.2552472239927138,0.09721452461171454,0.23828125,0.30078125,1.0,1.0,True
single_shape,TinyCNN,9,frozen_spectrum,0.31986863063921,0.37864296595467456,0.058774335315464554,0.51171875,0.5703125,0.84375,0.9765625,True
two_concepts,TinyCNN,1,template_retention_1,0.4973959195629411,0.4392009968451483,-0.05819492271779281,0.662109375,0.634765625,0.8984375,0.9609375,True
single_shape,TwoLayerCNN,2,frozen_spectrum,0.13226022571911805,0.08596613329219042,-0.04629409242692763,0.1692708283662796,0.0950520858168602,0.99609375,1.0,True
single_shape,TinyCNN,3,template_retention_1,0.2016672267051941,0.43699971410530947,0.23533248740011536,0.41796875,0.48828125,0.99609375,1.0,True
two_concepts,TwoLayerCNN,9,template_init,0.030423013057430698,-0.0192326183499775,-0.049655631407408196,0.1171875,0.041015625,0.953125,0.9765625,True
single_shape,TwoLayerCNN,0,frozen_templates,0.021241459287054287,0.006240023171117992,-0.015001436115936295,0.03125,0.02083333395421505,1.0,1.0,True
two_concepts,TwoLayerCNN,4,template_init,0.23355161497383492,0.16863737528724201,-0.0649142396865929,0.17578125,0.107421875,0.98046875,0.9921875,True
two_concepts,TinyCNN,9,template_retention_1,0.480555529410127,0.6941996585073553,0.2136441290972283,0.806640625,0.919921875,0.9375,0.9765625,True
two_concepts,TinyCNN,2,frozen_random_unitnorm,0.4660219731309238,0.5191595159188728,0.053137542787948966,0.564453125,0.716796875,0.6171875,0.76171875,True
single_shape,TwoLayerCNN,7,frozen_spectrum,0.1496562815214193,0.0927727306250423,-0.056883550896377005,0.1197916641831398,0.0924479141831398,1.0,1.0,True
single_shape,TwoLayerCNN,1,frozen_random_unitnorm,-0.023496364650387624,0.010285103019129646,0.03378146766951727,0.013020833022892475,0.0234375,1.0,1.0,True
single_shape,TwoLayerCNN,6,template_retention_1,-0.005532226575518884,0.056348614142818054,0.06188084071833694,0.0494791679084301,0.0651041641831398,1.0,1.0,True
two_concepts,TinyCNN,8,frozen_spectrum,0.5491583758976171,0.3974157583963981,-0.15174261750121898,0.5625,0.560546875,0.625,0.79296875,True
two_concepts,TwoLayerCNN,7,template_init,0.12005899522144114,0.04833192332869976,-0.07172707189274138,0.123046875,0.076171875,0.99609375,1.0,True
two_concepts,TwoLayerCNN,6,frozen_templates,0.10501974196165395,0.02939487415830136,-0.07562486780335259,0.12109375,0.087890625,0.96484375,0.98046875,True
single_shape,TwoLayerCNN,1,template_retention_1,0.07621129634659896,0.07663553953170782,0.0004242431851088635,0.18359375,0.1067708358168602,1.0,1.0,True
single_shape,TinyCNN,1,frozen_templates,0.34407908913245894,0.4022443898971419,0.05816530076468296,0.6471354365348816,0.5286458134651184,0.921875,1.0,True
two_concepts,TwoLayerCNN,7,frozen_spectrum,0.46338529827604047,0.4376107825686348,-0.025774515707405687,0.478515625,0.41796875,0.96875,0.9765625,True
single_shape,TwoLayerCNN,9,template_retention_1,0.04540864220153451,0.09619222734997358,0.05078358514843907,0.07421875,0.125,1.0,1.0,True
single_shape,TwoLayerCNN,3,template_init,0.08362577211990371,0.09687953110341714,0.013253758983513428,0.0807291641831398,0.0963541641831398,1.0,1.0,True
two_concepts,TinyCNN,6,frozen_templates,0.7839978483454884,0.5648958253703845,-0.21910202297510384,0.533203125,0.609375,0.4375,0.81640625,True
two_concepts,TinyCNN,6,template_retention_1,0.7022190705578855,0.7127433073120601,0.010524236754174687,0.865234375,0.888671875,0.90234375,0.96875,True
single_shape,TinyCNN,5,frozen_random_unitnorm,0.23722130700438088,0.4688874753033092,0.23166616829892833,0.5703125,0.6106770634651184,0.77734375,0.9921875,True
single_shape,TinyCNN,0,template_init,0.31115747993102333,0.3847375631140946,0.0735800831830713,0.3763020932674408,0.44140625,1.0,1.0,True
single_shape,TinyCNN,4,template_retention_1,0.2880035315830981,0.41998042026999943,0.13197688868690133,0.5364583134651184,0.5481770634651184,0.99609375,1.0,True
two_concepts,TwoLayerCNN,3,frozen_random_unitnorm,0.09949005675242231,0.06093666975355637,-0.03855338699886594,0.12890625,0.1015625,0.9921875,0.99609375,True
two_concepts,TwoLayerCNN,2,frozen_spectrum,-0.00581649410694951,-0.054976178698755485,-0.049159684591805974,0.12890625,0.087890625,0.9765625,1.0,True
two_concepts,TinyCNN,8,frozen_random_unitnorm,0.3382132393271964,0.3946910000371239,0.056477760709927494,0.322265625,0.57421875,0.40234375,0.7265625,True
single_shape,TwoLayerCNN,2,frozen_templates,-0.005081133251234493,-0.012580951376562816,-0.0074998181253283225,0.0416666679084301,0.01692708395421505,1.0,1.0,True
single_shape,TinyCNN,9,frozen_templates,0.20705607916127022,0.409171321638306,0.20211524247703577,0.4739583432674408,0.5677083134651184,0.84375,0.98046875,True
two_concepts,TwoLayerCNN,2,template_retention_1,0.08579120040343924,0.024309309861006656,-0.06148189054243258,0.09765625,0.064453125,0.98828125,0.99609375,True
two_concepts,TinyCNN,8,template_init,0.5537228225321341,0.47527589255713115,-0.07844692997500297,0.830078125,0.62109375,0.98828125,0.99609375,True
two_concepts,TinyCNN,2,frozen_spectrum,0.373109845909507,0.45216460878713893,0.07905476287763191,0.462890625,0.599609375,0.5,0.7734375,True
two_concepts,TinyCNN,5,template_init,0.5377954143586958,0.5304009020860108,-0.007394512272685061,0.763671875,0.6640625,0.98046875,0.9921875,True
two_concepts,TwoLayerCNN,8,frozen_spectrum,0.07805855966730413,0.15180455622754774,0.07374599656024361,0.185546875,0.20703125,0.96484375,0.98046875,True
two_concepts,TinyCNN,7,frozen_spectrum,0.47717509566639355,0.4936518371792168,0.016476741512823245,0.396484375,0.591796875,0.5078125,0.70703125,True
two_concepts,TwoLayerCNN,6,frozen_random_unitnorm,0.022581550551093788,0.0005414332400188043,-0.022040117311074983,0.068359375,0.044921875,0.984375,0.99609375,True
single_shape,TinyCNN,0,frozen_random_unitnorm,0.2203070634949631,0.3806737625810947,0.1603666990861316,0.49609375,0.55859375,0.82421875,0.984375,True
single_shape,TwoLayerCNN,3,frozen_spectrum,0.0835684661886392,0.09177373897428029,0.008205272785641093,0.0416666679084301,0.09375,1.0,1.0,True
two_concepts,TinyCNN,3,template_init,0.36784782752460354,0.43761805523209213,0.06977022770748859,0.607421875,0.62890625,0.9140625,0.984375,True
single_shape,TinyCNN,8,frozen_spectrum,0.24344650540829665,0.4640327780932249,0.22058627268492825,0.4466145932674408,0.6471354365348816,0.8359375,0.99609375,True
two_concepts,TinyCNN,8,frozen_templates,0.7201142290465723,0.6203005324647387,-0.09981369658183359,0.5703125,0.642578125,0.48046875,0.77734375,True
two_concepts,TwoLayerCNN,7,template_retention_1,0.03258322994494933,0.031036039165243695,-0.0015471907797056372,0.087890625,0.064453125,0.9921875,0.98828125,True
single_shape,TwoLayerCNN,4,frozen_templates,0.08887551054992038,0.04979201666346372,-0.039083493886456655,0.15234375,0.0651041641831398,0.99609375,1.0,True
single_shape,TwoLayerCNN,6,frozen_spectrum,-0.017909280456005428,0.006806410911667948,0.024715691367673376,0.0065104165114462376,0.02994791604578495,1.0,1.0,True
single_shape,TwoLayerCNN,0,frozen_random_unitnorm,0.02595296143800424,0.007399028459412552,-0.01855393297859169,0.009114583022892475,0.01692708395421505,1.0,1.0,True
two_concepts,TinyCNN,3,frozen_random_unitnorm,0.4038339273350203,0.4697443722513956,0.06591044491637527,0.412109375,0.609375,0.42578125,0.76171875,True
two_concepts,TwoLayerCNN,8,frozen_templates,0.2204709890843796,0.17000430621759938,-0.050466682866780216,0.150390625,0.138671875,0.98828125,0.9921875,True
two_concepts,TinyCNN,0,frozen_templates,0.6363196565036917,0.38481337606525357,-0.25150628043843815,0.515625,0.587890625,0.609375,0.8125,True
single_shape,TinyCNN,2,frozen_spectrum,0.23747900839449337,0.45924648866593965,0.22176748027144627,0.5208333134651184,0.6471354365348816,0.828125,0.99609375,True
two_concepts,TwoLayerCNN,1,template_init,-0.0002980384331801311,-0.03402505256524335,-0.03372701413206322,0.05078125,0.0390625,0.98828125,0.9921875,True
two_concepts,TinyCNN,3,template_retention_1,0.5246481757992499,0.6158382714404389,0.09119009564118896,0.630859375,0.806640625,0.68359375,0.93359375,True
single_shape,TinyCNN,1,template_retention_1,0.3690378030893784,0.4703975361845917,0.10135973309521329,0.5169270634651184,0.5260416865348816,1.0,1.0,True
two_concepts,TwoLayerCNN,8,frozen_random_unitnorm,0.119397577514507,0.04029606968847815,-0.07910150782602884,0.146484375,0.087890625,0.98828125,0.99609375,True
single_shape,TwoLayerCNN,9,frozen_spectrum,0.09711031205610796,0.07608625002802645,-0.021024062028081505,0.1119791641831398,0.0690104141831398,1.0,1.0,True
two_concepts,TwoLayerCNN,0,frozen_templates,0.12498824099212469,0.17004408034065857,0.04505583934853388,0.173828125,0.181640625,0.98828125,0.99609375,True
two_concepts,TinyCNN,6,frozen_random_unitnorm,0.07430556893723256,0.4075411713489414,0.33323560241170885,0.279296875,0.556640625,0.39453125,0.7109375,True
single_shape,TwoLayerCNN,5,frozen_random_unitnorm,0.003069812049230347,-0.011158129286571478,-0.014227941335801825,0.0065104165114462376,0.00390625,1.0,1.0,True
single_shape,TinyCNN,6,template_init,0.2738438131307934,0.3657490587218486,0.09190524559105517,0.3059895932674408,0.3880208432674408,1.0,1.0,True
single_shape,TwoLayerCNN,5,template_init,0.04763527205302262,0.014842322654908688,-0.03279294939811393,0.0065104165114462376,0.0065104165114462376,1.0,1.0,True
single_shape,TinyCNN,7,frozen_templates,0.24910237626772108,0.3981416366346767,0.14903926036695564,0.515625,0.5703125,0.66796875,0.99609375,True
single_shape,TinyCNN,9,template_retention_1,0.3120003873110868,0.489437866805435,0.17743747949434818,0.4401041567325592,0.5403645634651184,1.0,1.0,True
single_shape,TwoLayerCNN,4,template_retention_1,0.10008332489701197,0.06114916373869225,-0.03893416115831971,0.14453125,0.0690104141831398,0.99609375,1.0,True
single_shape,TwoLayerCNN,8,template_init,0.10154304232478589,0.09512543422646245,-0.006417608098323438,0.1419270783662796,0.1002604141831398,1.0,1.0,True
single_shape,TinyCNN,7,frozen_spectrum,0.3645399459561633,0.38901137574373157,0.024471429787568277,0.3802083432674408,0.6158854365348816,0.67578125,0.9921875,True
two_concepts,TinyCNN,3,frozen_spectrum,-0.04652233431463741,0.5066164693590295,0.5531388036736669,0.271484375,0.666015625,0.2578125,0.81640625,True
single_shape,TwoLayerCNN,6,frozen_templates,0.02556707048666812,0.08177224488206375,0.05620517439539563,0.0546875,0.0768229141831398,1.0,1.0,True
two_concepts,TinyCNN,9,frozen_random_unitnorm,0.2925334286362923,0.4655833351352298,0.17304990649893753,0.482421875,0.587890625,0.4765625,0.71875,True
single_shape,TwoLayerCNN,3,template_retention_1,-0.017462743060495084,0.0988156649806535,0.11627840804114858,0.03125,0.11328125,1.0,1.0,True
single_shape,TinyCNN,8,template_init,0.29019601221370295,0.3369125990790031,0.04671658686530017,0.3255208432674408,0.3671875,1.0,1.0,True
single_shape,TinyCNN,5,template_init,0.29438006405934586,0.4241067188835269,0.12972665482418105,0.3658854067325592,0.4609375,1.0,1.0,True
single_shape,TwoLayerCNN,6,template_init,0.005101718923135046,0.01417966040460128,0.009077941481466234,0.01953125,0.01822916604578495,1.0,1.0,True
two_concepts,TinyCNN,4,template_retention_1,0.7258721040838664,0.7197937908817332,-0.006078313202133145,0.90625,0.951171875,0.94921875,0.96875,True
single_shape,TinyCNN,6,template_retention_1,0.3251475872344115,0.4868803647599561,0.1617327775255446,0.4739583432674408,0.6041666865348816,0.99609375,1.0,True
two_concepts,TinyCNN,6,frozen_spectrum,0.22913197809195213,0.4219900986634678,0.1928581205715157,0.396484375,0.662109375,0.36328125,0.8203125,True
two_concepts,TwoLayerCNN,7,frozen_random_unitnorm,-0.004218921023736721,-0.01160953244655702,-0.007390611422820298,0.05859375,0.037109375,1.0,1.0,True
two_concepts,TwoLayerCNN,9,frozen_spectrum,-0.07450387601197739,-0.03942775604333815,0.03507611996863924,0.115234375,0.068359375,0.93359375,0.984375,True
two_concepts,TwoLayerCNN,2,template_init,0.07386810043656894,0.03316933699198353,-0.04069876344458541,0.076171875,0.078125,0.9921875,0.99609375,True
single_shape,TinyCNN,1,frozen_random_unitnorm,0.2224068047544104,0.422312790925964,0.1999059861715536,0.484375,0.6106770634651184,0.7421875,0.9609375,True
two_concepts,TwoLayerCNN,6,frozen_spectrum,-0.09797558774426152,-0.0823250336290674,0.015650554115194115,0.107421875,0.05859375,0.9375,0.98046875,True
two_concepts,TwoLayerCNN,2,frozen_templates,0.10834341656074897,-0.015894213402330354,-0.12423762996307933,0.119140625,0.0703125,0.8984375,0.95703125,True
two_concepts,TwoLayerCNN,0,template_retention_1,0.09081079670372422,0.024001197658566342,-0.06680959904515787,0.091796875,0.046875,1.0,0.99609375,True
single_shape,TinyCNN,5,frozen_templates,0.14078585559562545,0.3748434475075864,0.23405759191196096,0.5846354365348816,0.5703125,0.7578125,1.0,True
two_concepts,TinyCNN,9,frozen_spectrum,0.484603561303677,0.5532359702698856,0.06863240896620859,0.40625,0.6875,0.41796875,0.875,True
two_concepts,TinyCNN,0,template_init,0.5318662500506017,0.6880569121701458,0.15619066211954402,0.638671875,0.77734375,0.98046875,0.984375,True
single_shape,TinyCNN,4,frozen_random_unitnorm,0.290679606441082,0.5748552347836272,0.28417562834254523,0.3880208432674408,0.69140625,0.578125,0.9375,True
two_concepts,TwoLayerCNN,3,frozen_spectrum,0.09141031299045055,0.15936075422008777,0.06795044122963723,0.1484375,0.19140625,0.98828125,0.9921875,True
two_concepts,TinyCNN,2,frozen_templates,0.4698740040569817,0.4592118098322787,-0.010662194224702992,0.56640625,0.611328125,0.4609375,0.80859375,True
two_concepts,TwoLayerCNN,2,frozen_random_unitnorm,0.1595513947864129,0.07143911370459334,-0.08811228108181955,0.154296875,0.111328125,0.99609375,1.0,True
two_concepts,TwoLayerCNN,8,template_retention_1,0.11610037994475336,0.04978343476533628,-0.06631694517941708,0.0859375,0.072265625,0.99609375,0.99609375,True
