task,architecture,condition,block,mean_val_acc_epochs_1_10,val_acc_epoch_5,val_acc_epoch_10,val_acc_epoch_20,val_acc_epoch_40,first_epoch_95,val_ce_improvement_31_40
single_shape,TinyCNN,frozen_random_unitnorm,block00,0.273828125,0.23828125,0.38671875,0.55078125,0.76953125,,0.04418492317199707
single_shape,TinyCNN,frozen_random_unitnorm,block01,0.36015625,0.34765625,0.42578125,0.4765625,0.75,,0.0359424352645874
single_shape,TinyCNN,frozen_random_unitnorm,block02,0.425390625,0.4375,0.5390625,0.63671875,0.87890625,,0.04323577880859375
single_shape,TinyCNN,frozen_random_unitnorm,block03,0.25390625,0.21875,0.25390625,0.3671875,0.75,,0.03504741191864014
single_shape,TinyCNN,frozen_random_unitnorm,block04,0.23828125,0.25,0.17578125,0.3515625,0.55859375,,0.029780268669128418
single_shape,TinyCNN,frozen_random_unitnorm,block05,0.246875,0.21484375,0.29296875,0.4453125,0.7265625,,0.043970704078674316
single_shape,TinyCNN,frozen_random_unitnorm,block06,0.435546875,0.3671875,0.515625,0.6640625,0.90234375,,0.0432206392288208
single_shape,TinyCNN,frozen_random_unitnorm,block07,0.394140625,0.46484375,0.4765625,0.59375,0.73046875,,0.0324021577835083
single_shape,TinyCNN,frozen_random_unitnorm,block08,0.5265625,0.52734375,0.62109375,0.6640625,0.84765625,,0.04039299488067627
single_shape,TinyCNN,frozen_random_unitnorm,block09,0.228515625,0.28125,0.18359375,0.20703125,0.4921875,,0.025494694709777832
single_shape,TinyCNN,frozen_spectrum,block00,0.162109375,0.25,0.08984375,0.55078125,0.84765625,,0.06699347496032715
single_shape,TinyCNN,frozen_spectrum,block01,0.324609375,0.33203125,0.40234375,0.5390625,0.828125,,0.04593074321746826
single_shape,TinyCNN,frozen_spectrum,block02,0.376171875,0.25,0.55859375,0.75390625,0.8828125,,0.06338870525360107
single_shape,TinyCNN,frozen_spectrum,block03,0.2625,0.24609375,0.25,0.4296875,0.75390625,,0.05044734477996826
single_shape,TinyCNN,frozen_spectrum,block04,0.281640625,0.27734375,0.3828125,0.5546875,0.796875,,0.04393935203552246
single_shape,TinyCNN,frozen_spectrum,block05,0.251171875,0.23828125,0.28515625,0.453125,0.89453125,,0.06034040451049805
single_shape,TinyCNN,frozen_spectrum,block06,0.280859375,0.2421875,0.3359375,0.484375,0.91796875,,0.05289196968078613
single_shape,TinyCNN,frozen_spectrum,block07,0.16796875,0.11328125,0.18359375,0.2421875,0.65234375,,0.044216275215148926
single_shape,TinyCNN,frozen_spectrum,block08,0.2875,0.27734375,0.39453125,0.59375,0.85546875,,0.05321931838989258
single_shape,TinyCNN,frozen_spectrum,block09,0.23359375,0.25,0.25,0.5234375,0.90234375,,0.057734131813049316
single_shape,TinyCNN,frozen_templates,block00,0.24453125,0.25,0.2421875,0.45703125,0.87890625,,0.06625187397003174
single_shape,TinyCNN,frozen_templates,block01,0.343359375,0.296875,0.5078125,0.6171875,0.91015625,,0.061102867126464844
single_shape,TinyCNN,frozen_templates,block02,0.38515625,0.29296875,0.52734375,0.56640625,0.8203125,,0.06334829330444336
single_shape,TinyCNN,frozen_templates,block03,0.24296875,0.25,0.21484375,0.2578125,0.84765625,,0.06447649002075195
single_shape,TinyCNN,frozen_templates,block04,0.3515625,0.53515625,0.3984375,0.53125,0.890625,,0.049227118492126465
single_shape,TinyCNN,frozen_templates,block05,0.320703125,0.3203125,0.390625,0.58984375,0.76171875,,0.0548551082611084
single_shape,TinyCNN,frozen_templates,block06,0.18984375,0.1796875,0.2109375,0.265625,0.87109375,,0.06318891048431396
single_shape,TinyCNN,frozen_templates,block07,0.370703125,0.40234375,0.48046875,0.60546875,0.6875,,0.054537057876586914
single_shape,TinyCNN,frozen_templates,block08,0.3984375,0.40625,0.41015625,0.62890625,0.90625,,0.064422607421875
single_shape,TinyCNN,frozen_templates,block09,0.283984375,0.4296875,0.2734375,0.5390625,0.84765625,,0.05638110637664795
single_shape,TinyCNN,random,block00,0.778125,0.77734375,0.984375,1.0,1.0,9.0,0.024789921939373016
single_shape,TinyCNN,random,block01,0.80625,0.80859375,0.95703125,1.0,1.0,10.0,0.038505297154188156
single_shape,TinyCNN,random,block02,0.7421875,0.7265625,0.984375,1.0,1.0,9.0,0.03572872653603554
single_shape,TinyCNN,random,block03,0.64375,0.50390625,0.9921875,1.0,1.0,8.0,0.03959251567721367
single_shape,TinyCNN,random,block04,0.6625,0.7109375,0.96875,1.0,1.0,10.0,0.04070799797773361
single_shape,TinyCNN,random,block05,0.774609375,0.765625,0.984375,0.99609375,1.0,9.0,0.03645822033286095
single_shape,TinyCNN,random,block06,0.850390625,0.796875,0.98046875,1.0,1.0,8.0,0.02683398500084877
single_shape,TinyCNN,random,block07,0.719140625,0.73828125,0.90234375,0.98828125,0.99609375,13.0,0.036819033324718475
single_shape,TinyCNN,random,block08,0.7859375,0.7578125,0.9609375,1.0,1.0,9.0,0.03253883868455887
single_shape,TinyCNN,random,block09,0.688671875,0.75390625,0.8828125,1.0,0.99609375,12.0,0.035583339631557465
single_shape,TinyCNN,random_unitnorm,block00,0.761328125,0.80859375,0.96484375,1.0,1.0,10.0,0.03310244157910347
single_shape,TinyCNN,random_unitnorm,block01,0.769921875,0.7578125,0.95703125,0.99609375,1.0,10.0,0.04035557806491852
single_shape,TinyCNN,random_unitnorm,block02,0.74609375,0.71875,0.98828125,1.0,1.0,9.0,0.03862493485212326
single_shape,TinyCNN,random_unitnorm,block03,0.623046875,0.5078125,0.9921875,1.0,1.0,9.0,0.04120909795165062
single_shape,TinyCNN,random_unitnorm,block04,0.648046875,0.578125,0.9453125,0.99609375,1.0,11.0,0.05131338909268379
single_shape,TinyCNN,random_unitnorm,block05,0.76015625,0.75,0.98046875,0.9921875,1.0,8.0,0.041333165019750595
single_shape,TinyCNN,random_unitnorm,block06,0.818359375,0.796875,0.98046875,1.0,1.0,9.0,0.03142191097140312
single_shape,TinyCNN,random_unitnorm,block07,0.694921875,0.7265625,0.89453125,0.9765625,0.99609375,13.0,0.05012795701622963
single_shape,TinyCNN,random_unitnorm,block08,0.813671875,0.7578125,0.9765625,1.0,1.0,8.0,0.032038364559412
single_shape,TinyCNN,random_unitnorm,block09,0.671875,0.61328125,0.859375,1.0,1.0,13.0,0.043594956398010254
single_shape,TinyCNN,spectrum_init,block00,0.748828125,0.90234375,1.0,1.0,1.0,7.0,0.03808760270476341
single_shape,TinyCNN,spectrum_init,block01,0.78203125,0.7109375,0.98046875,1.0,1.0,8.0,0.04932433366775513
single_shape,TinyCNN,spectrum_init,block02,0.75234375,0.7890625,0.9609375,0.99609375,0.99609375,8.0,0.06286804378032684
single_shape,TinyCNN,spectrum_init,block03,0.582421875,0.50390625,0.96875,1.0,1.0,10.0,0.07486764341592789
single_shape,TinyCNN,spectrum_init,block04,0.6609375,0.51171875,0.96875,1.0,1.0,8.0,0.08262361586093903
single_shape,TinyCNN,spectrum_init,block05,0.714453125,0.73046875,0.984375,1.0,1.0,10.0,0.06836771219968796
single_shape,TinyCNN,spectrum_init,block06,0.7265625,0.7421875,0.98828125,1.0,1.0,9.0,0.0612076073884964
single_shape,TinyCNN,spectrum_init,block07,0.634765625,0.63671875,0.8984375,0.98828125,0.99609375,13.0,0.07784639298915863
single_shape,TinyCNN,spectrum_init,block08,0.819140625,0.9140625,0.9921875,1.0,1.0,6.0,0.03626905754208565
single_shape,TinyCNN,spectrum_init,block09,0.58046875,0.5,0.87890625,1.0,1.0,12.0,0.07031149417161942
single_shape,TinyCNN,spectrum_retention_1,block00,0.73515625,0.8671875,0.9921875,0.98828125,1.0,8.0,0.08649301528930664
single_shape,TinyCNN,spectrum_retention_1,block01,0.779296875,0.71484375,0.96484375,0.99609375,1.0,8.0,0.09135916829109192
single_shape,TinyCNN,spectrum_retention_1,block02,0.739453125,0.7421875,0.9453125,0.99609375,0.99609375,11.0,0.08623477816581726
single_shape,TinyCNN,spectrum_retention_1,block03,0.56484375,0.45703125,0.921875,1.0,1.0,13.0,0.130118727684021
single_shape,TinyCNN,spectrum_retention_1,block04,0.668359375,0.54296875,0.93359375,0.99609375,1.0,8.0,0.10744696855545044
single_shape,TinyCNN,spectrum_retention_1,block05,0.714453125,0.7265625,0.97265625,0.99609375,1.0,10.0,0.11194241046905518
single_shape,TinyCNN,spectrum_retention_1,block06,0.725,0.73828125,0.98828125,1.0,1.0,9.0,0.08707994222640991
single_shape,TinyCNN,spectrum_retention_1,block07,0.61484375,0.6328125,0.8359375,0.9375,0.984375,23.0,0.1137317419052124
single_shape,TinyCNN,spectrum_retention_1,block08,0.81484375,0.90234375,0.99609375,1.0,0.99609375,6.0,0.06953659653663635
single_shape,TinyCNN,spectrum_retention_1,block09,0.5703125,0.5,0.8125,0.98828125,0.99609375,18.0,0.13091251254081726
single_shape,TinyCNN,template_init,block00,0.7390625,0.93359375,1.0,1.0,1.0,6.0,0.029928553849458694
single_shape,TinyCNN,template_init,block01,0.852734375,0.8984375,0.9921875,1.0,1.0,7.0,0.0407860167324543
single_shape,TinyCNN,template_init,block02,0.690625,0.546875,0.96484375,1.0,1.0,9.0,0.06271936744451523
single_shape,TinyCNN,template_init,block03,0.627734375,0.58984375,0.9921875,1.0,1.0,9.0,0.049734342843294144
single_shape,TinyCNN,template_init,block04,0.62890625,0.51953125,0.98046875,1.0,1.0,9.0,0.07695604115724564
single_shape,TinyCNN,template_init,block05,0.73046875,0.6796875,0.984375,1.0,1.0,8.0,0.056517548859119415
single_shape,TinyCNN,template_init,block06,0.693359375,0.73046875,1.0,1.0,1.0,8.0,0.04689595475792885
single_shape,TinyCNN,template_init,block07,0.641796875,0.73046875,0.88671875,0.984375,0.99609375,12.0,0.062014877796173096
single_shape,TinyCNN,template_init,block08,0.875390625,1.0,1.0,1.0,1.0,4.0,0.02914319932460785
single_shape,TinyCNN,template_init,block09,0.66484375,0.53125,1.0,1.0,1.0,10.0,0.05726487934589386
single_shape,TinyCNN,template_retention_0.1,block00,0.7390625,0.94140625,1.0,1.0,1.0,6.0,0.027767695486545563
single_shape,TinyCNN,template_retention_0.1,block01,0.85390625,0.90234375,0.9921875,1.0,1.0,7.0,0.037860505282878876
single_shape,TinyCNN,template_retention_0.1,block02,0.691015625,0.55078125,0.96484375,1.0,1.0,9.0,0.058474525809288025
single_shape,TinyCNN,template_retention_0.1,block03,0.62578125,0.56640625,0.9921875,1.0,1.0,9.0,0.0471566766500473
single_shape,TinyCNN,template_retention_0.1,block04,0.6328125,0.52734375,0.9765625,1.0,1.0,9.0,0.07580903172492981
single_shape,TinyCNN,template_retention_0.1,block05,0.732421875,0.6796875,0.984375,1.0,1.0,8.0,0.05204308032989502
single_shape,TinyCNN,template_retention_0.1,block06,0.6953125,0.734375,1.0,1.0,1.0,8.0,0.04678685963153839
single_shape,TinyCNN,template_retention_0.1,block07,0.640234375,0.73046875,0.88671875,0.98046875,0.99609375,12.0,0.062226638197898865
single_shape,TinyCNN,template_retention_0.1,block08,0.87421875,1.0,1.0,1.0,1.0,4.0,0.02795226126909256
single_shape,TinyCNN,template_retention_0.1,block09,0.665234375,0.53125,1.0,1.0,1.0,10.0,0.05270131677389145
single_shape,TinyCNN,template_retention_1,block00,0.733984375,0.9375,1.0,1.0,1.0,6.0,0.07047480344772339
single_shape,TinyCNN,template_retention_1,block01,0.8484375,0.890625,0.9921875,0.99609375,0.99609375,7.0,0.08470836281776428
single_shape,TinyCNN,template_retention_1,block02,0.67890625,0.59375,0.93359375,1.0,1.0,12.0,0.10437589883804321
single_shape,TinyCNN,template_retention_1,block03,0.5953125,0.44921875,0.97265625,1.0,1.0,9.0,0.09483575820922852
single_shape,TinyCNN,template_retention_1,block04,0.64453125,0.55859375,0.9765625,0.9921875,0.99609375,9.0,0.11277323961257935
single_shape,TinyCNN,template_retention_1,block05,0.734375,0.69921875,0.97265625,0.9921875,1.0,9.0,0.08739760518074036
single_shape,TinyCNN,template_retention_1,block06,0.680859375,0.70703125,0.9921875,0.9921875,0.9921875,8.0,0.08508685231208801
single_shape,TinyCNN,template_retention_1,block07,0.6296875,0.734375,0.8203125,0.96875,0.984375,19.0,0.10435393452644348
single_shape,TinyCNN,template_retention_1,block08,0.869921875,1.0,1.0,1.0,1.0,4.0,0.061768144369125366
single_shape,TinyCNN,template_retention_1,block09,0.65703125,0.59375,0.98828125,1.0,1.0,10.0,0.0960145890712738
single_shape,TwoLayerCNN,frozen_random_unitnorm,block00,0.719921875,0.70703125,0.9921875,1.0,1.0,8.0,0.02273944392800331
single_shape,TwoLayerCNN,frozen_random_unitnorm,block01,0.851171875,0.9140625,0.96875,1.0,1.0,9.0,0.035290203988552094
single_shape,TwoLayerCNN,frozen_random_unitnorm,block02,0.87421875,0.98828125,0.99609375,0.99609375,1.0,5.0,0.02421843633055687
single_shape,TwoLayerCNN,frozen_random_unitnorm,block03,0.78984375,0.71484375,0.99609375,0.99609375,1.0,8.0,0.022006796672940254
single_shape,TwoLayerCNN,frozen_random_unitnorm,block04,0.77890625,0.73046875,0.98046875,1.0,1.0,9.0,0.03244894742965698
single_shape,TwoLayerCNN,frozen_random_unitnorm,block05,0.773828125,0.75390625,0.98046875,0.99609375,1.0,9.0,0.03037147969007492
single_shape,TwoLayerCNN,frozen_random_unitnorm,block06,0.78046875,0.796875,0.96875,0.9921875,1.0,9.0,0.024920925498008728
single_shape,TwoLayerCNN,frozen_random_unitnorm,block07,0.7703125,0.7890625,0.984375,1.0,1.0,9.0,0.025152750313282013
single_shape,TwoLayerCNN,frozen_random_unitnorm,block08,0.74375,0.76953125,0.96484375,1.0,1.0,9.0,0.02372961863875389
single_shape,TwoLayerCNN,frozen_random_unitnorm,block09,0.8375,0.96875,0.98828125,0.9921875,1.0,4.0,0.019963745027780533
single_shape,TwoLayerCNN,frozen_spectrum,block00,0.86796875,0.99609375,1.0,1.0,1.0,4.0,0.012836003676056862
single_shape,TwoLayerCNN,frozen_spectrum,block01,0.787890625,0.734375,1.0,1.0,1.0,7.0,0.024551574140787125
single_shape,TwoLayerCNN,frozen_spectrum,block02,0.86015625,0.9296875,0.98828125,0.99609375,0.99609375,6.0,0.022028464823961258
single_shape,TwoLayerCNN,frozen_spectrum,block03,0.827734375,0.859375,0.99609375,0.99609375,0.99609375,7.0,0.015776371583342552
single_shape,TwoLayerCNN,frozen_spectrum,block04,0.765234375,0.71484375,0.9765625,1.0,1.0,8.0,0.018760712817311287
single_shape,TwoLayerCNN,frozen_spectrum,block05,0.794140625,0.7109375,1.0,1.0,1.0,8.0,0.01677114889025688
single_shape,TwoLayerCNN,frozen_spectrum,block06,0.86953125,0.98828125,1.0,1.0,1.0,5.0,0.017289090901613235
single_shape,TwoLayerCNN,frozen_spectrum,block07,0.841796875,0.921875,0.9765625,0.9921875,1.0,9.0,0.020434482023119926
single_shape,TwoLayerCNN,frozen_spectrum,block08,0.84921875,0.92578125,0.97265625,1.0,1.0,7.0,0.021410638466477394
single_shape,TwoLayerCNN,frozen_spectrum,block09,0.883984375,0.9921875,1.0,1.0,1.0,4.0,0.018030863255262375
single_shape,TwoLayerCNN,frozen_templates,block00,0.816015625,0.8515625,1.0,1.0,1.0,6.0,0.0209642481058836
single_shape,TwoLayerCNN,frozen_templates,block01,0.7859375,0.79296875,1.0,1.0,1.0,8.0,0.03521103039383888
single_shape,TwoLayerCNN,frozen_templates,block02,0.853125,0.99609375,0.99609375,1.0,1.0,5.0,0.023932039737701416
single_shape,TwoLayerCNN,frozen_templates,block03,0.832421875,0.88671875,0.99609375,1.0,1.0,6.0,0.02162015810608864
single_shape,TwoLayerCNN,frozen_templates,block04,0.786328125,0.75,0.97265625,0.99609375,1.0,9.0,0.030477821826934814
single_shape,TwoLayerCNN,frozen_templates,block05,0.8171875,0.81640625,1.0,1.0,1.0,7.0,0.01746048592031002
single_shape,TwoLayerCNN,frozen_templates,block06,0.85859375,0.9296875,0.9921875,1.0,1.0,8.0,0.02481657639145851
single_shape,TwoLayerCNN,frozen_templates,block07,0.839453125,0.98046875,0.99609375,0.9921875,0.9921875,4.0,0.02027682587504387
single_shape,TwoLayerCNN,frozen_templates,block08,0.87109375,0.8125,0.98828125,1.0,1.0,6.0,0.023883908987045288
single_shape,TwoLayerCNN,frozen_templates,block09,0.878515625,0.98828125,1.0,1.0,1.0,5.0,0.02036718651652336
single_shape,TwoLayerCNN,random,block00,0.77421875,0.9453125,1.0,1.0,1.0,6.0,0.0011702139163389802
single_shape,TwoLayerCNN,random,block01,0.85234375,0.921875,0.98828125,1.0,1.0,6.0,0.0026148613542318344
single_shape,TwoLayerCNN,random,block02,0.7703125,0.98828125,1.0,1.0,1.0,5.0,0.0014286516234278679
single_shape,TwoLayerCNN,random,block03,0.835546875,0.86328125,1.0,1.0,1.0,6.0,0.001194534357637167
single_shape,TwoLayerCNN,random,block04,0.822265625,0.80859375,0.9921875,1.0,1.0,7.0,0.001895844005048275
single_shape,TwoLayerCNN,random,block05,0.808203125,0.75,1.0,1.0,1.0,8.0,0.0017561085987836123
single_shape,TwoLayerCNN,random,block06,0.835546875,0.9453125,0.99609375,1.0,1.0,6.0,0.0014628127682954073
single_shape,TwoLayerCNN,random,block07,0.73828125,0.93359375,0.984375,1.0,1.0,6.0,0.0018734673503786325
single_shape,TwoLayerCNN,random,block08,0.798046875,0.86328125,0.99609375,1.0,1.0,7.0,0.0015184900257736444
single_shape,TwoLayerCNN,random,block09,0.821875,0.96484375,0.99609375,1.0,1.0,4.0,0.0017886231653392315
single_shape,TwoLayerCNN,random_unitnorm,block00,0.83125,0.9609375,1.0,1.0,1.0,5.0,0.0010915216989815235
single_shape,TwoLayerCNN,random_unitnorm,block01,0.86015625,0.92578125,0.99609375,0.99609375,1.0,6.0,0.002282473724335432
single_shape,TwoLayerCNN,random_unitnorm,block02,0.8796875,0.9921875,0.99609375,1.0,1.0,4.0,0.0017086979933083057
single_shape,TwoLayerCNN,random_unitnorm,block03,0.86953125,0.94140625,1.0,1.0,1.0,6.0,0.0011594663374125957
single_shape,TwoLayerCNN,random_unitnorm,block04,0.860546875,0.88671875,0.99609375,1.0,1.0,6.0,0.001811254769563675
single_shape,TwoLayerCNN,random_unitnorm,block05,0.86640625,0.83203125,1.0,1.0,1.0,6.0,0.001702689565718174
single_shape,TwoLayerCNN,random_unitnorm,block06,0.87109375,0.95703125,0.99609375,1.0,1.0,5.0,0.0014789635315537453
single_shape,TwoLayerCNN,random_unitnorm,block07,0.8171875,0.94921875,1.0,1.0,1.0,6.0,0.0021993261761963367
single_shape,TwoLayerCNN,random_unitnorm,block08,0.838671875,0.94921875,1.0,1.0,1.0,6.0,0.0013642290141433477
single_shape,TwoLayerCNN,random_unitnorm,block09,0.896484375,0.98828125,0.9921875,0.99609375,0.99609375,4.0,0.001778818666934967
single_shape,TwoLayerCNN,spectrum_init,block00,0.894921875,1.0,1.0,1.0,1.0,4.0,0.0008868185104802251
single_shape,TwoLayerCNN,spectrum_init,block01,0.86484375,0.94921875,1.0,1.0,1.0,6.0,0.0028755804523825645
single_shape,TwoLayerCNN,spectrum_init,block02,0.91328125,0.98828125,0.9921875,1.0,1.0,5.0,0.0026641017757356167
single_shape,TwoLayerCNN,spectrum_init,block03,0.858203125,0.8828125,0.99609375,1.0,1.0,6.0,0.001887365709990263
single_shape,TwoLayerCNN,spectrum_init,block04,0.82109375,0.80859375,1.0,1.0,1.0,6.0,0.0017739045433700085
single_shape,TwoLayerCNN,spectrum_init,block05,0.862890625,0.8515625,1.0,1.0,1.0,6.0,0.001617552014067769
single_shape,TwoLayerCNN,spectrum_init,block06,0.883984375,0.984375,1.0,1.0,1.0,5.0,0.0013900701887905598
single_shape,TwoLayerCNN,spectrum_init,block07,0.899609375,0.95703125,0.98828125,0.99609375,1.0,5.0,0.0017700288444757462
single_shape,TwoLayerCNN,spectrum_init,block08,0.89453125,0.95703125,1.0,1.0,1.0,5.0,0.0016400027088820934
single_shape,TwoLayerCNN,spectrum_init,block09,0.9125,0.99609375,1.0,1.0,1.0,3.0,0.0019146050326526165
single_shape,TwoLayerCNN,spectrum_retention_1,block00,0.894140625,1.0,1.0,1.0,1.0,4.0,0.008151404559612274
single_shape,TwoLayerCNN,spectrum_retention_1,block01,0.865234375,0.94921875,1.0,1.0,1.0,6.0,0.0127488374710083
single_shape,TwoLayerCNN,spectrum_retention_1,block02,0.912890625,0.98828125,0.9921875,0.99609375,0.99609375,5.0,0.01343505084514618
single_shape,TwoLayerCNN,spectrum_retention_1,block03,0.860546875,0.8828125,0.99609375,0.99609375,0.99609375,6.0,0.010168110951781273
single_shape,TwoLayerCNN,spectrum_retention_1,block04,0.81796875,0.80078125,1.0,1.0,1.0,6.0,0.01139630377292633
single_shape,TwoLayerCNN,spectrum_retention_1,block05,0.858984375,0.82421875,1.0,1.0,1.0,6.0,0.011324029415845871
single_shape,TwoLayerCNN,spectrum_retention_1,block06,0.883984375,0.984375,1.0,1.0,1.0,5.0,0.01026795245707035
single_shape,TwoLayerCNN,spectrum_retention_1,block07,0.895703125,0.953125,0.9765625,1.0,1.0,5.0,0.01128101721405983
single_shape,TwoLayerCNN,spectrum_retention_1,block08,0.8953125,0.95703125,1.0,1.0,1.0,5.0,0.012116530910134315
single_shape,TwoLayerCNN,spectrum_retention_1,block09,0.91171875,0.99609375,1.0,1.0,1.0,3.0,0.011326337233185768
single_shape,TwoLayerCNN,template_init,block00,0.884375,0.9921875,1.0,1.0,1.0,3.0,0.0015014035161584616
single_shape,TwoLayerCNN,template_init,block01,0.805859375,0.80859375,1.0,1.0,1.0,8.0,0.003946602810174227
single_shape,TwoLayerCNN,template_init,block02,0.890625,0.9609375,1.0,1.0,1.0,2.0,0.0025539640337228775
single_shape,TwoLayerCNN,template_init,block03,0.85234375,0.91796875,1.0,1.0,1.0,6.0,0.002471981104463339
single_shape,TwoLayerCNN,template_init,block04,0.83828125,0.86328125,1.0,1.0,1.0,7.0,0.0027674646116793156
single_shape,TwoLayerCNN,template_init,block05,0.8734375,0.9453125,1.0,1.0,1.0,6.0,0.0024830657057464123
single_shape,TwoLayerCNN,template_init,block06,0.93046875,0.95703125,1.0,1.0,1.0,3.0,0.0018320579547435045
single_shape,TwoLayerCNN,template_init,block07,0.88046875,0.98046875,0.984375,0.99609375,0.99609375,4.0,0.0022540586069226265
single_shape,TwoLayerCNN,template_init,block08,0.925,0.90625,1.0,1.0,1.0,2.0,0.002182288095355034
single_shape,TwoLayerCNN,template_init,block09,0.907421875,0.99609375,1.0,1.0,1.0,5.0,0.0024470267817378044
single_shape,TwoLayerCNN,template_retention_0.1,block00,0.883984375,0.98828125,1.0,1.0,1.0,3.0,0.0029930947348475456
single_shape,TwoLayerCNN,template_retention_0.1,block01,0.806640625,0.8125,1.0,1.0,1.0,8.0,0.00463581457734108
single_shape,TwoLayerCNN,template_retention_0.1,block02,0.890234375,0.95703125,1.0,1.0,1.0,2.0,0.0036464817821979523
single_shape,TwoLayerCNN,template_retention_0.1,block03,0.85234375,0.91796875,1.0,1.0,1.0,6.0,0.0036807339638471603
single_shape,TwoLayerCNN,template_retention_0.1,block04,0.83828125,0.86328125,1.0,1.0,1.0,7.0,0.00438026525080204
single_shape,TwoLayerCNN,template_retention_0.1,block05,0.873046875,0.9453125,1.0,1.0,1.0,6.0,0.003920217975974083
single_shape,TwoLayerCNN,template_retention_0.1,block06,0.9296875,0.95703125,1.0,1.0,1.0,3.0,0.0035329144448041916
single_shape,TwoLayerCNN,template_retention_0.1,block07,0.879296875,0.98046875,0.984375,0.99609375,0.99609375,4.0,0.004360491409897804
single_shape,TwoLayerCNN,template_retention_0.1,block08,0.92421875,0.90625,1.0,1.0,1.0,2.0,0.003759615123271942
single_shape,TwoLayerCNN,template_retention_0.1,block09,0.90703125,0.99609375,1.0,1.0,1.0,5.0,0.003924025222659111
single_shape,TwoLayerCNN,template_retention_1,block00,0.87890625,0.9921875,1.0,1.0,1.0,3.0,0.011331070214509964
single_shape,TwoLayerCNN,template_retention_1,block01,0.80703125,0.81640625,1.0,1.0,1.0,8.0,0.018913812935352325
single_shape,TwoLayerCNN,template_retention_1,block02,0.89375,0.9765625,1.0,1.0,1.0,2.0,0.01397489383816719
single_shape,TwoLayerCNN,template_retention_1,block03,0.85234375,0.91015625,1.0,1.0,1.0,6.0,0.012904834002256393
single_shape,TwoLayerCNN,template_retention_1,block04,0.8359375,0.8515625,1.0,1.0,1.0,7.0,0.01627354696393013
single_shape,TwoLayerCNN,template_retention_1,block05,0.87265625,0.9375,1.0,1.0,1.0,6.0,0.011680860072374344
single_shape,TwoLayerCNN,template_retention_1,block06,0.92890625,0.9609375,1.0,1.0,1.0,3.0,0.013633625581860542
single_shape,TwoLayerCNN,template_retention_1,block07,0.8796875,0.98046875,0.9921875,0.9921875,0.9921875,4.0,0.011671103537082672
single_shape,TwoLayerCNN,template_retention_1,block08,0.91953125,0.90625,0.9921875,0.99609375,0.99609375,2.0,0.011897828429937363
single_shape,TwoLayerCNN,template_retention_1,block09,0.90625,0.99609375,1.0,0.99609375,1.0,5.0,0.012752518057823181
two_concepts,TinyCNN,frozen_random_unitnorm,block00,0.231640625,0.18359375,0.2109375,0.3046875,0.44140625,,0.011818289756774902
two_concepts,TinyCNN,frozen_random_unitnorm,block01,0.2296875,0.234375,0.23046875,0.34765625,0.5078125,,0.0142594575881958
two_concepts,TinyCNN,frozen_random_unitnorm,block02,0.40234375,0.296875,0.51953125,0.5859375,0.68359375,,0.02429831027984619
two_concepts,TinyCNN,frozen_random_unitnorm,block03,0.26953125,0.25,0.26171875,0.4296875,0.4765625,,0.011317849159240723
two_concepts,TinyCNN,frozen_random_unitnorm,block04,0.233984375,0.24609375,0.19921875,0.23046875,0.375,,0.007611513137817383
two_concepts,TinyCNN,frozen_random_unitnorm,block05,0.2578125,0.28125,0.3046875,0.359375,0.44921875,,0.013535261154174805
two_concepts,TinyCNN,frozen_random_unitnorm,block06,0.234375,0.2421875,0.1953125,0.2578125,0.35546875,,0.012445569038391113
two_concepts,TinyCNN,frozen_random_unitnorm,block07,0.280859375,0.29296875,0.27734375,0.33203125,0.44921875,,0.008604645729064941
two_concepts,TinyCNN,frozen_random_unitnorm,block08,0.283984375,0.265625,0.34765625,0.328125,0.37890625,,0.01124274730682373
two_concepts,TinyCNN,frozen_random_unitnorm,block09,0.278515625,0.29296875,0.328125,0.34765625,0.4921875,,0.01360464096069336
two_concepts,TinyCNN,frozen_spectrum,block00,0.333984375,0.37109375,0.359375,0.37109375,0.43359375,,0.016501188278198242
two_concepts,TinyCNN,frozen_spectrum,block01,0.221875,0.18359375,0.19921875,0.265625,0.49609375,,0.016260862350463867
two_concepts,TinyCNN,frozen_spectrum,block02,0.33515625,0.38671875,0.36328125,0.4296875,0.5546875,,0.01739943027496338
two_concepts,TinyCNN,frozen_spectrum,block03,0.227734375,0.1796875,0.2578125,0.21875,0.27734375,,0.008069992065429688
two_concepts,TinyCNN,frozen_spectrum,block04,0.283984375,0.28125,0.3359375,0.44140625,0.55078125,,0.014968156814575195
two_concepts,TinyCNN,frozen_spectrum,block05,0.25234375,0.24609375,0.30078125,0.4609375,0.546875,,0.03396797180175781
two_concepts,TinyCNN,frozen_spectrum,block06,0.251953125,0.31640625,0.2265625,0.3359375,0.37890625,,0.013104081153869629
two_concepts,TinyCNN,frozen_spectrum,block07,0.242578125,0.22265625,0.2578125,0.375,0.45703125,,0.010593652725219727
two_concepts,TinyCNN,frozen_spectrum,block08,0.330078125,0.27734375,0.40234375,0.48828125,0.59375,,0.01916944980621338
two_concepts,TinyCNN,frozen_spectrum,block09,0.18984375,0.21484375,0.1875,0.2578125,0.421875,,0.018407106399536133
two_concepts,TinyCNN,frozen_templates,block00,0.31484375,0.25390625,0.4296875,0.5078125,0.625,,0.03216540813446045
two_concepts,TinyCNN,frozen_templates,block01,0.29609375,0.3984375,0.3515625,0.58984375,0.71875,,0.030601024627685547
two_concepts,TinyCNN,frozen_templates,block02,0.314453125,0.37109375,0.3671875,0.35546875,0.45703125,,0.03335094451904297
two_concepts,TinyCNN,frozen_templates,block03,0.256640625,0.25,0.31640625,0.2890625,0.5859375,,0.03143775463104248
two_concepts,TinyCNN,frozen_templates,block04,0.283203125,0.265625,0.29296875,0.484375,0.578125,,0.03154563903808594
two_concepts,TinyCNN,frozen_templates,block05,0.213671875,0.23828125,0.26171875,0.31640625,0.51953125,,0.03678452968597412
two_concepts,TinyCNN,frozen_templates,block06,0.309765625,0.265625,0.34375,0.40234375,0.46875,,0.03054678440093994
two_concepts,TinyCNN,frozen_templates,block07,0.28515625,0.2578125,0.36328125,0.42578125,0.546875,,0.03471231460571289
two_concepts,TinyCNN,frozen_templates,block08,0.27421875,0.25,0.33203125,0.36328125,0.45703125,,0.03445124626159668
two_concepts,TinyCNN,frozen_templates,block09,0.257421875,0.23828125,0.29296875,0.359375,0.4453125,,0.03348410129547119
two_concepts,TinyCNN,random,block00,0.701171875,0.8046875,0.890625,0.9296875,0.98828125,24.0,0.08395996689796448
two_concepts,TinyCNN,random,block01,0.741796875,0.84765625,0.91015625,0.94921875,0.98828125,22.0,0.07195550203323364
two_concepts,TinyCNN,random,block02,0.664453125,0.62109375,0.80859375,0.953125,1.0,19.0,0.07223732769489288
two_concepts,TinyCNN,random,block03,0.482421875,0.39453125,0.796875,0.9296875,0.99609375,27.0,0.10424359142780304
two_concepts,TinyCNN,random,block04,0.764453125,0.84375,0.91015625,0.92578125,0.97265625,25.0,0.07459628582000732
two_concepts,TinyCNN,random,block05,0.71640625,0.73828125,0.9375,0.96875,0.9921875,12.0,0.08741037547588348
two_concepts,TinyCNN,random,block06,0.596484375,0.5703125,0.80859375,0.87890625,0.98828125,28.0,0.09103010594844818
two_concepts,TinyCNN,random,block07,0.561328125,0.5,0.78125,0.90625,0.984375,25.0,0.09208023548126221
two_concepts,TinyCNN,random,block08,0.590625,0.61328125,0.74609375,0.91796875,0.984375,21.0,0.08218380808830261
two_concepts,TinyCNN,random,block09,0.55546875,0.58203125,0.7578125,0.890625,0.96875,36.0,0.08671748638153076
two_concepts,TinyCNN,random_unitnorm,block00,0.619921875,0.671875,0.87890625,0.9296875,0.984375,24.0,0.10635629296302795
two_concepts,TinyCNN,random_unitnorm,block01,0.662890625,0.6015625,0.84765625,0.9453125,0.98046875,27.0,0.08867752552032471
two_concepts,TinyCNN,random_unitnorm,block02,0.696484375,0.6875,0.8046875,0.9453125,1.0,23.0,0.07529062032699585
two_concepts,TinyCNN,random_unitnorm,block03,0.41484375,0.39453125,0.625,0.88671875,0.96875,33.0,0.15323393046855927
two_concepts,TinyCNN,random_unitnorm,block04,0.64765625,0.58203125,0.91015625,0.9140625,0.96875,27.0,0.09963098168373108
two_concepts,TinyCNN,random_unitnorm,block05,0.6328125,0.5546875,0.89453125,0.96875,0.98828125,15.0,0.1054844856262207
two_concepts,TinyCNN,random_unitnorm,block06,0.55625,0.546875,0.73828125,0.85546875,0.96484375,36.0,0.12053996324539185
two_concepts,TinyCNN,random_unitnorm,block07,0.53671875,0.484375,0.72265625,0.875,0.96875,35.0,0.0976472795009613
two_concepts,TinyCNN,random_unitnorm,block08,0.59140625,0.61328125,0.75390625,0.91796875,0.98046875,22.0,0.09199044108390808
two_concepts,TinyCNN,random_unitnorm,block09,0.49296875,0.45703125,0.6875,0.87109375,0.953125,40.0,0.10748475790023804
two_concepts,TinyCNN,spectrum_init,block00,0.533203125,0.52734375,0.703125,0.85546875,0.97265625,35.0,0.14330273866653442
two_concepts,TinyCNN,spectrum_init,block01,0.397265625,0.25,0.7109375,0.84375,0.99609375,30.0,0.19387087225914001
two_concepts,TinyCNN,spectrum_init,block02,0.610546875,0.70703125,0.7734375,0.875,0.98046875,32.0,0.12062789499759674
two_concepts,TinyCNN,spectrum_init,block03,0.375,0.37109375,0.4921875,0.8125,0.95703125,40.0,0.2533892095088959
two_concepts,TinyCNN,spectrum_init,block04,0.559765625,0.4453125,0.8515625,0.91796875,0.97265625,26.0,0.12803468108177185
two_concepts,TinyCNN,spectrum_init,block05,0.5203125,0.41796875,0.75390625,0.8828125,0.9921875,23.0,0.16273260116577148
two_concepts,TinyCNN,spectrum_init,block06,0.505078125,0.4765625,0.7734375,0.859375,0.9609375,36.0,0.1836336851119995
two_concepts,TinyCNN,spectrum_init,block07,0.54375,0.515625,0.71484375,0.86328125,0.9765625,35.0,0.13718383014202118
two_concepts,TinyCNN,spectrum_init,block08,0.566015625,0.546875,0.74609375,0.91796875,0.98046875,28.0,0.14856652915477753
two_concepts,TinyCNN,spectrum_init,block09,0.427734375,0.4140625,0.5078125,0.82421875,0.96484375,36.0,0.19661566615104675
two_concepts,TinyCNN,spectrum_retention_1,block00,0.525,0.55078125,0.67578125,0.75390625,0.8515625,,0.09765291213989258
two_concepts,TinyCNN,spectrum_retention_1,block01,0.400390625,0.25,0.66015625,0.7578125,0.90625,,0.12653464078903198
two_concepts,TinyCNN,spectrum_retention_1,block02,0.593359375,0.703125,0.76171875,0.80859375,0.86328125,,0.1067383885383606
two_concepts,TinyCNN,spectrum_retention_1,block03,0.365234375,0.2734375,0.50390625,0.7578125,0.8671875,,0.12964153289794922
two_concepts,TinyCNN,spectrum_retention_1,block04,0.566796875,0.484375,0.84375,0.8359375,0.90234375,,0.09607034921646118
two_concepts,TinyCNN,spectrum_retention_1,block05,0.52109375,0.47265625,0.70703125,0.81640625,0.87890625,,0.10422319173812866
two_concepts,TinyCNN,spectrum_retention_1,block06,0.536328125,0.58984375,0.71875,0.80859375,0.83984375,,0.10676068067550659
two_concepts,TinyCNN,spectrum_retention_1,block07,0.533984375,0.48046875,0.66015625,0.78515625,0.84765625,,0.10306733846664429
two_concepts,TinyCNN,spectrum_retention_1,block08,0.545703125,0.5234375,0.73046875,0.8671875,0.8984375,,0.10871946811676025
two_concepts,TinyCNN,spectrum_retention_1,block09,0.41796875,0.44140625,0.48046875,0.6484375,0.890625,,0.11387497186660767
two_concepts,TinyCNN,template_init,block00,0.52578125,0.40234375,0.7421875,0.9375,0.9921875,21.0,0.19036638736724854
two_concepts,TinyCNN,template_init,block01,0.5203125,0.3125,0.72265625,0.90234375,0.98828125,23.0,0.15676134824752808
two_concepts,TinyCNN,template_init,block02,0.55859375,0.51953125,0.8203125,0.96484375,1.0,19.0,0.15517838299274445
two_concepts,TinyCNN,template_init,block03,0.402734375,0.2578125,0.6640625,0.69140625,0.91015625,,0.17694878578186035
two_concepts,TinyCNN,template_init,block04,0.501953125,0.265625,0.80859375,0.94140625,0.9609375,38.0,0.16151240468025208
two_concepts,TinyCNN,template_init,block05,0.559765625,0.49609375,0.7890625,0.9296875,0.97265625,18.0,0.15410058200359344
two_concepts,TinyCNN,template_init,block06,0.532421875,0.5390625,0.75390625,0.9140625,0.96875,35.0,0.15527915954589844
two_concepts,TinyCNN,template_init,block07,0.612890625,0.578125,0.82421875,0.9375,0.98046875,25.0,0.15095707774162292
two_concepts,TinyCNN,template_init,block08,0.568359375,0.53125,0.83203125,0.96875,0.98046875,17.0,0.1624661535024643
two_concepts,TinyCNN,template_init,block09,0.532421875,0.53125,0.8359375,0.95703125,0.98828125,20.0,0.15504492819309235
two_concepts,TinyCNN,template_retention_0.1,block00,0.5265625,0.4140625,0.73828125,0.90625,0.984375,27.0,0.15886133909225464
two_concepts,TinyCNN,template_retention_0.1,block01,0.52890625,0.3203125,0.72265625,0.90234375,0.98046875,26.0,0.1356181502342224
two_concepts,TinyCNN,template_retention_0.1,block02,0.552734375,0.51953125,0.81640625,0.98828125,1.0,19.0,0.14634305238723755
two_concepts,TinyCNN,template_retention_0.1,block03,0.398046875,0.2578125,0.609375,0.67578125,0.87890625,,0.14578741788864136
two_concepts,TinyCNN,template_retention_0.1,block04,0.5015625,0.26953125,0.8046875,0.9375,0.94921875,,0.14099344611167908
two_concepts,TinyCNN,template_retention_0.1,block05,0.5703125,0.515625,0.80078125,0.92578125,0.96875,22.0,0.14420923590660095
two_concepts,TinyCNN,template_retention_0.1,block06,0.53515625,0.546875,0.7421875,0.90234375,0.94921875,38.0,0.14254087209701538
two_concepts,TinyCNN,template_retention_0.1,block07,0.610546875,0.58203125,0.8203125,0.93359375,0.96484375,25.0,0.13472038507461548
two_concepts,TinyCNN,template_retention_0.1,block08,0.569140625,0.54296875,0.8359375,0.953125,0.98046875,17.0,0.1495330035686493
two_concepts,TinyCNN,template_retention_0.1,block09,0.52890625,0.52734375,0.82421875,0.95703125,0.98828125,20.0,0.1379670798778534
two_concepts,TinyCNN,template_retention_1,block00,0.529296875,0.41796875,0.75,0.796875,0.9375,,0.10416513681411743
two_concepts,TinyCNN,template_retention_1,block01,0.551953125,0.37109375,0.703125,0.8203125,0.9140625,,0.09141600131988525
two_concepts,TinyCNN,template_retention_1,block02,0.521875,0.5078125,0.734375,0.796875,0.94921875,36.0,0.10213685035705566
two_concepts,TinyCNN,template_retention_1,block03,0.39140625,0.2578125,0.5703125,0.65234375,0.6953125,,0.07626581192016602
two_concepts,TinyCNN,template_retention_1,block04,0.5046875,0.328125,0.76953125,0.8671875,0.921875,,0.10694348812103271
two_concepts,TinyCNN,template_retention_1,block05,0.548046875,0.609375,0.71875,0.8828125,0.9453125,34.0,0.12562626600265503
two_concepts,TinyCNN,template_retention_1,block06,0.51875,0.60546875,0.55078125,0.8125,0.91015625,,0.10620224475860596
two_concepts,TinyCNN,template_retention_1,block07,0.603515625,0.58984375,0.7890625,0.86328125,0.9296875,,0.09714341163635254
two_concepts,TinyCNN,template_retention_1,block08,0.5421875,0.58984375,0.7421875,0.765625,0.94140625,,0.09084099531173706
two_concepts,TinyCNN,template_retention_1,block09,0.498828125,0.5,0.765625,0.91796875,0.97265625,25.0,0.1145932674407959
two_concepts,TwoLayerCNN,frozen_random_unitnorm,block00,0.735546875,0.78125,0.91796875,0.97265625,0.98828125,15.0,0.06601910293102264
two_concepts,TwoLayerCNN,frozen_random_unitnorm,block01,0.734765625,0.77734375,0.87890625,0.9765625,0.99609375,18.0,0.06667346507310867
two_concepts,TwoLayerCNN,frozen_random_unitnorm,block02,0.671484375,0.69140625,0.92578125,0.96875,1.0,13.0,0.06852167099714279
two_concepts,TwoLayerCNN,frozen_random_unitnorm,block03,0.638671875,0.65625,0.859375,0.9609375,0.99609375,19.0,0.059011101722717285
two_concepts,TwoLayerCNN,frozen_random_unitnorm,block04,0.767578125,0.8046875,0.94921875,0.96484375,0.984375,13.0,0.05641128867864609
two_concepts,TwoLayerCNN,frozen_random_unitnorm,block05,0.7078125,0.703125,0.90234375,0.95703125,0.9921875,18.0,0.0613669827580452
two_concepts,TwoLayerCNN,frozen_random_unitnorm,block06,0.701171875,0.671875,0.921875,0.96484375,1.0,15.0,0.07101175934076309
two_concepts,TwoLayerCNN,frozen_random_unitnorm,block07,0.78125,0.8203125,0.91796875,0.96484375,0.9921875,17.0,0.0447002649307251
two_concepts,TwoLayerCNN,frozen_random_unitnorm,block08,0.735546875,0.72265625,0.890625,0.9453125,0.9921875,21.0,0.07178402692079544
two_concepts,TwoLayerCNN,frozen_random_unitnorm,block09,0.659375,0.61328125,0.8359375,0.9453125,0.98828125,24.0,0.059311553835868835
two_concepts,TwoLayerCNN,frozen_spectrum,block00,0.5515625,0.51171875,0.734375,0.8671875,0.953125,39.0,0.10770836472511292
two_concepts,TwoLayerCNN,frozen_spectrum,block01,0.6484375,0.4765625,0.84765625,0.953125,0.9921875,19.0,0.07434271275997162
two_concepts,TwoLayerCNN,frozen_spectrum,block02,0.645703125,0.73046875,0.81640625,0.8984375,1.0,27.0,0.08802337944507599
two_concepts,TwoLayerCNN,frozen_spectrum,block03,0.64375,0.75,0.8984375,0.94140625,0.9765625,27.0,0.08686892688274384
two_concepts,TwoLayerCNN,frozen_spectrum,block04,0.688671875,0.72265625,0.828125,0.91015625,0.96875,29.0,0.08019751310348511
two_concepts,TwoLayerCNN,frozen_spectrum,block05,0.576953125,0.62109375,0.69140625,0.87109375,0.96875,31.0,0.10707983374595642
two_concepts,TwoLayerCNN,frozen_spectrum,block06,0.642578125,0.6796875,0.796875,0.91015625,0.9609375,32.0,0.08214882016181946
two_concepts,TwoLayerCNN,frozen_spectrum,block07,0.6734375,0.70703125,0.80859375,0.88671875,0.95703125,33.0,0.06786468625068665
two_concepts,TwoLayerCNN,frozen_spectrum,block08,0.688671875,0.78515625,0.80078125,0.859375,0.97265625,33.0,0.08542777597904205
two_concepts,TwoLayerCNN,frozen_spectrum,block09,0.623046875,0.57421875,0.83984375,0.87890625,0.9375,,0.07716423273086548
two_concepts,TwoLayerCNN,frozen_templates,block00,0.7296875,0.796875,0.859375,0.92578125,0.96484375,25.0,0.07667030394077301
two_concepts,TwoLayerCNN,frozen_templates,block01,0.646484375,0.61328125,0.87109375,0.95703125,0.98828125,18.0,0.06970716267824173
two_concepts,TwoLayerCNN,frozen_templates,block02,0.687890625,0.69921875,0.73828125,0.82421875,0.90625,,0.0580308735370636
two_concepts,TwoLayerCNN,frozen_templates,block03,0.673046875,0.70703125,0.87890625,0.94140625,0.984375,22.0,0.07331718504428864
two_concepts,TwoLayerCNN,frozen_templates,block04,0.7140625,0.80859375,0.875,0.93359375,0.98046875,24.0,0.08049868047237396
two_concepts,TwoLayerCNN,frozen_templates,block05,0.70390625,0.72265625,0.88671875,0.96875,0.9921875,20.0,0.07952718436717987
two_concepts,TwoLayerCNN,frozen_templates,block06,0.689453125,0.73828125,0.8359375,0.97265625,0.984375,15.0,0.07811444997787476
two_concepts,TwoLayerCNN,frozen_templates,block07,0.614453125,0.51171875,0.83984375,0.9375,0.96875,26.0,0.07622744143009186
two_concepts,TwoLayerCNN,frozen_templates,block08,0.756640625,0.82421875,0.859375,0.9375,0.99609375,22.0,0.06737188249826431
two_concepts,TwoLayerCNN,frozen_templates,block09,0.53515625,0.57421875,0.71875,0.84375,0.9296875,,0.10704131424427032
two_concepts,TwoLayerCNN,random,block00,0.6796875,0.671875,0.921875,0.96875,0.984375,15.0,0.011492233723402023
two_concepts,TwoLayerCNN,random,block01,0.719921875,0.7890625,0.890625,0.99609375,1.0,13.0,0.010769860818982124
two_concepts,TwoLayerCNN,random,block02,0.6234375,0.66015625,0.8828125,1.0,1.0,14.0,0.01116281095892191
two_concepts,TwoLayerCNN,random,block03,0.678125,0.67578125,0.90625,1.0,1.0,14.0,0.01115380972623825
two_concepts,TwoLayerCNN,random,block04,0.7578125,0.8828125,0.91015625,0.9765625,0.98828125,15.0,0.009428329765796661
two_concepts,TwoLayerCNN,random,block05,0.75859375,0.796875,0.9453125,0.98828125,0.9921875,12.0,0.00578092597424984
two_concepts,TwoLayerCNN,random,block06,0.666015625,0.671875,0.859375,0.984375,1.0,16.0,0.016671596094965935
two_concepts,TwoLayerCNN,random,block07,0.7640625,0.8359375,0.91015625,0.98828125,0.9921875,13.0,0.002362161874771118
two_concepts,TwoLayerCNN,random,block08,0.691015625,0.63671875,0.90625,0.984375,0.99609375,15.0,0.012424947693943977
two_concepts,TwoLayerCNN,random,block09,0.64921875,0.5546875,0.8359375,0.9296875,0.98828125,25.0,0.030638348311185837
two_concepts,TwoLayerCNN,random_unitnorm,block00,0.778515625,0.8046875,0.9453125,0.98046875,0.984375,12.0,0.008160978555679321
two_concepts,TwoLayerCNN,random_unitnorm,block01,0.761328125,0.8046875,0.9140625,0.984375,1.0,13.0,0.013074347749352455
two_concepts,TwoLayerCNN,random_unitnorm,block02,0.696875,0.73046875,0.9453125,1.0,1.0,11.0,0.008505337871611118
two_concepts,TwoLayerCNN,random_unitnorm,block03,0.702734375,0.72265625,0.91796875,0.99609375,1.0,12.0,0.013213813304901123
two_concepts,TwoLayerCNN,random_unitnorm,block04,0.8015625,0.9140625,0.9453125,0.98046875,0.98046875,12.0,0.00845840573310852
two_concepts,TwoLayerCNN,random_unitnorm,block05,0.751953125,0.77734375,0.9453125,0.99609375,1.0,12.0,0.0047638146206736565
two_concepts,TwoLayerCNN,random_unitnorm,block06,0.778125,0.82421875,0.8984375,0.9921875,0.99609375,13.0,0.008647918701171875
two_concepts,TwoLayerCNN,random_unitnorm,block07,0.815234375,0.859375,0.9453125,0.984375,0.9921875,12.0,0.0031912215054035187
two_concepts,TwoLayerCNN,random_unitnorm,block08,0.767578125,0.78125,0.91015625,0.984375,0.99609375,13.0,0.012885931879281998
two_concepts,TwoLayerCNN,random_unitnorm,block09,0.68984375,0.65625,0.84765625,0.98046875,0.9921875,17.0,0.014714207500219345
two_concepts,TwoLayerCNN,spectrum_init,block00,0.640625,0.53515625,0.8515625,0.96875,0.98828125,16.0,0.011864103376865387
two_concepts,TwoLayerCNN,spectrum_init,block01,0.69921875,0.6953125,0.88671875,0.99609375,1.0,14.0,0.012945916503667831
two_concepts,TwoLayerCNN,spectrum_init,block02,0.7015625,0.7890625,0.83203125,0.98828125,1.0,17.0,0.022366823628544807
two_concepts,TwoLayerCNN,spectrum_init,block03,0.71171875,0.77734375,0.92578125,0.98828125,1.0,12.0,0.014001075178384781
two_concepts,TwoLayerCNN,spectrum_init,block04,0.762109375,0.81640625,0.90625,0.97265625,0.9921875,15.0,0.017192743718624115
two_concepts,TwoLayerCNN,spectrum_init,block05,0.68828125,0.68359375,0.87109375,0.96875,0.98828125,19.0,0.016895703971385956
two_concepts,TwoLayerCNN,spectrum_init,block06,0.704296875,0.78515625,0.87109375,0.9765625,0.99609375,15.0,0.01288684830069542
two_concepts,TwoLayerCNN,spectrum_init,block07,0.717578125,0.75390625,0.8671875,0.96484375,0.98828125,16.0,0.008207418024539948
two_concepts,TwoLayerCNN,spectrum_init,block08,0.717578125,0.75,0.8359375,0.984375,0.98828125,17.0,0.028574001044034958
two_concepts,TwoLayerCNN,spectrum_init,block09,0.680859375,0.765625,0.85546875,0.9765625,0.99609375,18.0,0.015879681333899498
two_concepts,TwoLayerCNN,spectrum_retention_1,block00,0.63359375,0.5390625,0.8515625,0.953125,0.96875,20.0,0.031730517745018005
two_concepts,TwoLayerCNN,spectrum_retention_1,block01,0.709765625,0.67578125,0.890625,0.9765625,0.98828125,15.0,0.03441246598958969
two_concepts,TwoLayerCNN,spectrum_retention_1,block02,0.699609375,0.7890625,0.83984375,0.9453125,1.0,19.0,0.045653313398361206
two_concepts,TwoLayerCNN,spectrum_retention_1,block03,0.700390625,0.7734375,0.9140625,0.96875,0.99609375,15.0,0.034139253199100494
two_concepts,TwoLayerCNN,spectrum_retention_1,block04,0.761328125,0.8203125,0.90234375,0.94921875,0.9765625,21.0,0.029946818947792053
two_concepts,TwoLayerCNN,spectrum_retention_1,block05,0.687890625,0.73046875,0.83984375,0.9453125,0.96875,25.0,0.05400095134973526
two_concepts,TwoLayerCNN,spectrum_retention_1,block06,0.698046875,0.796875,0.8515625,0.94921875,0.98046875,18.0,0.04318325221538544
two_concepts,TwoLayerCNN,spectrum_retention_1,block07,0.725,0.76953125,0.8515625,0.953125,0.97265625,18.0,0.030416280031204224
two_concepts,TwoLayerCNN,spectrum_retention_1,block08,0.698828125,0.71484375,0.828125,0.9375,0.97265625,23.0,0.03634960949420929
two_concepts,TwoLayerCNN,spectrum_retention_1,block09,0.6796875,0.73828125,0.84765625,0.9375,0.96875,23.0,0.03137080371379852
two_concepts,TwoLayerCNN,template_init,block00,0.7984375,0.859375,0.92578125,0.97265625,0.984375,13.0,0.012786779552698135
two_concepts,TwoLayerCNN,template_init,block01,0.70859375,0.6796875,0.91015625,0.984375,0.99609375,11.0,0.013281472027301788
two_concepts,TwoLayerCNN,template_init,block02,0.696875,0.6875,0.765625,0.94140625,0.9921875,23.0,0.0707772895693779
two_concepts,TwoLayerCNN,template_init,block03,0.699609375,0.71875,0.87109375,0.98828125,1.0,14.0,0.016200458630919456
two_concepts,TwoLayerCNN,template_init,block04,0.766796875,0.8828125,0.9140625,0.96875,0.98046875,15.0,0.014324340969324112
two_concepts,TwoLayerCNN,template_init,block05,0.730859375,0.74609375,0.91796875,0.98046875,0.99609375,15.0,0.017994536086916924
two_concepts,TwoLayerCNN,template_init,block06,0.78828125,0.8671875,0.91015625,0.95703125,0.98046875,15.0,0.005507133901119232
two_concepts,TwoLayerCNN,template_init,block07,0.671875,0.7578125,0.87109375,0.96484375,0.99609375,17.0,0.02184058353304863
two_concepts,TwoLayerCNN,template_init,block08,0.8203125,0.90625,0.90234375,0.98828125,1.0,14.0,0.013960203155875206
two_concepts,TwoLayerCNN,template_init,block09,0.583984375,0.6484375,0.73828125,0.89453125,0.98046875,29.0,0.05185048282146454
two_concepts,TwoLayerCNN,template_retention_0.1,block00,0.798046875,0.859375,0.92578125,0.9765625,0.984375,13.0,0.015203192830085754
two_concepts,TwoLayerCNN,template_retention_0.1,block01,0.70859375,0.6796875,0.9140625,0.984375,1.0,14.0,0.011649109423160553
two_concepts,TwoLayerCNN,template_retention_0.1,block02,0.696484375,0.6875,0.76171875,0.9453125,0.9921875,25.0,0.06868308037519455
two_concepts,TwoLayerCNN,template_retention_0.1,block03,0.6984375,0.71875,0.87109375,0.984375,1.0,14.0,0.013672124594449997
two_concepts,TwoLayerCNN,template_retention_0.1,block04,0.76484375,0.875,0.91015625,0.96875,0.98046875,15.0,0.015621423721313477
two_concepts,TwoLayerCNN,template_retention_0.1,block05,0.729296875,0.74609375,0.91796875,0.98046875,0.9921875,14.0,0.017244543880224228
two_concepts,TwoLayerCNN,template_retention_0.1,block06,0.7875,0.8671875,0.91015625,0.95703125,0.984375,15.0,0.022573940455913544
two_concepts,TwoLayerCNN,template_retention_0.1,block07,0.67421875,0.79296875,0.8671875,0.9609375,0.98046875,17.0,0.017655424773693085
two_concepts,TwoLayerCNN,template_retention_0.1,block08,0.81796875,0.90234375,0.90625,0.98828125,1.0,14.0,0.012653782963752747
two_concepts,TwoLayerCNN,template_retention_0.1,block09,0.583984375,0.64453125,0.734375,0.8984375,0.96484375,31.0,0.04624272882938385
two_concepts,TwoLayerCNN,template_retention_1,block00,0.796484375,0.87109375,0.92578125,0.9609375,0.97265625,13.0,0.03797239065170288
two_concepts,TwoLayerCNN,template_retention_1,block01,0.700390625,0.6875,0.92578125,0.984375,0.99609375,11.0,0.034288905560970306
two_concepts,TwoLayerCNN,template_retention_1,block02,0.706640625,0.69140625,0.796875,0.921875,0.96875,23.0,0.07541722059249878
two_concepts,TwoLayerCNN,template_retention_1,block03,0.69765625,0.7109375,0.87890625,0.96484375,1.0,19.0,0.042448461055755615
two_concepts,TwoLayerCNN,template_retention_1,block04,0.762109375,0.87109375,0.90625,0.96875,0.98046875,16.0,0.04001297801733017
two_concepts,TwoLayerCNN,template_retention_1,block05,0.718359375,0.73046875,0.921875,0.97265625,0.9921875,14.0,0.04587776958942413
two_concepts,TwoLayerCNN,template_retention_1,block06,0.790625,0.8671875,0.91796875,0.9609375,0.984375,13.0,0.05712241679430008
two_concepts,TwoLayerCNN,template_retention_1,block07,0.681640625,0.80078125,0.91796875,0.96875,0.98046875,18.0,0.038328900933265686
two_concepts,TwoLayerCNN,template_retention_1,block08,0.81171875,0.8984375,0.8828125,0.9765625,0.99609375,16.0,0.03351297974586487
two_concepts,TwoLayerCNN,template_retention_1,block09,0.581640625,0.640625,0.734375,0.87890625,0.96484375,40.0,0.07998920977115631
