task,architecture,block,condition,concept_z_mean_square,nuisance_z_mean_square,concept_to_nuisance_response_ratio
single_shape,TwoLayerCNN,8,template_retention_0.1,0.35638466477394104,0.006524350494146347,54.62377674125412
two_concepts,TwoLayerCNN,0,frozen_spectrum,0.03948715329170227,0.007997114211320877,4.937675297397085
two_concepts,TwoLayerCNN,9,template_retention_1,0.08360797166824341,0.008977595716714859,9.312957979671397
two_concepts,TwoLayerCNN,6,spectrum_init,0.2195657193660736,0.041720710694789886,5.262751178241389
single_shape,TwoLayerCNN,2,spectrum_retention_1,0.24223379790782928,0.004811059683561325,50.3493645559015
single_shape,TwoLayerCNN,6,random_unitnorm,0.7323751449584961,0.013966826722025871,52.43676029885376
two_concepts,TwoLayerCNN,3,template_init,0.2415355145931244,0.02735963836312294,8.828169122245464
two_concepts,TwoLayerCNN,5,frozen_spectrum,0.06111273169517517,0.006863384507596493,8.904168435781898
single_shape,TinyCNN,9,random,2.1448726654052734,0.02000114880502224,107.23747352285591
single_shape,TwoLayerCNN,0,random,0.5940746068954468,0.008965777233242989,66.26024620517651
two_concepts,TwoLayerCNN,1,frozen_random_unitnorm,0.012019870802760124,0.007628175429999828,1.5757202902661083
two_concepts,TinyCNN,0,random,1.1125364303588867,0.061052802950143814,18.222528313194605
single_shape,TinyCNN,7,frozen_random_unitnorm,0.06378244608640671,0.004327323753386736,14.739467098223937
single_shape,TinyCNN,7,spectrum_retention_1,0.5889551639556885,0.007068128325045109,83.32547696803874
two_concepts,TwoLayerCNN,5,template_retention_0.1,0.18475407361984253,0.014315028674900532,12.906301329579858
single_shape,TwoLayerCNN,3,random_unitnorm,0.6648728251457214,0.014957492239773273,44.45082200195075
single_shape,TwoLayerCNN,2,spectrum_init,1.101206660270691,0.015539905056357384,70.86315239874563
single_shape,TinyCNN,9,template_init,2.641568422317505,0.0244502741843462,108.03839672312209
two_concepts,TinyCNN,5,spectrum_retention_1,0.2111128568649292,0.015025876462459564,14.049952919044062
single_shape,TinyCNN,1,spectrum_init,2.595608949661255,0.026622349396348,97.4973662548849
single_shape,TinyCNN,8,random_unitnorm,2.210660219192505,0.026436174288392067,83.62254670726657
single_shape,TwoLayerCNN,7,template_init,0.800593912601471,0.010091539472341537,79.33317952089517
single_shape,TwoLayerCNN,1,frozen_templates,0.15974582731723785,0.0033655271399766207,47.465321381525854
single_shape,TinyCNN,4,template_init,2.806344747543335,0.027440540492534637,102.27002446642105
two_concepts,TwoLayerCNN,1,template_retention_1,0.09105780720710754,0.008604954928159714,10.582020239190433
single_shape,TinyCNN,3,template_retention_0.1,1.8401784896850586,0.02102612517774105,87.51866899532835
two_concepts,TwoLayerCNN,1,spectrum_retention_1,0.0405358225107193,0.007151717785745859,5.667984073911801
two_concepts,TinyCNN,1,template_init,1.0533338785171509,0.05797305703163147,18.169369228578493
two_concepts,TinyCNN,9,spectrum_init,1.0705223083496094,0.07387854903936386,14.490299583160672
single_shape,TinyCNN,7,random_unitnorm,2.3027777671813965,0.02694733440876007,85.4547515628413
two_concepts,TinyCNN,5,frozen_spectrum,0.06111273169517517,0.006863384507596493,8.904168435781898
single_shape,TinyCNN,7,template_retention_1,0.6405158638954163,0.006389782764017582,100.24063220150717
two_concepts,TinyCNN,5,template_retention_1,0.15822726488113403,0.012498801574110985,12.659394898217545
single_shape,TwoLayerCNN,9,frozen_random_unitnorm,0.07133548706769943,0.003671701531857252,19.428454750137572
two_concepts,TinyCNN,4,spectrum_init,1.065432071685791,0.054327674210071564,19.61122185290007
two_concepts,TinyCNN,5,frozen_templates,0.06228039413690567,0.005585759878158569,11.149851675585694
single_shape,TwoLayerCNN,9,frozen_templates,0.16492803394794464,0.0034117531031370163,48.341139866275114
single_shape,TwoLayerCNN,2,template_retention_1,0.1971072554588318,0.004977974109351635,39.5958779875021
single_shape,TinyCNN,6,template_retention_0.1,1.5908074378967285,0.018285809084773064,86.99683074026096
two_concepts,TinyCNN,0,frozen_spectrum,0.03948715329170227,0.007997114211320877,4.937675297397085
single_shape,TinyCNN,2,frozen_templates,0.16821928322315216,0.004344740882515907,38.71790925440449
two_concepts,TinyCNN,9,random,1.1329811811447144,0.06388771533966064,17.733944235150553
single_shape,TinyCNN,2,random_unitnorm,2.2844667434692383,0.030191674828529358,75.66545269328853
two_concepts,TwoLayerCNN,9,spectrum_retention_1,0.03119560331106186,0.009493744932115078,3.2859112535807196
two_concepts,TwoLayerCNN,0,template_retention_0.1,0.1717633754014969,0.014448810368776321,11.887717467223126
single_shape,TwoLayerCNN,9,random,0.5125566124916077,0.008144563063979149,62.93236462966135
single_shape,TinyCNN,0,random,2.4029343128204346,0.021353943273425102,112.52883282737183
single_shape,TwoLayerCNN,9,random_unitnorm,0.7403459548950195,0.011971267871558666,61.84357102675258
single_shape,TinyCNN,2,frozen_random_unitnorm,0.07015473395586014,0.0038492283783853054,18.225661628653224
two_concepts,TwoLayerCNN,4,frozen_random_unitnorm,0.013605565764009953,0.007430809549987316,1.8309668243392372
two_concepts,TwoLayerCNN,5,frozen_templates,0.06228039413690567,0.005585759878158569,11.149851675585694
two_concepts,TwoLayerCNN,2,random,0.22785872220993042,0.02840336225926876,8.0222446951883
two_concepts,TwoLayerCNN,9,random_unitnorm,0.24834249913692474,0.04498668015003204,5.520356210075836
single_shape,TinyCNN,9,template_retention_0.1,1.8505429029464722,0.015952512621879578,116.0032244957055
two_concepts,TinyCNN,6,random_unitnorm,1.2460744380950928,0.07085675001144409,17.58582545620338
single_shape,TwoLayerCNN,5,template_retention_1,0.1944848746061325,0.0036774189211428165,52.886244068623334
single_shape,TinyCNN,4,frozen_spectrum,0.17635023593902588,0.00279348436743021,63.12912933937571
single_shape,TwoLayerCNN,3,frozen_templates,0.16950571537017822,0.0042551844380795956,39.83510417392806
single_shape,TinyCNN,8,template_retention_1,0.5440020561218262,0.006192046217620373,87.8549734615657
single_shape,TinyCNN,8,frozen_templates,0.16085980832576752,0.0033140690065920353,48.53846072782439
two_concepts,TinyCNN,5,frozen_random_unitnorm,0.013406185433268547,0.007020674645900726,1.9095295123946858
single_shape,TwoLayerCNN,6,frozen_random_unitnorm,0.07777977734804153,0.003794346936047077,20.498857552828824
two_concepts,TwoLayerCNN,7,random,0.10653319209814072,0.023529013618826866,4.527737278918383
two_concepts,TinyCNN,7,spectrum_init,1.4174578189849854,0.07456891238689423,19.0086964341203
two_concepts,TinyCNN,2,template_init,1.4693900346755981,0.07650551944971085,19.206327141422367
single_shape,TinyCNN,0,template_retention_1,0.6288310885429382,0.006715498398989439,93.63878169304097
two_concepts,TinyCNN,1,template_retention_0.1,0.7085773348808289,0.040175147354602814,17.637205624328548
two_concepts,TinyCNN,2,template_retention_1,0.20517584681510925,0.01255124993622303,16.347044944342137
single_shape,TinyCNN,1,frozen_spectrum,0.12238851934671402,0.002979464130476117,41.07735954758965
two_concepts,TinyCNN,3,random_unitnorm,0.8891240358352661,0.056959643959999084,15.60971898735303
single_shape,TinyCNN,5,random,2.142718553543091,0.021982906386256218,97.47203194581792
single_shape,TwoLayerCNN,2,template_retention_0.1,0.35271450877189636,0.008008573204278946,44.042115839490926
two_concepts,TwoLayerCNN,6,spectrum_retention_1,0.04365238547325134,0.008920582942664623,4.893445389591563
single_shape,TinyCNN,0,frozen_templates,0.1670754998922348,0.003513420233502984,47.55352015652724
two_concepts,TwoLayerCNN,6,template_retention_1,0.07641567289829254,0.008262667804956436,9.248305111873663
single_shape,TinyCNN,8,frozen_random_unitnorm,0.06306625157594681,0.0041067954152822495,15.35656033443108
single_shape,TinyCNN,0,spectrum_retention_1,0.6677493453025818,0.006873046979308128,97.15477681338363
two_concepts,TinyCNN,2,spectrum_retention_1,0.20110084116458893,0.01525912620127201,13.179053538978204
single_shape,TwoLayerCNN,5,frozen_spectrum,0.18056099116802216,0.0037049734964966774,48.734759192948545
single_shape,TwoLayerCNN,4,template_init,0.6668393015861511,0.011631027795374393,57.33279236520698
single_shape,TinyCNN,7,template_init,2.626056432723999,0.02599165588617325,101.03459526489728
two_concepts,TwoLayerCNN,7,frozen_templates,0.059003282338380814,0.006220808252692223,9.484825756017404
single_shape,TwoLayerCNN,9,template_init,0.6198021769523621,0.010239621624350548,60.5297929640709
single_shape,TwoLayerCNN,1,spectrum_init,0.5939176678657532,0.011005455628037453,53.965750073326454
two_concepts,TwoLayerCNN,3,random_unitnorm,0.19412419199943542,0.03409659117460251,5.6933606941925765
single_shape,TinyCNN,2,spectrum_init,2.4332292079925537,0.027461756020784378,88.60428321302427
single_shape,TwoLayerCNN,0,frozen_spectrum,0.1676017791032791,0.003557794028893113,47.10834234420893
single_shape,TwoLayerCNN,5,spectrum_retention_1,0.22432613372802734,0.004306157119572163,52.09427512721952
single_shape,TinyCNN,8,spectrum_retention_1,0.587520182132721,0.006660226732492447,88.21324043916657
two_concepts,TinyCNN,9,random_unitnorm,1.2247509956359863,0.07196588069200516,17.01849520716067
single_shape,TwoLayerCNN,7,template_retention_0.1,0.35475048422813416,0.005873118061572313,60.40240984584646
two_concepts,TinyCNN,4,template_retention_0.1,0.7496215105056763,0.035658251494169235,21.02238553755932
two_concepts,TinyCNN,7,frozen_templates,0.059003282338380814,0.006220808252692223,9.484825756017404
two_concepts,TwoLayerCNN,6,random_unitnorm,0.253892183303833,0.03406538441777229,7.4530843448041235
two_concepts,TinyCNN,5,random,0.9534212946891785,0.06266995519399643,15.213371251628292
two_concepts,TwoLayerCNN,0,template_init,0.3059050440788269,0.025734644383192062,11.88689610487181
two_concepts,TwoLayerCNN,8,spectrum_init,0.14704056084156036,0.03484442085027695,4.21991691219031
single_shape,TwoLayerCNN,3,frozen_random_unitnorm,0.06830253452062607,0.004216198809444904,16.20002699294406
single_shape,TwoLayerCNN,5,random,0.6412495970726013,0.00823716726154089,77.84831565416648
two_concepts,TinyCNN,0,frozen_random_unitnorm,0.013731848448514938,0.006859110668301582,2.001986717020728
two_concepts,TwoLayerCNN,5,spectrum_init,0.31408408284187317,0.0403810515999794,7.778006525269228
two_concepts,TinyCNN,6,random,1.1310559511184692,0.06058304384350777,18.669513437457898
single_shape,TinyCNN,9,spectrum_init,2.4910926818847656,0.02660040557384491,93.64867294858674
single_shape,TinyCNN,1,template_init,2.6289613246917725,0.027572112157940865,95.34856486990687
single_shape,TwoLayerCNN,2,template_init,0.7234358191490173,0.014102273620665073,51.29923291864901
single_shape,TinyCNN,4,spectrum_init,2.7568886280059814,0.02471495419740677,111.54738972954478
single_shape,TwoLayerCNN,8,frozen_random_unitnorm,0.08154565095901489,0.003804336069151759,21.434923065878582
single_shape,TwoLayerCNN,6,random,0.5990503430366516,0.009801818057894707,61.11624797546173
single_shape,TwoLayerCNN,7,spectrum_init,0.9909200668334961,0.012378927320241928,80.04894456510388
single_shape,TwoLayerCNN,0,spectrum_retention_1,0.22112488746643066,0.004333849530667067,51.022742229907344
single_shape,TinyCNN,6,random_unitnorm,2.5008811950683594,0.028109660372138023,88.96874462230089
two_concepts,TinyCNN,4,frozen_spectrum,0.02625940553843975,0.005664927884936333,4.635435096758496
two_concepts,TinyCNN,1,frozen_templates,0.06990155577659607,0.006753892637789249,10.349817434983233
two_concepts,TwoLayerCNN,6,template_init,0.24254517257213593,0.026596207171678543,9.119539903058605
single_shape,TinyCNN,7,template_retention_0.1,1.9253134727478027,0.016472158953547478,116.88288573327318
two_concepts,TwoLayerCNN,3,spectrum_init,0.19174441695213318,0.03672494739294052,5.221094393970225
single_shape,TinyCNN,6,frozen_templates,0.15912222862243652,0.0038749570958316326,41.06425560004456
two_concepts,TwoLayerCNN,1,template_retention_0.1,0.14817951619625092,0.016604246571660042,8.924193913692067
single_shape,TwoLayerCNN,8,random_unitnorm,0.7133541703224182,0.012991632334887981,54.90874063659908
two_concepts,TwoLayerCNN,1,frozen_templates,0.06990155577659607,0.006753892637789249,10.349817434983233
two_concepts,TwoLayerCNN,3,template_retention_1,0.08977709710597992,0.007078264839947224,12.683489405385021
single_shape,TinyCNN,3,frozen_random_unitnorm,0.07018700242042542,0.004351405892521143,16.12973005829159
two_concepts,TinyCNN,1,frozen_spectrum,0.029763314872980118,0.005689734593033791,5.231055049460609
two_concepts,TwoLayerCNN,5,frozen_random_unitnorm,0.016588864848017693,0.007859649136662483,2.110636818460064
single_shape,TinyCNN,3,random_unitnorm,2.5705251693725586,0.029610706493258476,86.81066660661389
single_shape,TinyCNN,5,spectrum_retention_1,0.6319820284843445,0.007430610246956348,85.0511610056806
single_shape,TwoLayerCNN,8,spectrum_retention_1,0.2350279837846756,0.0040289899334311485,58.3342196599936
two_concepts,TinyCNN,7,spectrum_retention_1,0.24048809707164764,0.01541127823293209,15.604682067043138
single_shape,TinyCNN,6,random,2.1927363872528076,0.022341687232255936,98.14551445725336
single_shape,TinyCNN,5,template_retention_1,0.6255376935005188,0.0068135811015963554,91.80747747377094
single_shape,TwoLayerCNN,7,random_unitnorm,0.6775696277618408,0.013726858422160149,49.36086662538871
two_concepts,TinyCNN,7,template_retention_1,0.2085687816143036,0.011852022260427475,17.59773792449669
two_concepts,TinyCNN,9,frozen_templates,0.061560094356536865,0.006813914515078068,9.034468251739076
single_shape,TwoLayerCNN,8,template_retention_1,0.19077491760253906,0.003973614424467087,48.010425074930225
single_shape,TwoLayerCNN,9,template_retention_0.1,0.32222023606300354,0.006431082263588905,50.1035786600538
two_concepts,TwoLayerCNN,3,spectrum_retention_1,0.03408312052488327,0.009395617991685867,3.627554946895802
two_concepts,TwoLayerCNN,1,frozen_spectrum,0.029763314872980118,0.005689734593033791,5.231055049460609
two_concepts,TwoLayerCNN,4,random,0.1343771070241928,0.02555886097252369,5.257554597939674
two_concepts,TwoLayerCNN,0,frozen_random_unitnorm,0.014470888301730156,0.007827932015061378,1.8486221231721685
single_shape,TinyCNN,9,random_unitnorm,2.5184357166290283,0.025795552879571915,97.6306159587467
single_shape,TwoLayerCNN,0,template_retention_1,0.1933182328939438,0.004357823636382818,44.36118783696494
single_shape,TinyCNN,6,frozen_random_unitnorm,0.059992969036102295,0.004135793540626764,14.505793978054955
single_shape,TwoLayerCNN,2,random_unitnorm,0.6958527565002441,0.013330589979887009,52.19969690389819
two_concepts,TwoLayerCNN,9,frozen_templates,0.061560094356536865,0.006813914515078068,9.034468251739076
single_shape,TwoLayerCNN,5,frozen_templates,0.1701342612504959,0.003223018255084753,52.78724716562986
two_concepts,TinyCNN,1,spectrum_init,0.9379405379295349,0.0537978857755661,17.43452413432069
two_concepts,TinyCNN,9,template_init,1.1859047412872314,0.059574466198682785,19.906258787652423
two_concepts,TwoLayerCNN,4,template_retention_0.1,0.18898913264274597,0.015001874417066574,12.59770128643034
single_shape,TinyCNN,2,template_retention_0.1,1.7881520986557007,0.02154516614973545,82.99551213614832
two_concepts,TinyCNN,4,template_init,1.105484127998352,0.047713007777929306,23.169449579527825
two_concepts,TwoLayerCNN,4,frozen_spectrum,0.02625940553843975,0.005664927884936333,4.635435096758496
single_shape,TinyCNN,9,frozen_random_unitnorm,0.05908752605319023,0.004099675919860601,14.412730959280154
two_concepts,TwoLayerCNN,2,random_unitnorm,0.2727956473827362,0.03613242879509926,7.549884037126677
two_concepts,TwoLayerCNN,1,random,0.26336929202079773,0.03717391937971115,7.084786764898939
single_shape,TinyCNN,4,frozen_templates,0.16484643518924713,0.0031608659774065018,52.152301415988546
single_shape,TwoLayerCNN,7,template_retention_1,0.2017144411802292,0.003539810888469219,56.98452474885177
two_concepts,TinyCNN,7,template_init,1.2059414386749268,0.051609985530376434,23.36643628712389
single_shape,TwoLayerCNN,4,frozen_spectrum,0.17635023593902588,0.00279348436743021,63.12912933937571
two_concepts,TinyCNN,8,template_retention_1,0.19065546989440918,0.011096692644059658,17.18128779537495
two_concepts,TwoLayerCNN,3,frozen_templates,0.06478562951087952,0.005149536300450563,12.58086665108294
two_concepts,TinyCNN,2,spectrum_init,1.2341108322143555,0.07508295774459839,16.4366304856063
single_shape,TinyCNN,3,random,2.200113534927368,0.02447335422039032,89.8983243210002
two_concepts,TinyCNN,5,template_retention_0.1,0.6580049991607666,0.04022495448589325,16.35812911588319
single_shape,TwoLayerCNN,6,template_retention_0.1,0.3138560354709625,0.007625792175531387,41.157171379259644
two_concepts,TwoLayerCNN,7,random_unitnorm,0.11137277632951736,0.028926659375429153,3.850177612424872
two_concepts,TinyCNN,8,random_unitnorm,1.1630977392196655,0.08294545114040375,14.022441535110373
two_concepts,TwoLayerCNN,4,spectrum_retention_1,0.03752338886260986,0.007534193340688944,4.980412257270085
single_shape,TinyCNN,2,template_retention_1,0.619431734085083,0.008726822212338448,70.98021696939091
single_shape,TwoLayerCNN,1,frozen_spectrum,0.12238851934671402,0.002979464130476117,41.07735954758965
two_concepts,TinyCNN,1,frozen_random_unitnorm,0.013508593663573265,0.006786461919546127,1.9905208080025163
two_concepts,TinyCNN,3,frozen_templates,0.06478562951087952,0.005149536300450563,12.58086665108294
two_concepts,TinyCNN,0,template_retention_1,0.24136804044246674,0.011773119680583477,20.501621234729903
single_shape,TwoLayerCNN,2,frozen_random_unitnorm,0.05948087200522423,0.0036317501217126846,16.37801886468275
single_shape,TinyCNN,2,spectrum_retention_1,0.6103547811508179,0.008361694402992725,72.99415067505534
two_concepts,TwoLayerCNN,0,spectrum_init,0.2249736189842224,0.04923234134912491,4.569630710610542
two_concepts,TwoLayerCNN,8,template_init,0.2107999473810196,0.024520087987184525,8.597030626121514
two_concepts,TinyCNN,0,spectrum_retention_1,0.22157448530197144,0.0150198545306921,14.752105944115392
two_concepts,TinyCNN,7,random_unitnorm,1.3421331644058228,0.0777086541056633,17.271347443244547
single_shape,TinyCNN,5,frozen_spectrum,0.18056099116802216,0.0037049734964966774,48.734759192948545
two_concepts,TwoLayerCNN,8,random,0.23491360247135162,0.02878519706428051,8.1609169444546
two_concepts,TwoLayerCNN,5,template_init,0.325694739818573,0.02773144654929638,11.744599735884918
two_concepts,TwoLayerCNN,4,template_retention_1,0.09100746363401413,0.007690778933465481,11.833322010857225
single_shape,TinyCNN,8,template_retention_0.1,1.600844383239746,0.015602024272084236,102.60491557522063
single_shape,TwoLayerCNN,3,random,0.5138146281242371,0.010839760303497314,47.400921582967214
single_shape,TwoLayerCNN,7,frozen_templates,0.1721653789281845,0.003095804713666439,55.61248038939922
two_concepts,TinyCNN,3,random,0.8687359690666199,0.0487992949783802,17.80222377088645
two_concepts,TwoLayerCNN,8,random_unitnorm,0.19601106643676758,0.042952366173267365,4.563452119170112
single_shape,TinyCNN,7,spectrum_init,2.5220730304718018,0.026500992476940155,95.16900292192393
single_shape,TwoLayerCNN,7,frozen_random_unitnorm,0.08578898757696152,0.004369525704532862,19.633478180015207
single_shape,TwoLayerCNN,4,spectrum_init,0.9641540050506592,0.011183480732142925,86.21233658314826
two_concepts,TinyCNN,4,frozen_random_unitnorm,0.012987210415303707,0.007261127233505249,1.7885942495782765
two_concepts,TinyCNN,8,spectrum_retention_1,0.16529902815818787,0.014304924756288528,11.555393053397324
single_shape,TinyCNN,2,template_init,2.4743165969848633,0.03185885399580002,77.6649592389938
single_shape,TinyCNN,0,frozen_spectrum,0.1676017791032791,0.003557794028893113,47.10834234420893
single_shape,TwoLayerCNN,7,spectrum_retention_1,0.2587018311023712,0.003990338183939457,64.8320566270822
two_concepts,TinyCNN,2,random_unitnorm,1.3991286754608154,0.08099105209112167,17.275101870348333
single_shape,TwoLayerCNN,9,spectrum_init,0.7203331589698792,0.013322669081389904,54.06823171612768
single_shape,TwoLayerCNN,1,template_init,0.6204146146774292,0.0126291923224926,49.12543881151215
single_shape,TwoLayerCNN,3,template_retention_0.1,0.37035712599754333,0.008595363236963749,43.08801336106993
two_concepts,TinyCNN,0,template_retention_0.1,0.7218998074531555,0.03372659534215927,21.40446730923826
two_concepts,TinyCNN,4,frozen_templates,0.060831159353256226,0.005904775112867355,10.302028136634089
single_shape,TwoLayerCNN,8,frozen_spectrum,0.18148423731327057,0.00339425727725029,53.46802628358571
single_shape,TwoLayerCNN,6,spectrum_retention_1,0.2558939754962921,0.00460901390761137,55.52033051445263
single_shape,TinyCNN,3,frozen_spectrum,0.1712983399629593,0.004222223535180092,40.570646848912716
two_concepts,TinyCNN,9,spectrum_retention_1,0.1283598244190216,0.014120373874902725,9.090398424022315
two_concepts,TinyCNN,1,random_unitnorm,1.1153024435043335,0.07180491089820862,15.532397847904829
single_shape,TwoLayerCNN,4,random,0.4496931731700897,0.008724522776901722,51.54358406406569
two_concepts,TinyCNN,4,random,0.9778367877006531,0.058486904948949814,16.71890124044273
two_concepts,TwoLayerCNN,9,frozen_random_unitnorm,0.019926825538277626,0.008021674118936062,2.484123044993578
two_concepts,TinyCNN,4,random_unitnorm,0.9835332036018372,0.06633610278367996,14.82651470812371
single_shape,TinyCNN,6,frozen_spectrum,0.21056611835956573,0.004113597795367241,51.18782361190163
two_concepts,TinyCNN,1,spectrum_retention_1,0.18252865970134735,0.01247119065374136,14.636025121353487
single_shape,TinyCNN,3,spectrum_retention_1,0.5628628730773926,0.008946884423494339,62.911606592270935
two_concepts,TwoLayerCNN,5,template_retention_1,0.09391751885414124,0.0070015969686210155,13.413728221582934
single_shape,TwoLayerCNN,4,frozen_random_unitnorm,0.06424539536237717,0.0038229560013860464,16.805162115149752
two_concepts,TwoLayerCNN,4,frozen_templates,0.060831159353256226,0.005904775112867355,10.302028136634089
two_concepts,TinyCNN,7,frozen_random_unitnorm,0.014020483940839767,0.0070710256695747375,1.9828076711936165
single_shape,TwoLayerCNN,8,frozen_templates,0.16085980832576752,0.0033140690065920353,48.53846072782439
two_concepts,TinyCNN,6,template_init,1.1674308776855469,0.05961230397224426,19.583723491531337
single_shape,TinyCNN,3,frozen_templates,0.16950571537017822,0.0042551844380795956,39.83510417392806
single_shape,TwoLayerCNN,0,template_retention_0.1,0.3199198544025421,0.007039050105959177,45.44929352494618
two_concepts,TinyCNN,3,template_retention_0.1,0.5099498629570007,0.023533597588539124,21.66901431191917
two_concepts,TinyCNN,3,spectrum_init,0.6823945641517639,0.04064545780420303,16.788950131623302
single_shape,TwoLayerCNN,5,spectrum_init,0.9023740887641907,0.01306374091655016,69.07470796676573
single_shape,TinyCNN,6,spectrum_init,2.7647666931152344,0.033919185400009155,81.5104095369722
single_shape,TwoLayerCNN,8,spectrum_init,0.8959123492240906,0.01251239888370037,71.60196518280567
single_shape,TwoLayerCNN,0,template_init,0.6752431988716125,0.012992548756301403,51.971573209923015
two_concepts,TwoLayerCNN,4,random_unitnorm,0.15999500453472137,0.031949739903211594,5.0077091400246
two_concepts,TwoLayerCNN,6,random,0.17325137555599213,0.026509670540690422,6.535402818004238
single_shape,TinyCNN,3,template_init,2.749216318130493,0.031234201043844223,88.01942185975399
two_concepts,TwoLayerCNN,8,template_retention_0.1,0.12857352197170258,0.013888053596019745,9.257850359142564
single_shape,TinyCNN,9,frozen_spectrum,0.16363702714443207,0.00338168628513813,48.38918023341957
two_concepts,TwoLayerCNN,5,spectrum_retention_1,0.09261257201433182,0.010041486471891403,9.222994252253114
two_concepts,TinyCNN,1,template_retention_1,0.22002309560775757,0.013276984915137291,16.57176663331943
single_shape,TinyCNN,4,random,2.3260765075683594,0.0190788134932518,121.91934830701581
single_shape,TwoLayerCNN,2,frozen_spectrum,0.18239574134349823,0.003897810820490122,46.79440581997339
single_shape,TinyCNN,3,template_retention_1,0.6135342121124268,0.00895996205508709,68.47509044573329
two_concepts,TinyCNN,6,template_retention_0.1,0.7706310749053955,0.03959512710571289,19.46277563014078
single_shape,TwoLayerCNN,5,template_retention_0.1,0.3378840386867523,0.0059153493493795395,57.11987893364116
two_concepts,TwoLayerCNN,1,random_unitnorm,0.26901963353157043,0.05020352080464363,5.358581016227992
two_concepts,TwoLayerCNN,1,spectrum_init,0.14987899363040924,0.03091725893318653,4.847745201290448
two_concepts,TwoLayerCNN,9,template_init,0.24072879552841187,0.03415670618414879,7.047775456760162
single_shape,TwoLayerCNN,0,frozen_templates,0.1670754998922348,0.003513420233502984,47.55352015652724
two_concepts,TwoLayerCNN,4,template_init,0.3167659044265747,0.02799142152070999,11.31653511030904
two_concepts,TinyCNN,9,template_retention_1,0.17955370247364044,0.013396337628364563,13.403193279741227
two_concepts,TinyCNN,2,frozen_random_unitnorm,0.020052356645464897,0.007838098332285881,2.5583190967211156
single_shape,TwoLayerCNN,7,frozen_spectrum,0.2063525766134262,0.003549983724951744,58.12775285786169
single_shape,TwoLayerCNN,1,frozen_random_unitnorm,0.06105148792266846,0.004281861707568169,14.25816434350513
single_shape,TwoLayerCNN,6,template_retention_1,0.18283434212207794,0.004523400217294693,40.419669571361865
two_concepts,TinyCNN,8,frozen_spectrum,0.02186945453286171,0.006364252418279648,3.436295906499156
two_concepts,TwoLayerCNN,7,template_init,0.21655943989753723,0.026212669909000397,8.261632281234323
single_shape,TwoLayerCNN,8,random,0.5891554951667786,0.009034893475472927,65.20890332201061
single_shape,TinyCNN,1,random,2.165201187133789,0.02157406508922577,100.36129853965745
two_concepts,TinyCNN,8,random,1.046903371810913,0.06368547677993774,16.438651710631607
two_concepts,TwoLayerCNN,6,frozen_templates,0.06325674057006836,0.006116953678429127,10.341216215701849
single_shape,TwoLayerCNN,1,random_unitnorm,0.7667522430419922,0.01236974447965622,61.98610200097697
single_shape,TwoLayerCNN,1,template_retention_1,0.19735872745513916,0.004039653576910496,48.8553594256659
two_concepts,TinyCNN,9,template_retention_0.1,0.7435775399208069,0.0401361919939518,18.52635995046212
two_concepts,TwoLayerCNN,2,spectrum_init,0.24115543067455292,0.04007909074425697,6.016988564270477
two_concepts,TwoLayerCNN,3,random,0.17692764103412628,0.028048494830727577,6.307919269888921
single_shape,TinyCNN,1,frozen_templates,0.15974582731723785,0.0033655271399766207,47.465321381525854
two_concepts,TwoLayerCNN,7,frozen_spectrum,0.018654322251677513,0.006525871343910694,2.8585182374280036
single_shape,TwoLayerCNN,9,template_retention_1,0.19613070785999298,0.003966391086578369,49.44815162671876
single_shape,TwoLayerCNN,3,template_init,0.6902585625648499,0.015325432643294334,45.04007023037444
two_concepts,TinyCNN,6,frozen_templates,0.06325674057006836,0.006116953678429127,10.341216215701849
two_concepts,TinyCNN,6,template_retention_1,0.22407719492912292,0.012308013625442982,18.205796788030295
single_shape,TinyCNN,8,spectrum_init,2.386550188064575,0.028099091723561287,84.93335697621272
single_shape,TwoLayerCNN,4,random_unitnorm,0.5742495059967041,0.011833403259515762,48.527840503950095
single_shape,TinyCNN,5,frozen_random_unitnorm,0.0770886242389679,0.003934158943593502,19.59468982932203
single_shape,TinyCNN,0,template_init,2.986560106277466,0.026652436703443527,112.05579960693045
single_shape,TinyCNN,4,template_retention_1,0.6009077429771423,0.006832403130829334,87.94969082923575
two_concepts,TwoLayerCNN,3,frozen_random_unitnorm,0.01682511530816555,0.00805648509413004,2.088394021907189
single_shape,TwoLayerCNN,6,spectrum_init,1.0804585218429565,0.01544354297220707,69.96182960007305
two_concepts,TwoLayerCNN,2,spectrum_retention_1,0.04407611861824989,0.0095635075122118,4.608781721765615
single_shape,TinyCNN,5,spectrum_init,2.2066471576690674,0.025812137871980667,85.48874055350545
single_shape,TinyCNN,1,template_retention_0.1,1.8382376432418823,0.017006851732730865,108.08806192530429
two_concepts,TwoLayerCNN,2,frozen_spectrum,0.027037587016820908,0.00626393174752593,4.316392340561495
two_concepts,TwoLayerCNN,7,template_retention_0.1,0.12335939705371857,0.015123291872441769,8.156914387039551
two_concepts,TinyCNN,8,frozen_random_unitnorm,0.01652802899479866,0.007827935740351677,2.1114160288260266
two_concepts,TinyCNN,1,random,0.8993145227432251,0.054101087152957916,16.622854919728837
single_shape,TwoLayerCNN,2,frozen_templates,0.16821928322315216,0.004344740882515907,38.71790925440449
single_shape,TinyCNN,8,random,1.944681167602539,0.021143820136785507,91.97397419301869
single_shape,TwoLayerCNN,1,random,0.5326570272445679,0.009062014520168304,58.779096641159995
single_shape,TinyCNN,9,frozen_templates,0.16492803394794464,0.0034117531031370163,48.341139866275114
two_concepts,TwoLayerCNN,2,template_retention_1,0.08304042369127274,0.00786752998828888,10.554827730543334
two_concepts,TinyCNN,0,spectrum_init,1.4053846597671509,0.06376634538173676,22.03959865276622
two_concepts,TinyCNN,8,template_init,1.1360892057418823,0.05737484619021416,19.801172136922496
two_concepts,TinyCNN,6,spectrum_retention_1,0.18186932802200317,0.013222468085587025,13.754567365547087
single_shape,TwoLayerCNN,9,spectrum_retention_1,0.2037242203950882,0.0041261157020926476,49.37433535655947
two_concepts,TinyCNN,2,frozen_spectrum,0.027037587016820908,0.00626393174752593,4.316392340561495
single_shape,TinyCNN,4,spectrum_retention_1,0.6411868333816528,0.006344977766275406,101.05422855690144
single_shape,TinyCNN,0,random_unitnorm,2.6812353134155273,0.027065575122833252,99.06441305042007
two_concepts,TinyCNN,5,template_init,1.0078426599502563,0.058038536459207535,17.36505986257286
two_concepts,TwoLayerCNN,2,template_retention_0.1,0.1468246430158615,0.015037894248962402,9.763643804450364
two_concepts,TwoLayerCNN,8,frozen_spectrum,0.02186945453286171,0.006364252418279648,3.436295906499156
single_shape,TinyCNN,4,template_retention_0.1,1.9206706285476685,0.01764509081840515,108.85014128373118
single_shape,TinyCNN,5,random_unitnorm,2.3443589210510254,0.023689789697527885,98.96073164784859
two_concepts,TinyCNN,7,frozen_spectrum,0.018654322251677513,0.006525871343910694,2.8585182374280036
two_concepts,TwoLayerCNN,6,frozen_random_unitnorm,0.013404402881860733,0.007042148150503635,1.9034536898946222
single_shape,TwoLayerCNN,1,spectrum_retention_1,0.14922723174095154,0.0033006612211465836,45.21131426178691
single_shape,TinyCNN,0,frozen_random_unitnorm,0.06963012367486954,0.0038055959157645702,18.296772756778715
single_shape,TinyCNN,9,spectrum_retention_1,0.5512363314628601,0.007383767981082201,74.655153422368
two_concepts,TinyCNN,6,spectrum_init,0.9304413795471191,0.05637912079691887,16.503297078693855
single_shape,TwoLayerCNN,3,frozen_spectrum,0.1712983399629593,0.004222223535180092,40.570646848912716
single_shape,TwoLayerCNN,4,spectrum_retention_1,0.22399555146694183,0.0032463271636515856,68.99968492854663
two_concepts,TinyCNN,3,template_init,0.7349563837051392,0.03350631520152092,21.934861511473454
single_shape,TinyCNN,8,frozen_spectrum,0.18148423731327057,0.00339425727725029,53.46802628358571
two_concepts,TinyCNN,8,frozen_templates,0.06099184602499008,0.006075970828533173,10.03820586803482
two_concepts,TwoLayerCNN,5,random_unitnorm,0.20239722728729248,0.03634290024638176,5.569099491652233
two_concepts,TwoLayerCNN,9,template_retention_0.1,0.14399078488349915,0.019045015797019005,7.56054951164898
two_concepts,TwoLayerCNN,7,template_retention_1,0.07336195558309555,0.00823717750608921,8.90620064079763
single_shape,TwoLayerCNN,4,frozen_templates,0.16484643518924713,0.0031608659774065018,52.152301415988546
single_shape,TwoLayerCNN,4,template_retention_0.1,0.3413199484348297,0.006165394559502602,55.360601035461706
two_concepts,TinyCNN,7,template_retention_0.1,0.7162355780601501,0.03414290025830269,20.977584582492515
two_concepts,TinyCNN,3,spectrum_retention_1,0.11898472905158997,0.011628180742263794,10.232445787424682
two_concepts,TwoLayerCNN,9,random,0.19256868958473206,0.031818825751543045,6.052036334979882
single_shape,TwoLayerCNN,6,frozen_spectrum,0.21056611835956573,0.004113597795367241,51.18782361190163
single_shape,TinyCNN,1,spectrum_retention_1,0.567878007888794,0.006338195875287056,89.59615939024208
two_concepts,TinyCNN,2,random,1.1776702404022217,0.06920774281024933,17.016452098880105
single_shape,TwoLayerCNN,0,frozen_random_unitnorm,0.09072168916463852,0.004192601889371872,21.638517454904424
two_concepts,TinyCNN,3,frozen_random_unitnorm,0.017666984349489212,0.00801936350762844,2.203040719214617
two_concepts,TwoLayerCNN,0,random_unitnorm,0.2199048101902008,0.03906004875898361,5.629916428090065
single_shape,TwoLayerCNN,2,random,0.49886539578437805,0.009521243162453175,52.39498532624851
two_concepts,TwoLayerCNN,8,frozen_templates,0.06099184602499008,0.006075970828533173,10.03820586803482
two_concepts,TinyCNN,0,frozen_templates,0.06848104298114777,0.005746322218328714,11.917369123979459
single_shape,TinyCNN,2,frozen_spectrum,0.18239574134349823,0.003897810820490122,46.79440581997339
two_concepts,TwoLayerCNN,1,template_init,0.24473053216934204,0.03179191052913666,7.697886918279144
two_concepts,TinyCNN,0,random_unitnorm,1.1452120542526245,0.06794179975986481,16.85578036349185
two_concepts,TinyCNN,3,template_retention_1,0.17950770258903503,0.00919397734105587,19.524488252482435
two_concepts,TwoLayerCNN,9,spectrum_init,0.18220406770706177,0.045114628970623016,4.038691481330952
single_shape,TinyCNN,1,template_retention_1,0.6391189098358154,0.0071020894683897495,89.99026451024451
two_concepts,TwoLayerCNN,8,frozen_random_unitnorm,0.014786748215556145,0.007309381850063801,2.0229820412826123
two_concepts,TwoLayerCNN,4,spectrum_init,0.2133042961359024,0.030617378652095795,6.96677199441767
two_concepts,TwoLayerCNN,7,spectrum_retention_1,0.03233572095632553,0.009161444380879402,3.529543990226314
single_shape,TwoLayerCNN,9,frozen_spectrum,0.16363702714443207,0.00338168628513813,48.38918023341957
two_concepts,TwoLayerCNN,0,frozen_templates,0.06848104298114777,0.005746322218328714,11.917369123979459
two_concepts,TwoLayerCNN,0,random,0.18931593000888824,0.030165426433086395,6.275924208425595
two_concepts,TinyCNN,6,frozen_random_unitnorm,0.01844543218612671,0.008151422254741192,2.2628483238490205
single_shape,TwoLayerCNN,5,frozen_random_unitnorm,0.08088502287864685,0.004127741791307926,19.595465745694675
single_shape,TinyCNN,6,template_init,2.3196821212768555,0.029065413400530815,79.80901868866904
single_shape,TinyCNN,2,random,2.0795719623565674,0.026038354262709618,79.8657219797793
single_shape,TwoLayerCNN,5,template_init,0.7595817446708679,0.010761361569166183,70.58416723467847
single_shape,TinyCNN,3,spectrum_init,2.5675241947174072,0.03598586097359657,71.34813855367369
single_shape,TinyCNN,7,frozen_templates,0.1721653789281845,0.003095804713666439,55.61248038939922
single_shape,TinyCNN,9,template_retention_1,0.6452167630195618,0.0064707305282354355,99.71312515706198
single_shape,TwoLayerCNN,4,template_retention_1,0.1920275241136551,0.0037950542755424976,50.599414440839595
two_concepts,TinyCNN,5,random_unitnorm,1.0432631969451904,0.07587018609046936,13.750634481127795
two_concepts,TinyCNN,2,template_retention_0.1,0.8142594695091248,0.047077685594558716,17.296081131125902
single_shape,TwoLayerCNN,8,template_init,0.7383007407188416,0.01072460412979126,68.84177092075207
single_shape,TwoLayerCNN,1,template_retention_0.1,0.35847949981689453,0.007507804315537214,47.74758168310675
single_shape,TwoLayerCNN,0,spectrum_init,1.0942987203598022,0.015948811545968056,68.6131826942583
single_shape,TinyCNN,7,frozen_spectrum,0.2063525766134262,0.003549983724951744,58.12775285786169
two_concepts,TinyCNN,3,frozen_spectrum,0.0217424426227808,0.006591730751097202,3.298442160909218
single_shape,TinyCNN,1,random_unitnorm,2.3005361557006836,0.026952166110277176,85.35626213818348
single_shape,TwoLayerCNN,6,frozen_templates,0.15912222862243652,0.0038749570958316326,41.06425560004456
two_concepts,TinyCNN,9,frozen_random_unitnorm,0.013623024336993694,0.00766345951706171,1.7776598554039174
single_shape,TwoLayerCNN,3,template_retention_1,0.21092872321605682,0.005213540513068438,40.457865952577855
two_concepts,TwoLayerCNN,8,spectrum_retention_1,0.03591642528772354,0.009367519989609718,3.834144504368433
single_shape,TinyCNN,8,template_init,2.4557607173919678,0.026238247752189636,93.5946920154769
single_shape,TinyCNN,0,spectrum_init,2.9359405040740967,0.02923007868230343,100.44244273114406
single_shape,TwoLayerCNN,3,spectrum_init,0.8553268909454346,0.014588954858481884,58.6283869709937
single_shape,TinyCNN,5,template_init,2.4463419914245605,0.02203461341559887,111.02268713699021
single_shape,TwoLayerCNN,6,template_init,0.632540762424469,0.01423864345997572,44.42422933073061
two_concepts,TwoLayerCNN,3,template_retention_0.1,0.14811363816261292,0.014890532940626144,9.9468325783365
two_concepts,TwoLayerCNN,0,spectrum_retention_1,0.055414121598005295,0.01207894366234541,4.587662890650932
two_concepts,TinyCNN,4,template_retention_1,0.23789501190185547,0.01301470398902893,18.278941426742783
single_shape,TinyCNN,5,template_retention_0.1,1.7152348756790161,0.015720345079898834,109.10923818537795
single_shape,TinyCNN,4,random_unitnorm,2.7692248821258545,0.024596577510237694,112.58578072389281
single_shape,TinyCNN,6,template_retention_1,0.5559799671173096,0.007556339725852013,73.57794743070797
two_concepts,TinyCNN,6,frozen_spectrum,0.024669736623764038,0.006237108260393143,3.955316405267757
single_shape,TinyCNN,7,random,2.1456406116485596,0.022234339267015457,96.50120859816184
two_concepts,TwoLayerCNN,7,spectrum_init,0.18697893619537354,0.032389964908361435,5.772742783895549
two_concepts,TwoLayerCNN,7,frozen_random_unitnorm,0.01860440894961357,0.008178123272955418,2.2748995495259017
two_concepts,TwoLayerCNN,9,frozen_spectrum,0.020839273929595947,0.006262397393584251,3.327683093210521
two_concepts,TwoLayerCNN,2,template_init,0.24834991991519928,0.028062142431735992,8.849998553009117
single_shape,TinyCNN,1,frozen_random_unitnorm,0.06026015058159828,0.004240233451128006,14.211517190301775
two_concepts,TwoLayerCNN,5,random,0.13399934768676758,0.025695115327835083,5.214973584555519
two_concepts,TwoLayerCNN,6,frozen_spectrum,0.024669736623764038,0.006237108260393143,3.955316405267757
two_concepts,TwoLayerCNN,2,frozen_templates,0.061940550804138184,0.005908869672566652,10.482639529470768
two_concepts,TinyCNN,8,template_retention_0.1,0.7164507508277893,0.04099693149328232,17.475716467833344
two_concepts,TinyCNN,4,spectrum_retention_1,0.2343948930501938,0.013999244198203087,16.743396267084204
single_shape,TinyCNN,6,spectrum_retention_1,0.6756384968757629,0.00791870802640915,85.32180939396763
single_shape,TwoLayerCNN,0,random_unitnorm,0.6901583075523376,0.012930906377732754,53.372771203479
two_concepts,TwoLayerCNN,0,template_retention_1,0.08908481150865555,0.007608544081449509,11.708522754813815
single_shape,TinyCNN,5,frozen_templates,0.1701342612504959,0.003223018255084753,52.78724716562986
two_concepts,TinyCNN,9,frozen_spectrum,0.020839273929595947,0.006262397393584251,3.327683093210521
single_shape,TwoLayerCNN,7,random,0.6517547965049744,0.008504227735102177,76.63891617280915
two_concepts,TinyCNN,0,template_init,1.1239817142486572,0.05464302748441696,20.56953587663482
single_shape,TinyCNN,4,frozen_random_unitnorm,0.06559661775827408,0.0035838079638779163,18.303608457662506
two_concepts,TinyCNN,8,spectrum_init,1.0313698053359985,0.057624414563179016,17.898139411120813
two_concepts,TinyCNN,5,spectrum_init,1.1229263544082642,0.06649487465620041,16.887412153405048
two_concepts,TwoLayerCNN,3,frozen_spectrum,0.0217424426227808,0.006591730751097202,3.298442160909218
two_concepts,TinyCNN,7,random,1.133597731590271,0.06335965543985367,17.891475635728128
two_concepts,TinyCNN,2,frozen_templates,0.061940550804138184,0.005908869672566652,10.482639529470768
two_concepts,TwoLayerCNN,2,frozen_random_unitnorm,0.014050166122615337,0.007502351887524128,1.8727682109899102
two_concepts,TwoLayerCNN,8,template_retention_1,0.07640358805656433,0.007622295990586281,10.023697341447328
single_shape,TinyCNN,0,template_retention_0.1,1.9200283288955688,0.016829486936330795,114.08715762752647
single_shape,TwoLayerCNN,5,random_unitnorm,0.8223668932914734,0.012643253430724144,65.04393017172734
two_concepts,TwoLayerCNN,6,template_retention_0.1,0.13605596125125885,0.015083497390151024,9.02018661402086
single_shape,TwoLayerCNN,3,spectrum_retention_1,0.20815129578113556,0.004854257684201002,42.880149617643696
