task,architecture,treatment,reference,metric,n,mean,sd,lo,hi,p
single_shape,TinyCNN,template_retention_1,template_init,id_acc,10,-0.00234375,0.00273127304210977,-0.004297585032813005,-0.00038991496718699444,0.02385638454012202
single_shape,TinyCNN,template_retention_1,template_init,alignment,10,0.267772938945739,0.0252991130098247,0.24967504373878144,0.28587083415269654,9.347624741813731e-11
single_shape,TinyCNN,template_retention_1,template_init,semantic_auc,10,-0.025048828124999988,0.005410864254466305,-0.028919527236797908,-0.02117812901320207,1.3933989651899977e-07
single_shape,TinyCNN,template_retention_1,template_init,localization_iou,10,0.12284878361794496,0.048543498875268744,0.08812285645668425,0.15757471077920568,2.2073901178616617e-05
single_shape,TinyCNN,template_retention_1,template_init,fidelity_selected,10,0.12353721335270587,0.046335612195808076,0.09039071317523703,0.1566837135301747,1.4519124706514688e-05
single_shape,TinyCNN,template_retention_1,template_init,fidelity_random,10,0.0890338870247242,0.0123393037515193,0.08020688087098704,0.09786089317846136,2.831619236390255e-09
single_shape,TinyCNN,template_retention_1,template_init,causal_usefulness,10,0.03450332632798166,0.04572673682121841,0.001792389354611762,0.06721426330135155,0.04081673549403917
single_shape,TinyCNN,template_retention_1,template_init,cf_accuracy,10,0.12499999701976776,0.04527223365513526,0.092614192025049,0.15738580201448651,1.0933317261214377e-05
single_shape,TinyCNN,template_retention_1,template_init,cf_accuracy_random,10,0.03549804657814093,0.017043441348068702,0.023305903107992763,0.047690190048289095,0.00010084412862698893
single_shape,TinyCNN,template_retention_1,template_init,refit_test_acc,10,0.000390625,0.0012352647110032732,-0.0004930301417398823,0.0012742801417398824,0.34343639613791355
single_shape,TinyCNN,template_retention_1,template_init,nuisance_acc,10,-0.001953125,0.0037961926398732424,-0.004668757621395431,0.0007625076213954311,0.1381847553511833
single_shape,TinyCNN,template_retention_1,template_init,nuisance_prediction_stability,10,-0.001953125,0.0027621358640099515,-0.003929037965597589,2.2787965597588673e-05,0.052177242798819065
single_shape,TinyCNN,template_retention_1,template_init,nuisance_probability_l2,10,0.0008339799387613311,0.0002982397426003064,0.0006206320792520171,0.0010473277982706451,9.859605134053442e-06
single_shape,TinyCNN,template_retention_1,template_init,drift_l2,10,-1.2809798657894134,0.03894903799266754,-1.3088423290990703,-1.2531174024797564,3.564372199449313e-15
single_shape,TinyCNN,template_retention_1,template_init,selected_kernel_alignment,10,0.2592040118100303,0.03846621223274425,0.23168694124212352,0.28672108237793703,5.187227240210114e-09
single_shape,TinyCNN,template_retention_1,template_init,best_semantic_kernel_alignment,10,0.2615712831855276,0.04031947080018822,0.23272847130281774,0.29041409506823745,7.254312562906313e-09
single_shape,TinyCNN,template_retention_1,template_init,input_effect_mean_square,10,-0.8939096530278524,0.04478845589441821,-0.9259493842604787,-0.8618699217952261,3.1747777811223596e-13
single_shape,TinyCNN,template_retention_1,template_init,counterfactual_agreement,10,0.12526041269302368,0.04558654950229158,0.09264975968638009,0.15787106569966727,1.1371945416594405e-05
single_shape,TinyCNN,template_retention_0.1,template_init,id_acc,10,0.0,0.0,0.0,0.0,1.0
single_shape,TinyCNN,template_retention_0.1,template_init,alignment,10,0.10793759332461003,0.020641705006314393,0.09317140709696894,0.12270377955225112,4.8247751988425344e-08
single_shape,TinyCNN,template_retention_0.1,template_init,semantic_auc,10,-0.0057454427083333485,0.003273259727290408,-0.008086991659344052,-0.003403893757322645,0.00035613610674204875
single_shape,TinyCNN,template_retention_0.1,template_init,localization_iou,10,0.07235292435224534,0.026420161524452854,0.05345307934840057,0.09125276935609011,1.1686060886317858e-05
single_shape,TinyCNN,template_retention_0.1,template_init,fidelity_selected,10,0.04658076547108221,0.018856329397848533,0.03309176001474031,0.06006977092742411,2.6758949399982198e-05
single_shape,TinyCNN,template_retention_0.1,template_init,fidelity_random,10,0.03478767633557771,0.004371793537772529,0.031660283636776934,0.03791506903437848,1.1882314011683368e-09
single_shape,TinyCNN,template_retention_0.1,template_init,causal_usefulness,10,0.011793089135504498,0.01788484879332008,-0.00100096096135425,0.024587139232363248,0.06670332038757812
single_shape,TinyCNN,template_retention_0.1,template_init,cf_accuracy,10,0.04518229067325592,0.044381548081888315,0.013433643754423553,0.0769309375920883,0.010500622766708326
single_shape,TinyCNN,template_retention_0.1,template_init,cf_accuracy_random,10,0.011490885389503092,0.008000942436016295,0.005767355963483664,0.017214414815522522,0.001402624427367947
single_shape,TinyCNN,template_retention_0.1,template_init,refit_test_acc,10,0.000390625,0.0012352647110032732,-0.0004930301417398823,0.0012742801417398824,0.34343639613791355
single_shape,TinyCNN,template_retention_0.1,template_init,nuisance_acc,10,0.0,0.0,0.0,0.0,1.0
single_shape,TinyCNN,template_retention_0.1,template_init,nuisance_prediction_stability,10,0.0,0.0,0.0,0.0,1.0
single_shape,TinyCNN,template_retention_0.1,template_init,nuisance_probability_l2,10,0.0002732967055635527,0.00013221669519252428,0.00017871457957062512,0.0003678788315564803,0.00010682238766646006
single_shape,TinyCNN,template_retention_0.1,template_init,drift_l2,10,-0.6737903952598572,0.0336677238971389,-0.6978748340585842,-0.6497059564611302,3.0980142019283257e-13
single_shape,TinyCNN,template_retention_0.1,template_init,selected_kernel_alignment,10,0.09381468268434169,0.036810125963398284,0.06748230486612404,0.12014706050255934,2.0863196043677057e-05
single_shape,TinyCNN,template_retention_0.1,template_init,best_semantic_kernel_alignment,10,0.09470419954574892,0.04086714665851774,0.06546960395553994,0.1239387951359579,4.42925810125889e-05
single_shape,TinyCNN,template_retention_0.1,template_init,input_effect_mean_square,10,-0.1821929136912028,0.01484421579081253,-0.19281182597114171,-0.1715740014112639,2.4861052159088314e-11
single_shape,TinyCNN,template_retention_0.1,template_init,counterfactual_agreement,10,0.04518229067325592,0.044381548081888315,0.013433643754423553,0.0769309375920883,0.010500622766708326
single_shape,TinyCNN,template_init,random_unitnorm,id_acc,10,0.0,0.0,0.0,0.0,1.0
single_shape,TinyCNN,template_init,random_unitnorm,alignment,10,0.35983285966406353,0.04258076249403287,0.32937241715170784,0.3902933021764192,6.960355263306796e-10
single_shape,TinyCNN,template_init,random_unitnorm,semantic_auc,10,-0.003680419921875,0.017989023645610155,-0.016548992218749767,0.009188152374999765,0.5337971148447672
single_shape,TinyCNN,template_init,random_unitnorm,localization_iou,10,0.1496997261461698,0.07805807397984266,0.09386034385654063,0.20553910843579898,0.00018712328749079056
single_shape,TinyCNN,template_init,random_unitnorm,fidelity_selected,10,-0.015362590294102385,0.092974671021479,-0.08187266329131136,0.05114748270310659,0.6139279095024894
single_shape,TinyCNN,template_init,random_unitnorm,fidelity_random,10,0.017120403751284704,0.027468079467260247,-0.0025290765898564327,0.03676988409242584,0.08021352277064281
single_shape,TinyCNN,template_init,random_unitnorm,causal_usefulness,10,-0.03248299404538709,0.09383442955222777,-0.0996081012450496,0.03464211315427541,0.3020794343791375
single_shape,TinyCNN,template_init,random_unitnorm,cf_accuracy,10,0.00651041716337204,0.1052210816278289,-0.0687602102346582,0.08178104456140228,0.8492211217361662
single_shape,TinyCNN,template_init,random_unitnorm,cf_accuracy_random,10,0.0017903650470543653,0.020536068576190048,-0.01290025343077332,0.016480983524882052,0.7890100374692536
single_shape,TinyCNN,template_init,random_unitnorm,refit_test_acc,10,-0.000390625,0.0012352647110032732,-0.0012742801417398824,0.0004930301417398823,0.34343639613791355
single_shape,TinyCNN,template_init,random_unitnorm,nuisance_acc,10,0.0,0.0,0.0,0.0,1.0
single_shape,TinyCNN,template_init,random_unitnorm,nuisance_prediction_stability,10,0.0,0.0,0.0,0.0,1.0
single_shape,TinyCNN,template_init,random_unitnorm,nuisance_probability_l2,10,6.444714235840366e-05,0.00042857121700615836,-0.0002421342374347792,0.00037102852215158653,0.6457367018654114
single_shape,TinyCNN,template_init,random_unitnorm,drift_l2,10,0.05063607692718506,0.03928980867667242,0.022529840955366844,0.07874231289900327,0.0027766950451647812
single_shape,TinyCNN,template_init,random_unitnorm,selected_kernel_alignment,10,0.3510591989876894,0.057405629082451115,0.3099936857809529,0.3921247121944259,1.2211850025243172e-08
single_shape,TinyCNN,template_init,random_unitnorm,best_semantic_kernel_alignment,10,0.3421897961585256,0.08673496312236606,0.2801433412982971,0.40423625101875416,5.524653562601069e-07
single_shape,TinyCNN,template_init,random_unitnorm,input_effect_mean_square,10,-0.05621430079142251,0.03761399792766973,-0.08312173397081216,-0.029306867612032866,0.0010798872829954353
single_shape,TinyCNN,template_init,random_unitnorm,counterfactual_agreement,10,0.00651041716337204,0.1052210816278289,-0.0687602102346582,0.08178104456140228,0.8492211217361662
single_shape,TinyCNN,template_init,spectrum_init,id_acc,10,0.0,0.0,0.0,0.0,1.0
single_shape,TinyCNN,template_init,spectrum_init,alignment,10,0.29957836616639444,0.07838130521613128,0.24350775817965503,0.35564897415313385,7.243110528927239e-07
single_shape,TinyCNN,template_init,spectrum_init,semantic_auc,10,0.0009033203125,0.014027956278455368,-0.009131675088195538,0.01093831571319554,0.8431704000307785
single_shape,TinyCNN,template_init,spectrum_init,localization_iou,10,0.14020568348948276,0.09895163081934089,0.06941995102405861,0.2109914159549069,0.0015309507274064499
single_shape,TinyCNN,template_init,spectrum_init,fidelity_selected,10,-0.040443188414490995,0.07034162245238708,-0.09076255381423057,0.00987617698524857,0.1024010490015249
single_shape,TinyCNN,template_init,spectrum_init,fidelity_random,10,-0.00703042349009429,0.019902331536407997,-0.021267693799933277,0.007206846819744696,0.29289995981736544
single_shape,TinyCNN,template_init,spectrum_init,causal_usefulness,10,-0.0334127649243967,0.07782635560737623,-0.08908638587603765,0.022260856027244237,0.20763831910945205
single_shape,TinyCNN,template_init,spectrum_init,cf_accuracy,10,-0.026041670143604277,0.07433921455963378,-0.07922074066458726,0.027137400377378697,0.29668559320335325
single_shape,TinyCNN,template_init,spectrum_init,cf_accuracy_random,10,-0.0040690102992812175,0.024381488865781033,-0.021510476737695496,0.013372456139133059,0.6104348149604124
single_shape,TinyCNN,template_init,spectrum_init,refit_test_acc,10,-0.000390625,0.0012352647110032732,-0.0012742801417398824,0.0004930301417398823,0.34343639613791355
single_shape,TinyCNN,template_init,spectrum_init,nuisance_acc,10,0.0,0.0,0.0,0.0,1.0
single_shape,TinyCNN,template_init,spectrum_init,nuisance_prediction_stability,10,0.0,0.0,0.0,0.0,1.0
single_shape,TinyCNN,template_init,spectrum_init,nuisance_probability_l2,10,9.809122420847415e-05,0.00031931936904705814,-0.00013033609165517823,0.00032651854007212654,0.35672326376738783
single_shape,TinyCNN,template_init,spectrum_init,drift_l2,10,0.006234574317932129,0.05890826370721765,-0.0359058589448083,0.04837500758067256,0.7455338642952714
single_shape,TinyCNN,template_init,spectrum_init,selected_kernel_alignment,10,0.30828138373299613,0.09223823140458338,0.24229812790157684,0.3742646395644154,2.2531940756472552e-06
single_shape,TinyCNN,template_init,spectrum_init,best_semantic_kernel_alignment,10,0.3099836546032398,0.11924266346892867,0.22468259180229813,0.3952847174041815,1.7798472354593575e-05
single_shape,TinyCNN,template_init,spectrum_init,input_effect_mean_square,10,0.031483236948649074,0.014857918760422294,0.020854522154767272,0.04211195174253088,8.846448763017124e-05
single_shape,TinyCNN,template_init,spectrum_init,counterfactual_agreement,10,-0.026041670143604277,0.07433921455963378,-0.07922074066458726,0.027137400377378697,0.29668559320335325
single_shape,TinyCNN,template_retention_1,spectrum_retention_1,id_acc,10,-0.000390625,0.003884487992233411,-0.003169420311472951,0.0023881703114729514,0.7577400727729552
single_shape,TinyCNN,template_retention_1,spectrum_retention_1,alignment,10,0.5071252342824945,0.08847206164796134,0.4438361339955992,0.5704143345693897,2.1580840369616447e-08
single_shape,TinyCNN,template_retention_1,spectrum_retention_1,semantic_auc,10,-0.0004842122395833148,0.01265497056110273,-0.009537032825547288,0.008568608346380659,0.9063517161237937
single_shape,TinyCNN,template_retention_1,spectrum_retention_1,localization_iou,10,0.2768790448611176,0.1281996324363476,0.18517055245260955,0.3685875372696256,7.64534370046303e-05
single_shape,TinyCNN,template_retention_1,spectrum_retention_1,fidelity_selected,10,-0.011298698312284517,0.0695476820181709,-0.06105011293946415,0.03845271631489511,0.6198061159323203
single_shape,TinyCNN,template_retention_1,spectrum_retention_1,fidelity_random,10,-0.004678251532948851,0.013742688028142477,-0.014509178320723853,0.00515267525482615,0.30971452884189504
single_shape,TinyCNN,template_retention_1,spectrum_retention_1,causal_usefulness,10,-0.006620446779335665,0.07309515957092327,-0.05890957397271533,0.045668680414044,0.7810426776394376
single_shape,TinyCNN,template_retention_1,spectrum_retention_1,cf_accuracy,10,-0.0010416686534881591,0.08629363447793455,-0.06277241602011215,0.06068907871313582,0.970383450728964
single_shape,TinyCNN,template_retention_1,spectrum_retention_1,cf_accuracy_random,10,0.0015462241688510403,0.030697136168212444,-0.020413184183144174,0.023505632520846254,0.8769616718953215
single_shape,TinyCNN,template_retention_1,spectrum_retention_1,refit_test_acc,10,0.0,0.0,0.0,0.0,1.0
single_shape,TinyCNN,template_retention_1,spectrum_retention_1,nuisance_acc,10,0.00078125,0.004434736032793333,-0.002391169047294043,0.003953669047294044,0.5910512317836047
single_shape,TinyCNN,template_retention_1,spectrum_retention_1,nuisance_prediction_stability,10,-0.000390625,0.005026109131671558,-0.003986086877592308,0.003204836877592308,0.811373655241246
single_shape,TinyCNN,template_retention_1,spectrum_retention_1,nuisance_probability_l2,10,-0.00021333013428375124,0.0004015586867788673,-0.0005005879140306226,7.392764546312013e-05,0.12726476576084558
single_shape,TinyCNN,template_retention_1,spectrum_retention_1,drift_l2,10,-0.0006199687719345093,0.012706697456924427,-0.009709792550049874,0.008469855006180855,0.8807857256248576
single_shape,TinyCNN,template_retention_1,spectrum_retention_1,selected_kernel_alignment,10,0.49586074599658236,0.09384888259877873,0.4287252997102571,0.5629961922829076,4.406653421297088e-08
single_shape,TinyCNN,template_retention_1,spectrum_retention_1,best_semantic_kernel_alignment,10,0.5466531491974267,0.09804578701959704,0.476515418349896,0.6167908800449574,2.751739668910903e-08
single_shape,TinyCNN,template_retention_1,spectrum_retention_1,input_effect_mean_square,10,0.07663985888163247,0.08029341064825395,0.019201413069046304,0.13407830469421864,0.0145172239040357
single_shape,TinyCNN,template_retention_1,spectrum_retention_1,counterfactual_agreement,10,-0.0009114623069763183,0.08641634348310363,-0.06272999040787497,0.06090706579392233,0.9741206024751806
single_shape,TinyCNN,frozen_templates,frozen_random_unitnorm,id_acc,10,0.090625,0.14241958699097731,-0.011255835102002745,0.19250583510200275,0.07505710116888463
single_shape,TinyCNN,frozen_templates,frozen_random_unitnorm,alignment,10,0.8470419459672109,0.016243412653114034,0.8354221085489875,0.8586617833854344,5.63941621505257e-17
single_shape,TinyCNN,frozen_templates,frozen_random_unitnorm,semantic_auc,10,0.025333658854166684,0.01980729369183948,0.01116437452277003,0.03950294318556334,0.002908537997085676
single_shape,TinyCNN,frozen_templates,frozen_random_unitnorm,localization_iou,10,0.3225844594222347,0.04961315900215229,0.2870933435021475,0.3580755753423219,7.1124699552041145e-09
single_shape,TinyCNN,frozen_templates,frozen_random_unitnorm,fidelity_selected,10,0.0017981809611063103,0.10088086008624571,-0.07036763898363302,0.07396400090584565,0.9562810250490963
single_shape,TinyCNN,frozen_templates,frozen_random_unitnorm,fidelity_random,10,0.009266831490028785,0.06325469861199419,-0.035982853998272314,0.05451651697832988,0.6541663818549208
single_shape,TinyCNN,frozen_templates,frozen_random_unitnorm,causal_usefulness,10,-0.007468650528922474,0.12227172602048904,-0.09493657414479349,0.07999927308694856,0.8511228091275136
single_shape,TinyCNN,frozen_templates,frozen_random_unitnorm,cf_accuracy,10,0.1317708432674408,0.07382504573702106,0.07895958696455772,0.18458209957032384,0.00031585728223002083
single_shape,TinyCNN,frozen_templates,frozen_random_unitnorm,cf_accuracy_random,10,-0.0026041663717478515,0.04487447687782352,-0.034705433308912986,0.02949710056541728,0.8584625453847313
single_shape,TinyCNN,frozen_templates,frozen_random_unitnorm,refit_test_acc,10,0.035546875,0.02158868302627624,0.02010326150596004,0.05099048849403996,0.0005589171904489809
single_shape,TinyCNN,frozen_templates,frozen_random_unitnorm,nuisance_acc,10,0.084765625,0.1282277757252613,-0.006962999904589692,0.17649424990458967,0.06613614936402032
single_shape,TinyCNN,frozen_templates,frozen_random_unitnorm,nuisance_prediction_stability,10,0.104296875,0.0496860395706058,0.06875362346195721,0.13984012653804279,9.503647054047135e-05
single_shape,TinyCNN,frozen_templates,frozen_random_unitnorm,nuisance_probability_l2,10,-0.0001779759331839159,0.0002021510397320452,-0.00032258607550895773,-3.336579085887409e-05,0.021257726457712844
single_shape,TinyCNN,frozen_templates,frozen_random_unitnorm,drift_l2,10,0.0,0.0,0.0,0.0,1.0
single_shape,TinyCNN,frozen_templates,frozen_random_unitnorm,selected_kernel_alignment,10,0.8454529751639521,0.02438882348749721,0.8280062618532403,0.8628996884746639,2.220512694637781e-15
single_shape,TinyCNN,frozen_templates,frozen_random_unitnorm,best_semantic_kernel_alignment,10,0.8371516615877986,0.05116642710371169,0.8005494046044095,0.8737539185711878,1.890323018794019e-12
single_shape,TinyCNN,frozen_templates,frozen_random_unitnorm,input_effect_mean_square,10,0.016553579395016036,0.007406358933467481,0.011255389383731638,0.021851769406300434,5.869871123611454e-05
single_shape,TinyCNN,frozen_templates,frozen_random_unitnorm,counterfactual_agreement,10,0.13802083134651183,0.06136853005930574,0.09412042955823444,0.18192123313478922,5.592422456718e-05
single_shape,TinyCNN,frozen_templates,frozen_spectrum,id_acc,10,0.0046875,0.07848873658578875,-0.05145995975894366,0.06083495975894365,0.8543947079716984
single_shape,TinyCNN,frozen_templates,frozen_spectrum,alignment,10,0.583854291151132,0.09222029273201202,0.5178838678730209,0.649824714429243,8.997289431390296e-09
single_shape,TinyCNN,frozen_templates,frozen_spectrum,semantic_auc,10,0.03824259440104173,0.02067563419671587,0.02345213669273235,0.053033052109351116,0.00024403459768297648
single_shape,TinyCNN,frozen_templates,frozen_spectrum,localization_iou,10,0.3122548721316857,0.11919471143144082,0.22698811215191717,0.3975216321114542,1.672927746266249e-05
single_shape,TinyCNN,frozen_templates,frozen_spectrum,fidelity_selected,10,-0.05275675263500358,0.09901122576436011,-0.12358511675590923,0.01807161148590207,0.1262763079513726
single_shape,TinyCNN,frozen_templates,frozen_spectrum,fidelity_random,10,-0.008588653555877962,0.08468004038862853,-0.06916510524725493,0.051987798135499,0.755734604647974
single_shape,TinyCNN,frozen_templates,frozen_spectrum,causal_usefulness,10,-0.04416809907912561,0.10317758272033503,-0.11797689542130048,0.029640697263049257,0.20884599986553726
single_shape,TinyCNN,frozen_templates,frozen_spectrum,cf_accuracy,10,0.056510424613952635,0.0863708628755908,-0.0052755686202731675,0.11829641784817843,0.06847442986938024
single_shape,TinyCNN,frozen_templates,frozen_spectrum,cf_accuracy_random,10,-0.0023600258864462376,0.03797248939681755,-0.02952390841402868,0.024803856641136206,0.8485550757087019
single_shape,TinyCNN,frozen_templates,frozen_spectrum,refit_test_acc,10,0.00390625,0.003682847818679935,0.001271699379203215,0.006540800620796785,0.00846815040315423
single_shape,TinyCNN,frozen_templates,frozen_spectrum,nuisance_acc,10,0.001171875,0.06725736233772829,-0.046941143626854004,0.04928489362685401,0.9572635767589048
single_shape,TinyCNN,frozen_templates,frozen_spectrum,nuisance_prediction_stability,10,0.050390625,0.027893165831199686,0.03043705619277331,0.07034419380722669,0.000289565084999069
single_shape,TinyCNN,frozen_templates,frozen_spectrum,nuisance_probability_l2,10,1.6371178207919002e-05,0.00012204359289724444,-7.093354880275432e-05,0.00010367590521859232,0.6813833657332109
single_shape,TinyCNN,frozen_templates,frozen_spectrum,drift_l2,10,0.0,0.0,0.0,0.0,1.0
single_shape,TinyCNN,frozen_templates,frozen_spectrum,selected_kernel_alignment,10,0.5903452325943032,0.10993575881748177,0.5117019283091491,0.6689885368794573,3.8242975013322335e-08
single_shape,TinyCNN,frozen_templates,frozen_spectrum,best_semantic_kernel_alignment,10,0.616944055227065,0.11577835237891153,0.534121211288859,0.6997668991652709,4.091229098063464e-08
single_shape,TinyCNN,frozen_templates,frozen_spectrum,input_effect_mean_square,10,-0.001283047224084537,0.014378813589146272,-0.01156903082499931,0.009002936376830237,0.784190278430357
single_shape,TinyCNN,frozen_templates,frozen_spectrum,counterfactual_agreement,10,0.0841145783662796,0.0799417421693998,0.026927701028660163,0.14130145570389904,0.008836371568362618
single_shape,TwoLayerCNN,template_retention_1,template_init,id_acc,10,-0.000390625,0.0012352647110032732,-0.0012742801417398824,0.0004930301417398823,0.34343639613791355
single_shape,TwoLayerCNN,template_retention_1,template_init,alignment,10,0.17172619608393272,0.011025635514757682,0.1638389315755405,0.17961346059232494,2.9403236965652293e-12
single_shape,TwoLayerCNN,template_retention_1,template_init,semantic_auc,10,0.03368937174479171,0.024563039451833368,0.016118031840858665,0.051260711648724755,0.0018851226274071763
single_shape,TwoLayerCNN,template_retention_1,template_init,localization_iou,10,0.06953569060441209,0.04226882741930588,0.03929839300198233,0.09977298820684184,0.0005623961654109599
single_shape,TwoLayerCNN,template_retention_1,template_init,fidelity_selected,10,0.0900687019791712,0.054794598289796756,0.05087100768170822,0.1292663962766342,0.0005655670057120652
single_shape,TwoLayerCNN,template_retention_1,template_init,fidelity_random,10,0.09924541274749213,0.011113778124338685,0.0912950948146243,0.10719573068035995,4.258841571112842e-10
single_shape,TwoLayerCNN,template_retention_1,template_init,causal_usefulness,10,-0.009176710768320918,0.05884466593794705,-0.051271648927608174,0.03291822739096634,0.6337146431482354
single_shape,TwoLayerCNN,template_retention_1,template_init,cf_accuracy,10,0.04153645928017795,0.04245692450057001,0.011164605131669645,0.07190831342868625,0.01285206826537063
single_shape,TwoLayerCNN,template_retention_1,template_init,cf_accuracy_random,10,0.007600911344343331,0.012832993180971867,-0.001579258952166168,0.01678108164085283,0.093848612589119
single_shape,TwoLayerCNN,template_retention_1,template_init,refit_test_acc,10,0.0,0.0,0.0,0.0,1.0
single_shape,TwoLayerCNN,template_retention_1,template_init,nuisance_acc,10,-0.000390625,0.0012352647110032732,-0.0012742801417398824,0.0004930301417398823,0.34343639613791355
single_shape,TwoLayerCNN,template_retention_1,template_init,nuisance_prediction_stability,10,0.0,0.0,0.0,0.0,1.0
single_shape,TwoLayerCNN,template_retention_1,template_init,nuisance_probability_l2,10,0.0005227217546234896,0.00024038827229922247,0.0003507583439156353,0.000694685165331344,7.256175843935273e-05
single_shape,TwoLayerCNN,template_retention_1,template_init,drift_l2,10,-1.0195803128182888,0.02187108397430784,-1.0352259437807607,-1.0039346818558168,1.5458772674642344e-16
single_shape,TwoLayerCNN,template_retention_1,template_init,selected_kernel_alignment,10,0.1734511407175447,0.013293255915016015,0.16394171829566764,0.18296056313942174,1.4374446663505455e-11
single_shape,TwoLayerCNN,template_retention_1,template_init,best_semantic_kernel_alignment,10,0.17521418745080614,0.021142618501232367,0.1600896692952727,0.19033870560633956,8.280245358187329e-10
single_shape,TwoLayerCNN,template_retention_1,template_init,input_effect_mean_square,10,-0.11484538714090979,0.024120861176932323,-0.13210041176221438,-0.09759036251960522,1.0919286752418808e-07
single_shape,TwoLayerCNN,template_retention_1,template_init,counterfactual_agreement,10,0.04166666711680591,0.04265854994268285,0.011150578815859232,0.07218275541775258,0.012955604765432227
single_shape,TwoLayerCNN,template_retention_0.1,template_init,id_acc,10,0.0,0.0,0.0,0.0,1.0
single_shape,TwoLayerCNN,template_retention_0.1,template_init,alignment,10,0.1252812321326519,0.007856420040095388,0.11966108780062448,0.13090137646467934,2.3803549411784117e-12
single_shape,TwoLayerCNN,template_retention_0.1,template_init,semantic_auc,10,-0.0047871907552083145,0.017196933461977267,-0.01708913586905572,0.007514754358639093,0.40159264233699
single_shape,TwoLayerCNN,template_retention_0.1,template_init,localization_iou,10,0.04286317735533428,0.025088616844677884,0.02491586203379856,0.06081049267687,0.0004315027848934106
single_shape,TwoLayerCNN,template_retention_0.1,template_init,fidelity_selected,10,0.06499801248659837,0.041903523597967306,0.03502203749554709,0.09497398747764965,0.0008416850867454757
single_shape,TwoLayerCNN,template_retention_0.1,template_init,fidelity_random,10,0.060984412656444276,0.006647502055139074,0.05622907615372886,0.0657397491591597,3.34910074462563e-10
single_shape,TwoLayerCNN,template_retention_0.1,template_init,causal_usefulness,10,0.004013599830154095,0.04269952880470378,-0.0265318029827388,0.03455900264304699,0.7730277348879361
single_shape,TwoLayerCNN,template_retention_0.1,template_init,cf_accuracy,10,0.00989583395421505,0.03927028047752644,-0.018196432385482568,0.03798810029391267,0.4460372539940102
single_shape,TwoLayerCNN,template_retention_0.1,template_init,cf_accuracy_random,10,0.00468750002910383,0.006660947749126532,-7.745494366132293e-05,0.009452455001868983,0.0530952649042757
single_shape,TwoLayerCNN,template_retention_0.1,template_init,refit_test_acc,10,0.0,0.0,0.0,0.0,1.0
single_shape,TwoLayerCNN,template_retention_0.1,template_init,nuisance_acc,10,0.000390625,0.0012352647110032732,-0.0004930301417398823,0.0012742801417398824,0.34343639613791355
single_shape,TwoLayerCNN,template_retention_0.1,template_init,nuisance_prediction_stability,10,-0.000390625,0.0012352647110032732,-0.0012742801417398824,0.0004930301417398823,0.34343639613791355
single_shape,TwoLayerCNN,template_retention_0.1,template_init,nuisance_probability_l2,10,0.00022824362176834256,0.00011986033868244316,0.0001425007007377555,0.00031398654279892965,0.00019717395737132483
single_shape,TwoLayerCNN,template_retention_0.1,template_init,drift_l2,10,-0.6584405928850174,0.027019624579422086,-0.6777692679251193,-0.6391119178449156,5.280130523369839e-14
single_shape,TwoLayerCNN,template_retention_0.1,template_init,selected_kernel_alignment,10,0.12617957861361706,0.012319907954747442,0.1173664473770478,0.13499270985018633,1.2538829676028346e-10
single_shape,TwoLayerCNN,template_retention_0.1,template_init,best_semantic_kernel_alignment,10,0.12695422934548173,0.018768332284043662,0.11352817323220718,0.14038028545875628,5.014936671114327e-09
single_shape,TwoLayerCNN,template_retention_0.1,template_init,input_effect_mean_square,10,-0.05002430280049643,0.011801100408186656,-0.05846630147575457,-0.04158230412523829,2.9832066679479724e-07
single_shape,TwoLayerCNN,template_retention_0.1,template_init,counterfactual_agreement,10,0.00989583395421505,0.03927028047752644,-0.018196432385482568,0.03798810029391267,0.4460372539940102
single_shape,TwoLayerCNN,template_init,random_unitnorm,id_acc,10,-0.000390625,0.0012352647110032732,-0.0012742801417398824,0.0004930301417398823,0.34343639613791355
single_shape,TwoLayerCNN,template_init,random_unitnorm,alignment,10,0.5789215702625576,0.030054344286038728,0.5574219875225886,0.6004211530025266,4.366709081765169e-13
single_shape,TwoLayerCNN,template_init,random_unitnorm,semantic_auc,10,-0.0077514648437500226,0.01160947454489798,-0.01605638263433863,0.0005534529468385879,0.06392393761079448
single_shape,TwoLayerCNN,template_init,random_unitnorm,localization_iou,10,0.18574486600155823,0.06615316323208176,0.13842174383051462,0.23306798817260185,9.536109773245525e-06
single_shape,TwoLayerCNN,template_init,random_unitnorm,fidelity_selected,10,0.04300254820918492,0.07275028205301999,-0.009039868470042511,0.09504496488841235,0.09441653224582844
single_shape,TwoLayerCNN,template_init,random_unitnorm,fidelity_random,10,0.013412807036639465,0.02843418492072405,-0.006927783512550002,0.03375339758582893,0.1699753699421577
single_shape,TwoLayerCNN,template_init,random_unitnorm,causal_usefulness,10,0.029589741172545453,0.06341338273000606,-0.015773460095446112,0.07495294244053702,0.17416483571062322
single_shape,TwoLayerCNN,template_init,random_unitnorm,cf_accuracy,10,0.025911457557231187,0.06381079153701012,-0.01973603284535132,0.0715589479598137,0.23117755595289985
single_shape,TwoLayerCNN,template_init,random_unitnorm,cf_accuracy_random,10,-0.00030924474413041025,0.012370612453004224,-0.00915864779369234,0.00854015830543152,0.9387212824810776
single_shape,TwoLayerCNN,template_init,random_unitnorm,refit_test_acc,10,0.0,0.0,0.0,0.0,1.0
single_shape,TwoLayerCNN,template_init,random_unitnorm,nuisance_acc,10,0.0,0.0018414239093399675,-0.0013172753103983924,0.0013172753103983924,1.0
single_shape,TwoLayerCNN,template_init,random_unitnorm,nuisance_prediction_stability,10,0.000390625,0.0012352647110032732,-0.0004930301417398823,0.0012742801417398824,0.34343639613791355
single_shape,TwoLayerCNN,template_init,random_unitnorm,nuisance_probability_l2,10,4.15145495935576e-07,0.0003781145309129654,-0.00027007169544719585,0.000270901986439067,0.9973055086922131
single_shape,TwoLayerCNN,template_init,random_unitnorm,drift_l2,10,0.06439800262451172,0.033506360934888256,0.040428995935201474,0.08836700931382196,0.0001841482139268105
single_shape,TwoLayerCNN,template_init,random_unitnorm,selected_kernel_alignment,10,0.5740362936214533,0.03278201638785896,0.5505854518061755,0.597487135436731,1.0278514335859879e-12
single_shape,TwoLayerCNN,template_init,random_unitnorm,best_semantic_kernel_alignment,10,0.5862009251480054,0.07815786299426564,0.5302901580977669,0.6421116921982438,2.0091084115242594e-09
single_shape,TwoLayerCNN,template_init,random_unitnorm,input_effect_mean_square,10,-0.0032846291859944367,0.006207188856928216,-0.007724984601571905,0.0011557262295830316,0.1285822748729108
single_shape,TwoLayerCNN,template_init,random_unitnorm,counterfactual_agreement,10,0.02604166613891721,0.06395395891448215,-0.01970824003585215,0.07179157231368657,0.22998751833720163
single_shape,TwoLayerCNN,template_init,spectrum_init,id_acc,10,-0.000390625,0.0012352647110032732,-0.0012742801417398824,0.0004930301417398823,0.34343639613791355
single_shape,TwoLayerCNN,template_init,spectrum_init,alignment,10,0.45284185376166,0.08709057820962948,0.39054100719288387,0.5151427003304361,5.068740460868957e-08
single_shape,TwoLayerCNN,template_init,spectrum_init,semantic_auc,10,-0.008374023437500022,0.03160680100521018,-0.030984166812776333,0.014236119937776287,0.4238191476229317
single_shape,TwoLayerCNN,template_init,spectrum_init,localization_iou,10,0.20966566025921018,0.09920708689085761,0.1386971855288499,0.28063413498957046,9.024839883702919e-05
single_shape,TwoLayerCNN,template_init,spectrum_init,fidelity_selected,10,0.007271006624472965,0.08401530293524279,-0.05282992053895541,0.06737193378790134,0.79051095446632
single_shape,TwoLayerCNN,template_init,spectrum_init,fidelity_random,10,0.009980523979695913,0.021943896170043664,-0.0057171936898359026,0.025678241649227728,0.18420788446080752
single_shape,TwoLayerCNN,template_init,spectrum_init,causal_usefulness,10,-0.0027095173552229485,0.08376483292475756,-0.06263126906690773,0.05721223435646184,0.9207698542554636
single_shape,TwoLayerCNN,template_init,spectrum_init,cf_accuracy,10,0.0018229155335575341,0.09181139267331846,-0.0638549982637081,0.06750082933082317,0.9513084223559071
single_shape,TwoLayerCNN,template_init,spectrum_init,cf_accuracy_random,10,-0.0013509114010958,0.00918729331517239,-0.00792310512144488,0.005221282319253279,0.6529867865644658
single_shape,TwoLayerCNN,template_init,spectrum_init,refit_test_acc,10,0.0,0.0,0.0,0.0,1.0
single_shape,TwoLayerCNN,template_init,spectrum_init,nuisance_acc,10,-0.000390625,0.0012352647110032732,-0.0012742801417398824,0.0004930301417398823,0.34343639613791355
single_shape,TwoLayerCNN,template_init,spectrum_init,nuisance_prediction_stability,10,0.0,0.0,0.0,0.0,1.0
single_shape,TwoLayerCNN,template_init,spectrum_init,nuisance_probability_l2,10,4.007868792541558e-05,0.0002171512516037001,-0.00011526195955330283,0.000195419335404134,0.5737908276283048
single_shape,TwoLayerCNN,template_init,spectrum_init,drift_l2,10,0.03584299087524414,0.04292328221038723,0.005137524518357181,0.0665484572321311,0.0268849880831316
single_shape,TwoLayerCNN,template_init,spectrum_init,selected_kernel_alignment,10,0.45533856869285705,0.07503779005674237,0.4016597673656632,0.5090173700200509,1.3075892307947916e-08
single_shape,TwoLayerCNN,template_init,spectrum_init,best_semantic_kernel_alignment,10,0.4616046712499807,0.10248808321245934,0.3882891131424403,0.5349202293575211,1.767467084658157e-07
single_shape,TwoLayerCNN,template_init,spectrum_init,input_effect_mean_square,10,-0.0034065882364908706,0.003843672031325495,-0.006156185568453794,-0.0006569909045279474,0.020622193757393593
single_shape,TwoLayerCNN,template_init,spectrum_init,counterfactual_agreement,10,0.0019531241152435542,0.09194681552699113,-0.06382166535562547,0.06772791358611258,0.9479127741638582
single_shape,TwoLayerCNN,template_retention_1,spectrum_retention_1,id_acc,10,-0.000390625,0.0022173680163966665,-0.001976834523647022,0.0011955845236470215,0.5910512317836047
single_shape,TwoLayerCNN,template_retention_1,spectrum_retention_1,alignment,10,0.5807038485213847,0.09422929726231842,0.513296269978357,0.6481114270644124,1.1411263346969107e-08
single_shape,TwoLayerCNN,template_retention_1,spectrum_retention_1,semantic_auc,10,0.031536865234375044,0.020164252551828726,0.01711222791733136,0.04596150255141873,0.0007958775374339253
single_shape,TwoLayerCNN,template_retention_1,spectrum_retention_1,localization_iou,10,0.2945215007570569,0.12181169722270407,0.20738266191863486,0.38166033959547896,3.172154640209185e-05
single_shape,TwoLayerCNN,template_retention_1,spectrum_retention_1,fidelity_selected,10,-0.001523154335860366,0.09433260214740495,-0.069004632741857,0.06595832407013627,0.9603928794782947
single_shape,TwoLayerCNN,template_retention_1,spectrum_retention_1,fidelity_random,10,0.00844521924088075,0.026124781283645492,-0.01024332346780998,0.02713376194957148,0.33335212662014213
single_shape,TwoLayerCNN,template_retention_1,spectrum_retention_1,causal_usefulness,10,-0.009968373576741116,0.09015100310828134,-0.07445851623202646,0.054521769078544224,0.7346318865868747
single_shape,TwoLayerCNN,template_retention_1,spectrum_retention_1,cf_accuracy,10,0.03372395844198763,0.1014389870392002,-0.03884112147296593,0.1062890383569412,0.32052092763249224
single_shape,TwoLayerCNN,template_retention_1,spectrum_retention_1,cf_accuracy_random,10,-0.0018229168403195218,0.01712327589980205,-0.014072170508386621,0.010426336827747578,0.7440968950611558
single_shape,TwoLayerCNN,template_retention_1,spectrum_retention_1,refit_test_acc,10,0.000390625,0.0012352647110032732,-0.0004930301417398823,0.0012742801417398824,0.34343639613791355
single_shape,TwoLayerCNN,template_retention_1,spectrum_retention_1,nuisance_acc,10,-0.00078125,0.001647019614671031,-0.001959456855653177,0.0003969568556531765,0.16785065605707492
single_shape,TwoLayerCNN,template_retention_1,spectrum_retention_1,nuisance_prediction_stability,10,0.000390625,0.0012352647110032732,-0.0004930301417398823,0.0012742801417398824,0.34343639613791355
single_shape,TwoLayerCNN,template_retention_1,spectrum_retention_1,nuisance_probability_l2,10,4.163217672612518e-05,0.00028487734025857365,-0.0001621567959874356,0.00024542114943968595,0.6549509692548705
single_shape,TwoLayerCNN,template_retention_1,spectrum_retention_1,drift_l2,10,0.006672637909650803,0.013269553553436599,-0.0028198288641821823,0.01616510468348379,0.14626171122256754
single_shape,TwoLayerCNN,template_retention_1,spectrum_retention_1,selected_kernel_alignment,10,0.5765819690235032,0.103704965734112,0.5023959056003221,0.6507680324466844,2.8204473054224072e-08
single_shape,TwoLayerCNN,template_retention_1,spectrum_retention_1,best_semantic_kernel_alignment,10,0.5921820707162396,0.1254048324623769,0.5024728577699675,0.6818912836625117,1.1729627519833391e-07
single_shape,TwoLayerCNN,template_retention_1,spectrum_retention_1,input_effect_mean_square,10,-0.01727345784505203,0.016401367660831015,-0.02900628946888132,-0.005540626221222741,0.008793180057123918
single_shape,TwoLayerCNN,template_retention_1,spectrum_retention_1,counterfactual_agreement,10,0.03385416702367365,0.10176447327889449,-0.0389437517206494,0.1066520857679967,0.3202237446792005
single_shape,TwoLayerCNN,frozen_templates,frozen_random_unitnorm,id_acc,10,0.000390625,0.0022173680163966665,-0.0011955845236470215,0.001976834523647022,0.5910512317836047
single_shape,TwoLayerCNN,frozen_templates,frozen_random_unitnorm,alignment,10,0.8494618828086324,0.02763324091682038,0.8296942530839454,0.8692295125333195,6.5429090928511246e-15
single_shape,TwoLayerCNN,frozen_templates,frozen_random_unitnorm,semantic_auc,10,0.02708943684895838,0.024273429654273256,0.009725271313751845,0.04445360238416492,0.0064226131602497126
single_shape,TwoLayerCNN,frozen_templates,frozen_random_unitnorm,localization_iou,10,0.31504875310234437,0.06618720673445648,0.267701277676773,0.36239622852791575,1.0944879688858218e-07
single_shape,TwoLayerCNN,frozen_templates,frozen_random_unitnorm,fidelity_selected,10,0.04545807561030578,0.06479774252005197,-0.000895436993867689,0.09181158821447924,0.05369903150108744
single_shape,TwoLayerCNN,frozen_templates,frozen_random_unitnorm,fidelity_random,10,0.003624819524524897,0.029939059470511474,-0.017792293426501096,0.02504193247555089,0.710703940631813
single_shape,TwoLayerCNN,frozen_templates,frozen_random_unitnorm,causal_usefulness,10,0.04183325608578088,0.06623929785951216,-0.005551483085839803,0.08921799525740157,0.07690805159503901
single_shape,TwoLayerCNN,frozen_templates,frozen_random_unitnorm,cf_accuracy,10,0.08229166616220027,0.0735335792095289,0.02968891245262316,0.13489441987177736,0.0063248568994227795
single_shape,TwoLayerCNN,frozen_templates,frozen_random_unitnorm,cf_accuracy_random,10,0.011588541603123304,0.015018670317865117,0.0008448320724763966,0.02233225113377021,0.03736206282741733
single_shape,TwoLayerCNN,frozen_templates,frozen_random_unitnorm,refit_test_acc,10,0.0,0.0,0.0,0.0,1.0
single_shape,TwoLayerCNN,frozen_templates,frozen_random_unitnorm,nuisance_acc,10,-0.00078125,0.001647019614671031,-0.001959456855653177,0.0003969568556531765,0.16785065605707492
single_shape,TwoLayerCNN,frozen_templates,frozen_random_unitnorm,nuisance_prediction_stability,10,0.000390625,0.002217368016396667,-0.0011955845236470224,0.0019768345236470222,0.5910512317836047
single_shape,TwoLayerCNN,frozen_templates,frozen_random_unitnorm,nuisance_probability_l2,10,6.230450962902978e-05,0.00034147583396117013,-0.00018197258642322094,0.0003065816056812805,0.5780985594231898
single_shape,TwoLayerCNN,frozen_templates,frozen_random_unitnorm,drift_l2,10,0.0,0.0,0.0,0.0,1.0
single_shape,TwoLayerCNN,frozen_templates,frozen_random_unitnorm,selected_kernel_alignment,10,0.8488258809378173,0.02735942597146953,0.8292541266252498,0.8683976352503848,6.02290074379521e-15
single_shape,TwoLayerCNN,frozen_templates,frozen_random_unitnorm,best_semantic_kernel_alignment,10,0.84093985990412,0.047531381544647984,0.8069379578649893,0.8749417619432507,9.369345175375472e-13
single_shape,TwoLayerCNN,frozen_templates,frozen_random_unitnorm,input_effect_mean_square,10,0.007283560434977221,0.01335230825263864,-0.0022681054844329324,0.016835226354387375,0.11861321238371124
single_shape,TwoLayerCNN,frozen_templates,frozen_random_unitnorm,counterfactual_agreement,10,0.08216145730111749,0.07379863415183406,0.02936909470809604,0.13495381989413893,0.006509046035395614
single_shape,TwoLayerCNN,frozen_templates,frozen_spectrum,id_acc,10,0.0,0.0018414239093399675,-0.0013172753103983924,0.0013172753103983924,1.0
single_shape,TwoLayerCNN,frozen_templates,frozen_spectrum,alignment,10,0.583854291151132,0.09222029273201202,0.5178838678730209,0.649824714429243,8.997289431390296e-09
single_shape,TwoLayerCNN,frozen_templates,frozen_spectrum,semantic_auc,10,0.03824259440104173,0.02067563419671587,0.02345213669273235,0.053033052109351116,0.00024403459768297648
single_shape,TwoLayerCNN,frozen_templates,frozen_spectrum,localization_iou,10,0.3122548721316857,0.11919471143144082,0.22698811215191717,0.3975216321114542,1.672927746266249e-05
single_shape,TwoLayerCNN,frozen_templates,frozen_spectrum,fidelity_selected,10,0.004631863767522582,0.07865696399491791,-0.05163593863031814,0.0608996661653633,0.8564044855572369
single_shape,TwoLayerCNN,frozen_templates,frozen_spectrum,fidelity_random,10,0.017487223802259984,0.027130748899058466,-0.0019209447873170388,0.036895392391837006,0.07196753675550113
single_shape,TwoLayerCNN,frozen_templates,frozen_spectrum,causal_usefulness,10,-0.012855360034737404,0.07402308142264794,-0.06580828253296578,0.04009756246349098,0.59624042749693
single_shape,TwoLayerCNN,frozen_templates,frozen_spectrum,cf_accuracy,10,0.041276041977107526,0.09964137609120388,-0.030003104531916618,0.11255518848613166,0.2226563188559394
single_shape,TwoLayerCNN,frozen_templates,frozen_spectrum,cf_accuracy_random,10,0.00226236969610909,0.017616504413812194,-0.010339718395685534,0.014864457787903712,0.6941479313307501
single_shape,TwoLayerCNN,frozen_templates,frozen_spectrum,refit_test_acc,10,0.0,0.0,0.0,0.0,1.0
single_shape,TwoLayerCNN,frozen_templates,frozen_spectrum,nuisance_acc,10,0.000390625,0.002882284325674304,-0.0016712369973930588,0.0024524869973930586,0.6783097418055797
single_shape,TwoLayerCNN,frozen_templates,frozen_spectrum,nuisance_prediction_stability,10,0.001171875,0.0032159086029240804,-0.001128647428129055,0.003472397428129055,0.2788729992489171
single_shape,TwoLayerCNN,frozen_templates,frozen_spectrum,nuisance_probability_l2,10,3.564047801773995e-06,0.0007882701893026211,-0.000560330475900592,0.00056745857150414,0.9889043494514567
single_shape,TwoLayerCNN,frozen_templates,frozen_spectrum,drift_l2,10,0.0,0.0,0.0,0.0,1.0
single_shape,TwoLayerCNN,frozen_templates,frozen_spectrum,selected_kernel_alignment,10,0.5903452325943032,0.10993575881748177,0.5117019283091491,0.6689885368794573,3.8242975013322335e-08
single_shape,TwoLayerCNN,frozen_templates,frozen_spectrum,best_semantic_kernel_alignment,10,0.616944055227065,0.11577835237891153,0.534121211288859,0.6997668991652709,4.091229098063464e-08
single_shape,TwoLayerCNN,frozen_templates,frozen_spectrum,input_effect_mean_square,10,-0.025861469904581734,0.024054707737753884,-0.043069171206315135,-0.008653768602848336,0.007875847770173479
single_shape,TwoLayerCNN,frozen_templates,frozen_spectrum,counterfactual_agreement,10,0.041276040486991405,0.09999805898269869,-0.03025826159171144,0.11281034256569425,0.2241759690822783
two_concepts,TinyCNN,template_retention_1,template_init,id_acc,10,-0.061328125,0.06212042944077455,-0.10576640320341946,-0.016889846796580538,0.012280068737831416
two_concepts,TinyCNN,template_retention_1,template_init,alignment,10,0.28927498269187313,0.03155529318811595,0.26670168578926756,0.3118482795944787,3.3712869169566004e-10
two_concepts,TinyCNN,template_retention_1,template_init,semantic_auc,10,-0.06822357177734376,0.04169154631993655,-0.09804790735864313,-0.038399236196044385,0.0005834653408272817
two_concepts,TinyCNN,template_retention_1,template_init,localization_iou,10,0.07798203994900707,0.032668417538143125,0.054612461855385784,0.10135161804262835,3.5095924235500465e-05
two_concepts,TinyCNN,template_retention_1,template_init,fidelity_selected,10,0.044998420863644195,0.03823499439072135,0.01764675357581624,0.07235008815147215,0.004758426400392306
two_concepts,TinyCNN,template_retention_1,template_init,fidelity_random,10,0.019755374066493935,0.05499217495951966,-0.01958365806611751,0.05909440619910538,0.28529429296250014
two_concepts,TinyCNN,template_retention_1,template_init,causal_usefulness,10,0.025243046797150254,0.07805895311697801,-0.03059696438930002,0.08108305798360052,0.3331825449643966
two_concepts,TinyCNN,template_retention_1,template_init,cf_accuracy,10,0.002734375,0.10118703969895648,-0.06965047264516483,0.07511922264516482,0.9337711609500852
two_concepts,TinyCNN,template_retention_1,template_init,cf_accuracy_random,10,0.037158203125,0.02184654686297481,0.021530124954573064,0.05278628129542693,0.0004452922501283493
two_concepts,TinyCNN,template_retention_1,template_init,refit_test_acc,10,-0.012890625,0.016982082124440745,-0.025038874725779824,-0.0007423752742201743,0.03987193860194756
two_concepts,TinyCNN,template_retention_1,template_init,nuisance_acc,10,-0.05859375,0.06564876388518506,-0.10555604661486506,-0.011631453385134945,0.019967302122420136
two_concepts,TinyCNN,template_retention_1,template_init,nuisance_prediction_stability,10,-0.034375,0.0204886856903864,-0.04903172280324239,-0.019718277196757613,0.0004902623595359478
two_concepts,TinyCNN,template_retention_1,template_init,nuisance_probability_l2,10,-0.004490229859948158,0.001981907376580041,-0.005908000988813923,-0.0030724587310823922,5.2825774203832936e-05
two_concepts,TinyCNN,template_retention_1,template_init,drift_l2,10,-1.353696358203888,0.1558137008670238,-1.4651587651667148,-1.242233951241061,5.439631310526417e-10
two_concepts,TinyCNN,template_retention_1,template_init,selected_kernel_alignment,10,0.3030832929301807,0.036327235778506814,0.27709635394055915,0.3290702319198023,7.799698587218181e-10
two_concepts,TinyCNN,template_retention_1,template_init,best_semantic_kernel_alignment,10,0.2514001764109731,0.08368432443634079,0.19153601700246795,0.31126433581947827,5.474900169019889e-06
two_concepts,TinyCNN,template_retention_1,template_init,input_effect_mean_square,10,-0.7845155894756317,0.15292760427125665,-0.893913407307327,-0.6751177716439364,5.702584024433164e-08
two_concepts,TinyCNN,template_retention_1,template_init,counterfactual_agreement,10,0.029296875,0.10263357499447164,-0.044122761658567475,0.10271651165856747,0.39021727740109047
two_concepts,TinyCNN,template_retention_0.1,template_init,id_acc,10,-0.004296875,0.011855395458427122,-0.012777714014408643,0.004183964014408643,0.2812972016723818
two_concepts,TinyCNN,template_retention_0.1,template_init,alignment,10,0.11497979361184338,0.01684964865866634,0.10292628108038925,0.1270333061432975,4.6406520532519124e-09
two_concepts,TinyCNN,template_retention_0.1,template_init,semantic_auc,10,-0.015313720703125,0.007489643452155025,-0.020671488870014448,-0.009955952536235553,0.00011598657752410494
two_concepts,TinyCNN,template_retention_0.1,template_init,localization_iou,10,0.025077949751213746,0.03096020973320448,0.0029303499077185068,0.04722554959470898,0.03061354701710403
two_concepts,TinyCNN,template_retention_0.1,template_init,fidelity_selected,10,0.01609592504396088,0.03078770690209884,-0.005928273708000399,0.03812012379592216,0.1326696430020604
two_concepts,TinyCNN,template_retention_0.1,template_init,fidelity_random,10,0.013602906422698699,0.01339726522133908,0.004019080225256384,0.023186732620141013,0.010644967430675991
two_concepts,TinyCNN,template_retention_0.1,template_init,causal_usefulness,10,0.0024930186212621776,0.031197145184657715,-0.019824074633703604,0.024810111876227958,0.8061746371947907
two_concepts,TinyCNN,template_retention_0.1,template_init,cf_accuracy,10,0.026953125,0.06497252315549222,-0.01952541813876868,0.07343166813876868,0.22204906029586186
two_concepts,TinyCNN,template_retention_0.1,template_init,cf_accuracy_random,10,0.007666015625,0.00884105234747457,0.001341507772029642,0.013990523477970357,0.022773331761936473
two_concepts,TinyCNN,template_retention_0.1,template_init,refit_test_acc,10,-0.0015625,0.005881036349289695,-0.005769539966832838,0.0026445399668328378,0.42257162813419624
two_concepts,TinyCNN,template_retention_0.1,template_init,nuisance_acc,10,-0.0109375,0.012994765572786093,-0.020233395294192054,-0.001641604705807943,0.025975808059874133
two_concepts,TinyCNN,template_retention_0.1,template_init,nuisance_prediction_stability,10,-0.0125,0.010705627495361702,-0.020158344561745648,-0.004841655438254353,0.004979544878001714
two_concepts,TinyCNN,template_retention_0.1,template_init,nuisance_probability_l2,10,-0.00021357310470193624,0.0008893070182587376,-0.0008497450217572229,0.00042259881235335044,0.46701274544805993
two_concepts,TinyCNN,template_retention_0.1,template_init,drift_l2,10,-0.6452699840068817,0.08819696291943932,-0.7083622905185002,-0.5821776774952633,2.5041063359659078e-09
two_concepts,TinyCNN,template_retention_0.1,template_init,selected_kernel_alignment,10,0.0921077145167886,0.015279601440918446,0.08117734610527821,0.103038082928299,1.3859290234854365e-08
two_concepts,TinyCNN,template_retention_0.1,template_init,best_semantic_kernel_alignment,10,0.031700896121063506,0.08096393701172612,-0.02621721535627973,0.08961900759840674,0.24697705390424565
two_concepts,TinyCNN,template_retention_0.1,template_init,input_effect_mean_square,10,-0.2410416781902313,0.051384046839350765,-0.2777996109543892,-0.20428374542607342,1.2423927837179151e-07
two_concepts,TinyCNN,template_retention_0.1,template_init,counterfactual_agreement,10,0.0283203125,0.06284660025254311,-0.016637437008545267,0.07327806200854527,0.18789783706208743
two_concepts,TinyCNN,template_init,random_unitnorm,id_acc,10,-0.005859375,0.0237429460010553,-0.022844055390363147,0.011125305390363147,0.45519024115915063
two_concepts,TinyCNN,template_init,random_unitnorm,alignment,10,0.4239401295426262,0.05003760067850935,0.3881453863381677,0.45973487274708474,6.802354623390042e-10
two_concepts,TinyCNN,template_init,random_unitnorm,semantic_auc,10,-0.0014068603515625,0.01356805216121118,-0.011112860165894939,0.008299139462769937,0.7504910324344414
two_concepts,TinyCNN,template_init,random_unitnorm,localization_iou,10,0.09716441790322883,0.03755150821384703,0.07030168717217548,0.12402714863428217,1.8478517649189845e-05
two_concepts,TinyCNN,template_init,random_unitnorm,fidelity_selected,10,0.004336745678871734,0.05527682423753972,-0.03520591228055595,0.04387940363829942,0.8096276507785513
two_concepts,TinyCNN,template_init,random_unitnorm,fidelity_random,10,0.019546518003774115,0.0436342892813781,-0.011667572171552704,0.050760608179100934,0.19027442226137806
two_concepts,TinyCNN,template_init,random_unitnorm,causal_usefulness,10,-0.015209772324902376,0.08013858458706469,-0.07253746224538983,0.042117917595585086,0.5631916789189266
two_concepts,TinyCNN,template_init,random_unitnorm,cf_accuracy,10,-0.0017578125,0.11103057061557244,-0.08118429796567579,0.0776686729656758,0.9611644694106214
two_concepts,TinyCNN,template_init,random_unitnorm,cf_accuracy_random,10,0.010205078125,0.035656383291640434,-0.015301961905242242,0.03571211815524224,0.3890172664305023
two_concepts,TinyCNN,template_init,random_unitnorm,refit_test_acc,10,-0.00234375,0.009950506861741041,-0.009461913801630816,0.004774413801630817,0.4753647439173334
two_concepts,TinyCNN,template_init,random_unitnorm,nuisance_acc,10,-0.006640625,0.020343359304577473,-0.021193387569531645,0.007912137569531647,0.32889375214230865
two_concepts,TinyCNN,template_init,random_unitnorm,nuisance_prediction_stability,10,-0.00234375,0.01861569375068908,-0.015660615084319412,0.010973115084319413,0.6998088233018644
two_concepts,TinyCNN,template_init,random_unitnorm,nuisance_probability_l2,10,-0.0015633472241461277,0.0021663673216257926,-0.0031130730485786013,-1.3621399713654005e-05,0.04840069732051536
two_concepts,TinyCNN,template_init,random_unitnorm,drift_l2,10,-0.019480037689208984,0.09584604364929596,-0.08804416692539271,0.04908409154697474,0.5364395493603873
two_concepts,TinyCNN,template_init,random_unitnorm,selected_kernel_alignment,10,0.36976590150448174,0.041615311155393124,0.33999610127461766,0.3995357017343458,4.4531459013480636e-10
two_concepts,TinyCNN,template_init,random_unitnorm,best_semantic_kernel_alignment,10,0.3828912924156338,0.08600006610608957,0.32137055121118885,0.44441203362007875,1.9532912747052998e-07
two_concepts,TinyCNN,template_init,random_unitnorm,input_effect_mean_square,10,-0.30889108777046204,0.09742561767676688,-0.3785851761957169,-0.23919699934520716,3.5014122579527134e-06
two_concepts,TinyCNN,template_init,random_unitnorm,counterfactual_agreement,10,0.0021484375,0.09863420911414957,-0.06841022515650494,0.07270710015650494,0.9465909848625341
two_concepts,TinyCNN,template_init,spectrum_init,id_acc,10,0.001953125,0.019509536541369398,-0.01200315669750047,0.015909406697500468,0.7587822131951925
two_concepts,TinyCNN,template_init,spectrum_init,alignment,10,0.3263316328831392,0.07214644942375097,0.2747211720453205,0.37794209372095794,1.7035886380868266e-07
two_concepts,TinyCNN,template_init,spectrum_init,semantic_auc,10,-0.00234527587890625,0.013226558880862743,-0.01180698611679282,0.007116434358980322,0.5886724648888886
two_concepts,TinyCNN,template_init,spectrum_init,localization_iou,10,0.08975585654048579,0.05333520585981415,0.051602148696357965,0.12790956438461362,0.00047991925274974484
two_concepts,TinyCNN,template_init,spectrum_init,fidelity_selected,10,-0.03186400883716321,0.04952901321270985,-0.06729493048566293,0.0035669128113365103,0.07241528878704766
two_concepts,TinyCNN,template_init,spectrum_init,fidelity_random,10,0.0012882923048881973,0.032353627831418444,-0.021856098798093544,0.02443268340786994,0.9025640546391964
two_concepts,TinyCNN,template_init,spectrum_init,causal_usefulness,10,-0.033152301142051414,0.0538563077382672,-0.07167878281365413,0.005374180529551298,0.08342068267229748
two_concepts,TinyCNN,template_init,spectrum_init,cf_accuracy,10,-0.0552734375,0.09805928118444775,-0.12542082149154718,0.01487394649154717,0.10834881015486549
two_concepts,TinyCNN,template_init,spectrum_init,cf_accuracy_random,10,-0.0099365234375,0.04149816934666416,-0.039622525465509845,0.01974947859050984,0.46829459087340286
two_concepts,TinyCNN,template_init,spectrum_init,refit_test_acc,10,0.001953125,0.006444983682689886,-0.0026573385863943736,0.006563588586394374,0.3629382386791291
two_concepts,TinyCNN,template_init,spectrum_init,nuisance_acc,10,0.0046875,0.015273831561057478,-0.006238740888105133,0.015613740888105132,0.3571572530055249
two_concepts,TinyCNN,template_init,spectrum_init,nuisance_prediction_stability,10,-0.00234375,0.02076812712226759,-0.017200373161357866,0.012512873161357867,0.7294109683040957
two_concepts,TinyCNN,template_init,spectrum_init,nuisance_probability_l2,10,-0.000392524478957057,0.0022145950632864913,-0.001976750351446733,0.0011917013935326191,0.5888198344524291
two_concepts,TinyCNN,template_init,spectrum_init,drift_l2,10,0.012294149398803711,0.07119004570442562,-0.03863214143348271,0.06322044023109014,0.5982655112621903
two_concepts,TinyCNN,template_init,spectrum_init,selected_kernel_alignment,10,0.2895473786848207,0.08381900474817872,0.22958687478514161,0.34950788258449983,1.7069729442104225e-06
two_concepts,TinyCNN,template_init,spectrum_init,best_semantic_kernel_alignment,10,0.2469100628790338,0.1346136547278185,0.1506132553291589,0.34320687042890874,0.00025938050701727796
two_concepts,TinyCNN,template_init,spectrum_init,input_effect_mean_square,10,-0.0452525794506073,0.09371073447542791,-0.11228920052284426,0.021784041621629655,0.16109413714897672
two_concepts,TinyCNN,template_init,spectrum_init,counterfactual_agreement,10,-0.0568359375,0.08839050554062106,-0.1200666960622839,0.006394821062283895,0.0725377966009792
two_concepts,TinyCNN,template_retention_1,spectrum_retention_1,id_acc,10,0.0375,0.06843559738603393,-0.011455877205536952,0.08645587720553695,0.11716834045631393
two_concepts,TinyCNN,template_retention_1,spectrum_retention_1,alignment,10,0.5374464619303019,0.09363871678542737,0.47046135920996013,0.6044315646506436,2.1333229256052855e-08
two_concepts,TinyCNN,template_retention_1,spectrum_retention_1,semantic_auc,10,-0.025799560546875,0.0493426157818516,-0.06109714150595179,0.009498020412201786,0.1326292127014166
two_concepts,TinyCNN,template_retention_1,spectrum_retention_1,localization_iou,10,0.17641210135818192,0.03971438993340886,0.1480021382522041,0.20482206446415974,1.9924069426328556e-07
two_concepts,TinyCNN,template_retention_1,spectrum_retention_1,fidelity_selected,10,-0.01656873704183154,0.035707297082310255,-0.04211219860383948,0.008974724520176402,0.17633735016765245
two_concepts,TinyCNN,template_retention_1,spectrum_retention_1,fidelity_random,10,0.003229419832493796,0.059736280146309745,-0.039503340708223034,0.04596218037321062,0.8680394958272464
two_concepts,TinyCNN,template_retention_1,spectrum_retention_1,causal_usefulness,10,-0.019798156874325335,0.06233762820438669,-0.06439180971326687,0.024795495964616197,0.3414584750062129
two_concepts,TinyCNN,template_retention_1,spectrum_retention_1,cf_accuracy,10,-0.0267578125,0.10481184475058962,-0.10173568947171202,0.04822006447171202,0.4403014185066154
two_concepts,TinyCNN,template_retention_1,spectrum_retention_1,cf_accuracy_random,10,-0.026123046875,0.053657767440577375,-0.06450750137353331,0.012261407623533317,0.15805710212013727
two_concepts,TinyCNN,template_retention_1,spectrum_retention_1,refit_test_acc,10,-0.00078125,0.016856825346544018,-0.012839896424689554,0.011277396424689553,0.8867100176131577
two_concepts,TinyCNN,template_retention_1,spectrum_retention_1,nuisance_acc,10,0.037109375,0.0776733908955429,-0.01845482158865845,0.09267357158865845,0.1651200608996361
two_concepts,TinyCNN,template_retention_1,spectrum_retention_1,nuisance_prediction_stability,10,0.006640625,0.03003553758125762,-0.014845504233824955,0.028126754233824956,0.5021222026589451
two_concepts,TinyCNN,template_retention_1,spectrum_retention_1,nuisance_probability_l2,10,-0.0011211411794647575,0.0008695600809773066,-0.0017431869885636538,-0.0004990953703658612,0.0027696537972933637
two_concepts,TinyCNN,template_retention_1,spectrum_retention_1,drift_l2,10,-0.017168980836868287,0.021965683132007963,-0.032882283960101774,-0.001455677713634803,0.035469861102502526
two_concepts,TinyCNN,template_retention_1,spectrum_retention_1,selected_kernel_alignment,10,0.5300629701103209,0.08308092373344485,0.47063045756171057,0.5894954826589313,8.405729879550313e-09
two_concepts,TinyCNN,template_retention_1,spectrum_retention_1,best_semantic_kernel_alignment,10,0.5076048233923627,0.13901744397904547,0.40815773478910533,0.60705191199562,1.0681992920289075e-06
two_concepts,TinyCNN,template_retention_1,spectrum_retention_1,input_effect_mean_square,10,-0.018604771047830582,0.0524500180416701,-0.05612525367315231,0.018915711577491143,0.2910223713236586
two_concepts,TinyCNN,template_retention_1,spectrum_retention_1,counterfactual_agreement,10,-0.071875,0.09180287731558384,-0.1375468222773032,-0.006203177722696782,0.03523141710702051
two_concepts,TinyCNN,frozen_templates,frozen_random_unitnorm,id_acc,10,0.073046875,0.11337923803216123,-0.008059745922002357,0.15415349592200234,0.072071866726752
two_concepts,TinyCNN,frozen_templates,frozen_random_unitnorm,alignment,10,0.847312275504199,0.014613669292654537,0.8368582862538688,0.8577662647545291,2.1718870940416685e-17
two_concepts,TinyCNN,frozen_templates,frozen_random_unitnorm,semantic_auc,10,0.02765045166015625,0.04597915010333321,-0.005241050897737652,0.06054195421805015,0.08964451559206549
two_concepts,TinyCNN,frozen_templates,frozen_random_unitnorm,localization_iou,10,0.20758131064637872,0.025040435627761738,0.18966846209110289,0.22549415920165455,8.257236363766275e-10
two_concepts,TinyCNN,frozen_templates,frozen_random_unitnorm,fidelity_selected,10,0.31159278558806636,0.14517531493174504,0.20774062147261038,0.4154449497035223,8.019785188339338e-05
two_concepts,TinyCNN,frozen_templates,frozen_random_unitnorm,fidelity_random,10,-0.09022733913292609,0.13615001630176754,-0.18762319354482054,0.007168515278968363,0.06557866152462083
two_concepts,TinyCNN,frozen_templates,frozen_random_unitnorm,causal_usefulness,10,0.4018201247209925,0.21882013571719902,0.24528562946638838,0.5583546199755967,0.0002572416420981445
two_concepts,TinyCNN,frozen_templates,frozen_random_unitnorm,cf_accuracy,10,0.15703125,0.13966080522642368,0.0571239284853854,0.25693857151461463,0.006161701005144042
two_concepts,TinyCNN,frozen_templates,frozen_random_unitnorm,cf_accuracy_random,10,0.0015380859375,0.03443316730522019,-0.02309391808934118,0.026170089964341177,0.8907797567508366
two_concepts,TinyCNN,frozen_templates,frozen_random_unitnorm,refit_test_acc,10,0.1046875,0.05188111786213748,0.06757398404692494,0.14180101595307507,0.00012811170370888468
two_concepts,TinyCNN,frozen_templates,frozen_random_unitnorm,nuisance_acc,10,0.062109375,0.14063042524257066,-0.03849157088934988,0.1627103208893499,0.19601052254771023
two_concepts,TinyCNN,frozen_templates,frozen_random_unitnorm,nuisance_prediction_stability,10,0.193359375,0.0621531717961595,0.14889767432653758,0.23782107567346242,4.0989999567447295e-06
two_concepts,TinyCNN,frozen_templates,frozen_random_unitnorm,nuisance_probability_l2,10,7.394033600576222e-05,0.0002964430432069344,-0.00013812224218451812,0.0002860029141960426,0.4505337956081483
two_concepts,TinyCNN,frozen_templates,frozen_random_unitnorm,drift_l2,10,0.0,0.0,0.0,0.0,1.0
two_concepts,TinyCNN,frozen_templates,frozen_random_unitnorm,selected_kernel_alignment,10,0.8454394155474191,0.02298294862354146,0.8289984045295935,0.8618804265652447,1.3019636244447396e-15
two_concepts,TinyCNN,frozen_templates,frozen_random_unitnorm,best_semantic_kernel_alignment,10,0.8482713107528614,0.02735291446118517,0.8287042144941443,0.8678384070115785,6.04544766419034e-15
two_concepts,TinyCNN,frozen_templates,frozen_random_unitnorm,input_effect_mean_square,10,0.01632547719636932,0.005104239343246906,0.01267412433236026,0.019976830060378384,3.255058036554196e-06
two_concepts,TinyCNN,frozen_templates,frozen_random_unitnorm,counterfactual_agreement,10,0.0890625,0.11038257384436614,0.010099563499664788,0.16802543650033522,0.031118431391907213
two_concepts,TinyCNN,frozen_templates,frozen_spectrum,id_acc,10,0.051171875,0.12263731165719295,-0.03655757282581732,0.13890132282581732,0.2195814251079322
two_concepts,TinyCNN,frozen_templates,frozen_spectrum,alignment,10,0.583854291151132,0.09222029273201202,0.5178838678730209,0.649824714429243,8.997289431390296e-09
two_concepts,TinyCNN,frozen_templates,frozen_spectrum,semantic_auc,10,0.0436187744140625,0.05254924138657771,0.006027311683725847,0.08121023714439915,0.027589958691651085
two_concepts,TinyCNN,frozen_templates,frozen_spectrum,localization_iou,10,0.22494237006906953,0.06324053879240003,0.17970281390550266,0.27018192623263637,1.3336388518942625e-06
two_concepts,TinyCNN,frozen_templates,frozen_spectrum,fidelity_selected,10,0.3262231395639256,0.30584966175061673,0.10743147183642415,0.5450148072914272,0.008218725505495251
two_concepts,TinyCNN,frozen_templates,frozen_spectrum,fidelity_random,10,0.020559697553673352,0.17142375536424048,-0.10206946969659181,0.1431888648039385,0.7132826892821733
two_concepts,TinyCNN,frozen_templates,frozen_spectrum,causal_usefulness,10,0.30566344201025225,0.19302201455999357,0.16758381088697896,0.44374307313352557,0.0007312644395346778
two_concepts,TinyCNN,frozen_templates,frozen_spectrum,cf_accuracy,10,0.1015625,0.07910089270121085,0.04497713013634616,0.15814786986365384,0.0028409123188025912
two_concepts,TinyCNN,frozen_templates,frozen_spectrum,cf_accuracy_random,10,0.011181640625,0.022787272120885004,-0.005119391855310653,0.02748267310531065,0.15514445276966365
two_concepts,TinyCNN,frozen_templates,frozen_spectrum,refit_test_acc,10,0.010546875,0.05782334967636464,-0.030817457518366082,0.05191120751836609,0.5782180230650515
two_concepts,TinyCNN,frozen_templates,frozen_spectrum,nuisance_acc,10,0.063671875,0.13887864816846648,-0.035675925061637415,0.16301967506163742,0.18104684406355814
two_concepts,TinyCNN,frozen_templates,frozen_spectrum,nuisance_prediction_stability,10,0.087109375,0.08226961894784074,0.028257234932632956,0.14596151506736704,0.008546501165605111
two_concepts,TinyCNN,frozen_templates,frozen_spectrum,nuisance_probability_l2,10,0.00018783731502480805,0.00040374436889875913,-0.00010098400752082319,0.0004766586375704393,0.17531315539622122
two_concepts,TinyCNN,frozen_templates,frozen_spectrum,drift_l2,10,0.0,0.0,0.0,0.0,1.0
two_concepts,TinyCNN,frozen_templates,frozen_spectrum,selected_kernel_alignment,10,0.5702230145706711,0.1015101355817732,0.49760703805443696,0.6428389910869053,2.576791145499893e-08
two_concepts,TinyCNN,frozen_templates,frozen_spectrum,best_semantic_kernel_alignment,10,0.5477599373112678,0.1067684184163329,0.4713824118556914,0.6241374627668442,5.698944485379467e-08
two_concepts,TinyCNN,frozen_templates,frozen_spectrum,input_effect_mean_square,10,0.013852822099579498,0.0076930039012990835,0.008349578630989958,0.01935606556816904,0.00029643166687157076
two_concepts,TinyCNN,frozen_templates,frozen_spectrum,counterfactual_agreement,10,0.035546875,0.09681407694540947,-0.03370974353978518,0.10480349353978519,0.27547711433471767
two_concepts,TwoLayerCNN,template_retention_1,template_init,id_acc,10,-0.00390625,0.005823093691405702,-0.008071840286364203,0.00025934028636420345,0.06290250798993899
two_concepts,TwoLayerCNN,template_retention_1,template_init,alignment,10,0.19849757905185056,0.01300229122814037,0.18919630022812872,0.2077988578755724,3.5188853268386196e-12
two_concepts,TwoLayerCNN,template_retention_1,template_init,semantic_auc,10,-0.0197265625,0.03330907389013641,-0.04355443853938498,0.00410131353938498,0.09388014825160187
two_concepts,TwoLayerCNN,template_retention_1,template_init,localization_iou,10,0.05910354032073317,0.006705996985262953,0.05430635906578833,0.06390072157567801,4.78686799122089e-10
two_concepts,TwoLayerCNN,template_retention_1,template_init,fidelity_selected,10,0.08684654986179238,0.07538127719563162,0.03292203263767595,0.1407710670859088,0.005373638171558744
two_concepts,TwoLayerCNN,template_retention_1,template_init,fidelity_random,10,0.09427078052188775,0.019043509119095522,0.08064787475929085,0.10789368628448466,7.782197733211653e-08
two_concepts,TwoLayerCNN,template_retention_1,template_init,causal_usefulness,10,-0.0074242306600953685,0.06746405790808928,-0.05568511039064431,0.04083664907045357,0.7358411903187605
two_concepts,TwoLayerCNN,template_retention_1,template_init,cf_accuracy,10,0.0212890625,0.04565143904918316,-0.011368009692138945,0.05394613469213895,0.17439532383818532
two_concepts,TwoLayerCNN,template_retention_1,template_init,cf_accuracy_random,10,0.028369140625,0.009938252866364756,0.02125974280358756,0.03547853844641244,8.332460733494053e-06
two_concepts,TwoLayerCNN,template_retention_1,template_init,refit_test_acc,10,-0.003515625,0.0046766367177260345,-0.006861089372823962,-0.0001701606271760389,0.041416150486262744
two_concepts,TwoLayerCNN,template_retention_1,template_init,nuisance_acc,10,-0.00625,0.006162583107395434,-0.010658446384602407,-0.001841553615397594,0.010708019955674799
two_concepts,TwoLayerCNN,template_retention_1,template_init,nuisance_prediction_stability,10,-0.006640625,0.006392155056579988,-0.011213297263872782,-0.002067952736127218,0.009450495703509186
two_concepts,TwoLayerCNN,template_retention_1,template_init,nuisance_probability_l2,10,0.0031656886567361653,0.0011608101293098707,0.0023352951141931313,0.003996082199279199,1.2089050136518091e-05
two_concepts,TwoLayerCNN,template_retention_1,template_init,drift_l2,10,-1.102173537015915,0.040761373500116126,-1.131332467046793,-1.0730146069850368,2.073359691872059e-14
two_concepts,TwoLayerCNN,template_retention_1,template_init,selected_kernel_alignment,10,0.1993259074298738,0.020216330907487094,0.1848640155014574,0.2137877993582902,1.7609390803915647e-10
two_concepts,TwoLayerCNN,template_retention_1,template_init,best_semantic_kernel_alignment,10,0.1885537151742563,0.034021135644739804,0.1642164608412256,0.21289096950728698,2.899849804333379e-08
two_concepts,TwoLayerCNN,template_retention_1,template_init,input_effect_mean_square,10,-0.320224928855896,0.047406768347786836,-0.35413768798407474,-0.2863121697277172,5.0772654070004295e-09
two_concepts,TwoLayerCNN,template_retention_1,template_init,counterfactual_agreement,10,0.0251953125,0.047907554755235296,-0.009075687643172101,0.059466312643172106,0.1306559343766956
two_concepts,TwoLayerCNN,template_retention_0.1,template_init,id_acc,10,-0.00078125,0.001647019614671031,-0.001959456855653177,0.0003969568556531765,0.16785065605707492
two_concepts,TwoLayerCNN,template_retention_0.1,template_init,alignment,10,0.11089452866984476,0.009187570326186516,0.10432213678775369,0.11746692055193582,2.8876433197394446e-11
two_concepts,TwoLayerCNN,template_retention_0.1,template_init,semantic_auc,10,-0.01106414794921875,0.02909085940455154,-0.03187449512540054,0.009746199226963037,0.2597729082479024
two_concepts,TwoLayerCNN,template_retention_0.1,template_init,localization_iou,10,0.024077707707725514,0.013178279471758347,0.014650534478558809,0.03350488093689222,0.00026682928331346454
two_concepts,TwoLayerCNN,template_retention_0.1,template_init,fidelity_selected,10,0.02176486981869604,0.0672110266261584,-0.026315002236892558,0.06984474187428463,0.33255343714660923
two_concepts,TwoLayerCNN,template_retention_0.1,template_init,fidelity_random,10,0.042628308814267636,0.013007156905353347,0.0333235492947492,0.051933068333786074,2.6557347117047755e-06
two_concepts,TwoLayerCNN,template_retention_0.1,template_init,causal_usefulness,10,-0.02086343899557159,0.06294122758344783,-0.06588888081877478,0.02416200282763161,0.32187173616025133
two_concepts,TwoLayerCNN,template_retention_0.1,template_init,cf_accuracy,10,0.0060546875,0.056804644580719287,-0.03458090729303066,0.04669028229303067,0.7437984312690953
two_concepts,TwoLayerCNN,template_retention_0.1,template_init,cf_accuracy_random,10,0.00869140625,0.007843971441823538,0.0030801671087162174,0.014302645391283782,0.0066822031611329545
two_concepts,TwoLayerCNN,template_retention_0.1,template_init,refit_test_acc,10,-0.003125,0.003589596029190162,-0.005692842309189505,-0.0005571576908104956,0.022367189680572087
two_concepts,TwoLayerCNN,template_retention_0.1,template_init,nuisance_acc,10,-0.0015625,0.00273127304210977,-0.0035163350328130056,0.0003913350328130054,0.1038881310621017
two_concepts,TwoLayerCNN,template_retention_0.1,template_init,nuisance_prediction_stability,10,-0.001953125,0.0037961926398732424,-0.004668757621395431,0.0007625076213954311,0.1381847553511833
two_concepts,TwoLayerCNN,template_retention_0.1,template_init,nuisance_probability_l2,10,0.0012639440246857703,0.0011195029461636148,0.00046309986087333574,0.0020647881884982046,0.006021578917068338
two_concepts,TwoLayerCNN,template_retention_0.1,template_init,drift_l2,10,-0.5876445710659027,0.03593112930118712,-0.6133481525514669,-0.5619409895803386,1.897177362237594e-12
two_concepts,TwoLayerCNN,template_retention_0.1,template_init,selected_kernel_alignment,10,0.11037935525136015,0.015131179949041021,0.09955516117906137,0.12120354932365894,2.570011219753997e-09
two_concepts,TwoLayerCNN,template_retention_0.1,template_init,best_semantic_kernel_alignment,10,0.09928278169823251,0.021873741643758854,0.08363524955356488,0.11493031384290014,1.6531905780467897e-07
two_concepts,TwoLayerCNN,template_retention_0.1,template_init,input_effect_mean_square,10,-0.10967147350311279,0.016492922385346373,-0.1214697994314,-0.09787314757482558,5.833136443972472e-09
two_concepts,TwoLayerCNN,template_retention_0.1,template_init,counterfactual_agreement,10,0.007421875,0.05847644507753742,-0.03440965382386425,0.049253403823864256,0.6975188678776407
two_concepts,TwoLayerCNN,template_init,random_unitnorm,id_acc,10,-0.00390625,0.005823093691405702,-0.008071840286364203,0.00025934028636420345,0.06290250798993899
two_concepts,TwoLayerCNN,template_init,random_unitnorm,alignment,10,0.5698201598444538,0.028980277596682914,0.5490889181282075,0.5905514015607001,3.6309660779490656e-13
two_concepts,TwoLayerCNN,template_init,random_unitnorm,semantic_auc,10,0.01455535888671875,0.07960901421176719,-0.042393499208592804,0.0715042169820303,0.577323208831606
two_concepts,TwoLayerCNN,template_init,random_unitnorm,localization_iou,10,0.10480758801390769,0.029036278077282443,0.08403628596712585,0.1255788900606895,1.177807559479962e-06
two_concepts,TwoLayerCNN,template_init,random_unitnorm,fidelity_selected,10,-0.057811789921693245,0.17982647620388512,-0.18645190155369035,0.07082832171030384,0.3358789497971215
two_concepts,TwoLayerCNN,template_init,random_unitnorm,fidelity_random,10,0.004923752309510523,0.039100459625256725,-0.02304703151073513,0.03289453612975618,0.6997551767991417
two_concepts,TwoLayerCNN,template_init,random_unitnorm,causal_usefulness,10,-0.06273554223120377,0.1833674489734227,-0.19390871318780623,0.06843762872539867,0.3074272117485281
two_concepts,TwoLayerCNN,template_init,random_unitnorm,cf_accuracy,10,-0.0787109375,0.13860323883377573,-0.1778617215920927,0.02043984659209272,0.10609082033326729
two_concepts,TwoLayerCNN,template_init,random_unitnorm,cf_accuracy_random,10,0.0011474609375,0.02277135439244877,-0.015142184685846143,0.017437106560846145,0.8769127012033835
two_concepts,TwoLayerCNN,template_init,random_unitnorm,refit_test_acc,10,-0.002734375,0.00583763327381768,-0.006910366277052799,0.0014416162770527997,0.17268508962953896
two_concepts,TwoLayerCNN,template_init,random_unitnorm,nuisance_acc,10,-0.001953125,0.008079214613275296,-0.007732646968568398,0.0038263969685683984,0.46415789574706223
two_concepts,TwoLayerCNN,template_init,random_unitnorm,nuisance_prediction_stability,10,0.0015625,0.007411588266019639,-0.0037394308504392943,0.006864430850439295,0.5217069270814159
two_concepts,TwoLayerCNN,template_init,random_unitnorm,nuisance_probability_l2,10,0.0008458444266580045,0.007230672869330507,-0.004326667345360099,0.0060183561986761076,0.7199946060138207
two_concepts,TwoLayerCNN,template_init,random_unitnorm,drift_l2,10,0.10514278411865234,0.05547904802301067,0.0654554639777329,0.14483010425957177,0.00020422443108777456
two_concepts,TwoLayerCNN,template_init,random_unitnorm,selected_kernel_alignment,10,0.5571979922341469,0.05223260562164615,0.5198330370849369,0.5945629473833569,8.714922835333533e-11
two_concepts,TwoLayerCNN,template_init,random_unitnorm,best_semantic_kernel_alignment,10,0.5735008551381955,0.07362817504029402,0.5208304316478028,0.6261712786285881,1.4364687404232798e-09
two_concepts,TwoLayerCNN,template_init,random_unitnorm,input_effect_mean_square,10,-0.04606354236602783,0.048832396255068376,-0.08099613426305013,-0.011130950469005522,0.015375225301281938
two_concepts,TwoLayerCNN,template_init,random_unitnorm,counterfactual_agreement,10,-0.0775390625,0.1387591115959228,-0.17680135124895013,0.02172322624895011,0.11101453633194948
two_concepts,TwoLayerCNN,template_init,spectrum_init,id_acc,10,-0.00390625,0.010578175006036406,-0.011473420543321393,0.003660920543321392,0.27291221509403707
two_concepts,TwoLayerCNN,template_init,spectrum_init,alignment,10,0.4438303874324606,0.0880059134239983,0.38087474949679145,0.5067860253681298,6.618002854011142e-08
two_concepts,TwoLayerCNN,template_init,spectrum_init,semantic_auc,10,0.00984649658203125,0.0527541105257486,-0.02789152070183518,0.04758451386589768,0.5695539270052323
two_concepts,TwoLayerCNN,template_init,spectrum_init,localization_iou,10,0.12722528561186836,0.05345249944475245,0.08898767099172679,0.16546290023200994,3.590810437625116e-05
two_concepts,TwoLayerCNN,template_init,spectrum_init,fidelity_selected,10,0.06084317842735696,0.10458092173127573,-0.013969506167737185,0.1356558630224511,0.09895051274199612
two_concepts,TwoLayerCNN,template_init,spectrum_init,fidelity_random,10,-0.011976311410408941,0.04596739804297849,-0.0448594070507685,0.02090678422995062,0.4312890245289396
two_concepts,TwoLayerCNN,template_init,spectrum_init,causal_usefulness,10,0.0728194898377659,0.10373177714278338,-0.0013857533117676152,0.1470247329872994,0.05357171614671142
two_concepts,TwoLayerCNN,template_init,spectrum_init,cf_accuracy,10,0.0353515625,0.04945731768145058,-2.807125508489522e-05,0.0707311962550849,0.05014689349109879
two_concepts,TwoLayerCNN,template_init,spectrum_init,cf_accuracy_random,10,-0.001806640625,0.021867575217965004,-0.017449761574390744,0.013836480324390743,0.7997731154339076
two_concepts,TwoLayerCNN,template_init,spectrum_init,refit_test_acc,10,-0.000390625,0.009470362784358428,-0.007165314420005764,0.006384064420005764,0.8990913443207521
two_concepts,TwoLayerCNN,template_init,spectrum_init,nuisance_acc,10,-0.003125,0.008398185154477657,-0.009132699748024345,0.0028826997480243446,0.26949945378301216
two_concepts,TwoLayerCNN,template_init,spectrum_init,nuisance_prediction_stability,10,0.00078125,0.007319515272164165,-0.004454815798429758,0.006017315798429758,0.7434589072893496
two_concepts,TwoLayerCNN,template_init,spectrum_init,nuisance_probability_l2,10,0.0004757574875839055,0.006482971983272738,-0.004161881291979171,0.005113396267146983,0.821677584276647
two_concepts,TwoLayerCNN,template_init,spectrum_init,drift_l2,10,-0.012743914127349853,0.02667624963419212,-0.03182695352903811,0.006339125274338405,0.1651491085842546
two_concepts,TwoLayerCNN,template_init,spectrum_init,selected_kernel_alignment,10,0.48000401489415356,0.11283130047948503,0.39928936488450845,0.5607186649037986,2.89253471456803e-07
two_concepts,TwoLayerCNN,template_init,spectrum_init,best_semantic_kernel_alignment,10,0.4709866135726516,0.16335214364745726,0.3541315295064437,0.5878416976388594,7.676381251949874e-06
two_concepts,TwoLayerCNN,template_init,spectrum_init,input_effect_mean_square,10,-0.021188604831695556,0.05504629351942243,-0.060566351049875594,0.01818914138648448,0.25446795062923605
two_concepts,TwoLayerCNN,template_init,spectrum_init,counterfactual_agreement,10,0.0369140625,0.05338104974517363,-0.0012724400841170672,0.07510056508411705,0.05654642190757745
two_concepts,TwoLayerCNN,template_retention_1,spectrum_retention_1,id_acc,10,0.0078125,0.01120094435812842,-0.00020017290017829842,0.0158251729001783,0.05483350919895218
two_concepts,TwoLayerCNN,template_retention_1,spectrum_retention_1,alignment,10,0.579259391051037,0.09074754688369324,0.5143425066862863,0.6441762754157876,8.369597802184054e-09
two_concepts,TwoLayerCNN,template_retention_1,spectrum_retention_1,semantic_auc,10,0.04208984375,0.04925407440524997,0.0068556014761409,0.0773240860238591,0.0243015947675902
two_concepts,TwoLayerCNN,template_retention_1,spectrum_retention_1,localization_iou,10,0.19386338878006432,0.0642728021412627,0.1478853959010899,0.23984138165903873,5.295970198797728e-06
two_concepts,TwoLayerCNN,template_retention_1,spectrum_retention_1,fidelity_selected,10,0.04959659611682726,0.17656007278332458,-0.07670687127052792,0.17590006350418244,0.39749867780208936
two_concepts,TwoLayerCNN,template_retention_1,spectrum_retention_1,fidelity_random,10,-0.017167076206133385,0.044097546276849434,-0.04871256047241803,0.014378408060151261,0.24949759021744294
two_concepts,TwoLayerCNN,template_retention_1,spectrum_retention_1,causal_usefulness,10,0.06676367232296064,0.18374714572085526,-0.064681117324099,0.1982084619700203,0.28017527804208536
two_concepts,TwoLayerCNN,template_retention_1,spectrum_retention_1,cf_accuracy,10,0.0048828125,0.13040106179312796,-0.08840048760192634,0.09816611260192634,0.9083433933388814
two_concepts,TwoLayerCNN,template_retention_1,spectrum_retention_1,cf_accuracy_random,10,-0.013330078125,0.03304842144429263,-0.03697149463718788,0.01031133838718788,0.23406784815424214
two_concepts,TwoLayerCNN,template_retention_1,spectrum_retention_1,refit_test_acc,10,0.002734375,0.011798053427160723,-0.005705443996338824,0.011174193996338823,0.48226766754352546
two_concepts,TwoLayerCNN,template_retention_1,spectrum_retention_1,nuisance_acc,10,0.003515625,0.012414256704742737,-0.005364999266449767,0.012396249266449767,0.39382281469156144
two_concepts,TwoLayerCNN,template_retention_1,spectrum_retention_1,nuisance_prediction_stability,10,0.00546875,0.015318167885263273,-0.005489207183811885,0.016426707183811885,0.28810442181651846
two_concepts,TwoLayerCNN,template_retention_1,spectrum_retention_1,nuisance_probability_l2,10,-0.0013502478133887053,0.0047103125555930355,-0.004719802429395769,0.002019306802618359,0.38830078398240286
two_concepts,TwoLayerCNN,template_retention_1,spectrum_retention_1,drift_l2,10,-0.020883776247501373,0.01783027668431355,-0.03363878780930795,-0.008128764685694796,0.0048914756768567115
two_concepts,TwoLayerCNN,template_retention_1,spectrum_retention_1,selected_kernel_alignment,10,0.6043002825027253,0.10281770817842027,0.5307489248993985,0.677851640106052,1.7318190351397545e-08
two_concepts,TwoLayerCNN,template_retention_1,spectrum_retention_1,best_semantic_kernel_alignment,10,0.59311405797755,0.1041331372609461,0.5186216990957006,0.6676064168593995,2.2819211382622714e-08
two_concepts,TwoLayerCNN,template_retention_1,spectrum_retention_1,input_effect_mean_square,10,-0.0028014540672302245,0.09994033853018629,-0.07429446542161157,0.06869155728715111,0.9313070644225214
two_concepts,TwoLayerCNN,template_retention_1,spectrum_retention_1,counterfactual_agreement,10,0.0015625,0.13643261227852513,-0.09603551139547252,0.09916051139547251,0.9719005930577
two_concepts,TwoLayerCNN,frozen_templates,frozen_random_unitnorm,id_acc,10,-0.022265625,0.029808893802682167,-0.043589623041621714,-0.0009416269583782874,0.042458531467585034
two_concepts,TwoLayerCNN,frozen_templates,frozen_random_unitnorm,alignment,10,0.8464078231324657,0.02005601675498546,0.832060613040169,0.8607550332247623,3.7840633267853755e-16
two_concepts,TwoLayerCNN,frozen_templates,frozen_random_unitnorm,semantic_auc,10,0.01079864501953125,0.027292213474275833,-0.00872502836899999,0.03032231840806249,0.24240251721938144
two_concepts,TwoLayerCNN,frozen_templates,frozen_random_unitnorm,localization_iou,10,0.22770708865877096,0.029196226998810585,0.20682136604636858,0.24859281127117333,1.4201198181146714e-09
two_concepts,TwoLayerCNN,frozen_templates,frozen_random_unitnorm,fidelity_selected,10,0.07507491328672328,0.10263353365306613,0.0016553062020157328,0.14849452037143082,0.045998019613974775
two_concepts,TwoLayerCNN,frozen_templates,frozen_random_unitnorm,fidelity_random,10,0.03699304417867007,0.035834067460288874,0.01135889655130037,0.06262719180603976,0.009767352843068582
two_concepts,TwoLayerCNN,frozen_templates,frozen_random_unitnorm,causal_usefulness,10,0.03808186910805321,0.10960104331492149,-0.04032199413080305,0.11648573234690947,0.30039450410662427
two_concepts,TwoLayerCNN,frozen_templates,frozen_random_unitnorm,cf_accuracy,10,0.023046875,0.07838390260165651,-0.03302559104441238,0.07911934104441239,0.3767444847018704
two_concepts,TwoLayerCNN,frozen_templates,frozen_random_unitnorm,cf_accuracy_random,10,0.0437744140625,0.03942533884762248,0.015571225646922884,0.07197760247807712,0.006607045937016909
two_concepts,TwoLayerCNN,frozen_templates,frozen_random_unitnorm,refit_test_acc,10,-0.010546875,0.013662571239140288,-0.020320489689476674,-0.0007732603105233254,0.03729528803130201
two_concepts,TwoLayerCNN,frozen_templates,frozen_random_unitnorm,nuisance_acc,10,-0.021875,0.023596106854321446,-0.03875463799267764,-0.004995362007322351,0.016712911447449057
two_concepts,TwoLayerCNN,frozen_templates,frozen_random_unitnorm,nuisance_prediction_stability,10,-0.016015625,0.014551909969738031,-0.026425434292172673,-0.005605815707827323,0.006934648316530475
two_concepts,TwoLayerCNN,frozen_templates,frozen_random_unitnorm,nuisance_probability_l2,10,0.005035693012177944,0.005252783958631548,0.0012780777317060962,0.008793308292649793,0.014210178038536568
two_concepts,TwoLayerCNN,frozen_templates,frozen_random_unitnorm,drift_l2,10,0.0,0.0,0.0,0.0,1.0
two_concepts,TwoLayerCNN,frozen_templates,frozen_random_unitnorm,selected_kernel_alignment,10,0.8347065693057051,0.027577181125941784,0.8149790423395713,0.8544340962718389,7.52091537157525e-15
two_concepts,TwoLayerCNN,frozen_templates,frozen_random_unitnorm,best_semantic_kernel_alignment,10,0.8365672168621483,0.052655827849018955,0.7988995067698195,0.8742349269544771,2.4606933766545806e-12
two_concepts,TwoLayerCNN,frozen_templates,frozen_random_unitnorm,input_effect_mean_square,10,-0.18633148670196534,0.15080160547509144,-0.294208456612701,-0.07845451679122964,0.0035792521577122146
two_concepts,TwoLayerCNN,frozen_templates,frozen_random_unitnorm,counterfactual_agreement,10,0.0341796875,0.07188189929522636,-0.017241525576398554,0.08560090057639855,0.16692314346001538
two_concepts,TwoLayerCNN,frozen_templates,frozen_spectrum,id_acc,10,0.001171875,0.029922430278427604,-0.020233342143627788,0.022577092143627787,0.9041584804857488
two_concepts,TwoLayerCNN,frozen_templates,frozen_spectrum,alignment,10,0.583854291151132,0.09222029273201202,0.5178838678730209,0.649824714429243,8.997289431390296e-09
two_concepts,TwoLayerCNN,frozen_templates,frozen_spectrum,semantic_auc,10,0.0436187744140625,0.05254924138657771,0.006027311683725847,0.08121023714439915,0.027589958691651085
two_concepts,TwoLayerCNN,frozen_templates,frozen_spectrum,localization_iou,10,0.22494237006906953,0.06324053879240003,0.17970281390550266,0.27018192623263637,1.3336388518942625e-06
two_concepts,TwoLayerCNN,frozen_templates,frozen_spectrum,fidelity_selected,10,0.024436133489730828,0.16268722089317786,-0.09194329349225448,0.14081556047171614,0.6461130534041044
two_concepts,TwoLayerCNN,frozen_templates,frozen_spectrum,fidelity_random,10,-0.021121986005773735,0.057490655456121476,-0.06224832341610646,0.02000435140455899,0.27519364771448956
two_concepts,TwoLayerCNN,frozen_templates,frozen_spectrum,causal_usefulness,10,0.04555811949550456,0.19461849329668962,-0.09366356371732779,0.1847798027083369,0.47801062020283
two_concepts,TwoLayerCNN,frozen_templates,frozen_spectrum,cf_accuracy,10,-0.0392578125,0.1460002126009945,-0.14370007285988726,0.06518444785988725,0.4172043081397919
two_concepts,TwoLayerCNN,frozen_templates,frozen_spectrum,cf_accuracy_random,10,-0.0139892578125,0.0377644591524398,-0.04100432446811238,0.013025808843112378,0.2715090283902732
two_concepts,TwoLayerCNN,frozen_templates,frozen_spectrum,refit_test_acc,10,-0.003125,0.016032024970438943,-0.01459361977958101,0.008343619779581007,0.552901097329527
two_concepts,TwoLayerCNN,frozen_templates,frozen_spectrum,nuisance_acc,10,0.00390625,0.029231698334171417,-0.017004847277117374,0.024817347277117374,0.6825206385152223
two_concepts,TwoLayerCNN,frozen_templates,frozen_spectrum,nuisance_prediction_stability,10,0.001953125,0.01532370090617164,-0.009008790268529665,0.012915040268529665,0.6963132495330151
two_concepts,TwoLayerCNN,frozen_templates,frozen_spectrum,nuisance_probability_l2,10,-0.0012066111899912356,0.005141348302640272,-0.004884510204376384,0.002471287824393912,0.4769187289066381
two_concepts,TwoLayerCNN,frozen_templates,frozen_spectrum,drift_l2,10,0.0,0.0,0.0,0.0,1.0
two_concepts,TwoLayerCNN,frozen_templates,frozen_spectrum,selected_kernel_alignment,10,0.5702230145706711,0.1015101355817732,0.49760703805443696,0.6428389910869053,2.576791145499893e-08
two_concepts,TwoLayerCNN,frozen_templates,frozen_spectrum,best_semantic_kernel_alignment,10,0.5477599373112678,0.1067684184163329,0.4713824118556914,0.6241374627668442,5.698944485379467e-08
two_concepts,TwoLayerCNN,frozen_templates,frozen_spectrum,input_effect_mean_square,10,0.05555472373962402,0.16784131127845886,-0.06451171739356015,0.1756211648728082,0.32253366847342474
two_concepts,TwoLayerCNN,frozen_templates,frozen_spectrum,counterfactual_agreement,10,-0.0412109375,0.1489347995049536,-0.14775247486785736,0.06533059986785734,0.40431111611233006
