task,architecture,condition,metric,n,mean,sd,lo,hi
single_shape,TinyCNN,frozen_random_unitnorm,id_acc,10,0.743359375,0.12680513543213384,0.6526484456538364,0.8340703043461637
single_shape,TinyCNN,frozen_random_unitnorm,alignment,10,0.152958054032789,0.01624341265311404,0.1413382166145655,0.1645778914510125
single_shape,TinyCNN,frozen_random_unitnorm,semantic_auc,10,0.86243896484375,0.019160330661153597,0.8487324899842736,0.8761454397032264
single_shape,TinyCNN,frozen_random_unitnorm,localization_iou,10,0.23866851463964242,0.08087930403471406,0.18081094594687913,0.2965260833324057
single_shape,TinyCNN,frozen_random_unitnorm,fidelity_selected,10,0.5469389549379149,0.09001180455866002,0.4825483889264047,0.611329520949425
single_shape,TinyCNN,frozen_random_unitnorm,fidelity_random,10,0.2876170445980334,0.050402672568002745,0.2515611446962436,0.3236729444998232
single_shape,TinyCNN,frozen_random_unitnorm,causal_usefulness,10,0.2593219103398815,0.06664764075641272,0.21164506025695173,0.30699876042281127
single_shape,TinyCNN,frozen_random_unitnorm,cf_accuracy,10,0.4472656279802322,0.06416054848918593,0.40136793652649333,0.4931633194339711
single_shape,TinyCNN,frozen_random_unitnorm,cf_accuracy_random,10,0.1996419264934957,0.023781245738276256,0.182629848121614,0.21665400486537742
single_shape,TinyCNN,frozen_random_unitnorm,refit_test_acc,10,0.962109375,0.024363228327363554,0.9446809713638498,0.9795377786361503
single_shape,TinyCNN,frozen_random_unitnorm,nuisance_acc,10,0.748046875,0.12699485158288515,0.6572002308952188,0.8388935191047812
single_shape,TinyCNN,frozen_random_unitnorm,nuisance_prediction_stability,10,0.8484375,0.05045635920305565,0.8123431949930657,0.8845318050069342
single_shape,TinyCNN,frozen_random_unitnorm,nuisance_probability_l2,10,0.0006617723265662789,0.00022082645724119215,0.0005038025953538533,0.0008197420577787046
single_shape,TinyCNN,frozen_random_unitnorm,drift_l2,10,0.0,0.0,0.0,0.0
single_shape,TinyCNN,frozen_random_unitnorm,selected_kernel_alignment,10,0.1545470248360479,0.024388823487497224,0.13710031152533614,0.17199373814675967
single_shape,TinyCNN,frozen_random_unitnorm,best_semantic_kernel_alignment,10,0.16284833841220123,0.05116642710371168,0.1262460814288121,0.19945059539559035
single_shape,TinyCNN,frozen_random_unitnorm,input_effect_mean_square,10,0.014497444902857145,0.005756890854106834,0.010379213273350708,0.01861567653236358
single_shape,TinyCNN,frozen_random_unitnorm,counterfactual_agreement,10,0.465625,0.037713989425969985,0.43864603721176115,0.49260396278823887
single_shape,TinyCNN,frozen_spectrum,id_acc,10,0.829296875,0.06904848596188386,0.7799025637191275,0.8786911862808726
single_shape,TinyCNN,frozen_spectrum,alignment,10,0.416145708848868,0.09222029273201203,0.35017528557075683,0.4821161321269791
single_shape,TinyCNN,frozen_spectrum,semantic_auc,10,0.849530029296875,0.022750255445652668,0.8332554769508286,0.8658045816429215
single_shape,TinyCNN,frozen_spectrum,localization_iou,10,0.2489981019301914,0.13871567719043149,0.14976688428316698,0.3482293195772158
single_shape,TinyCNN,frozen_spectrum,fidelity_selected,10,0.6014938885340249,0.11260063096443641,0.5209442495549708,0.682043527513079
single_shape,TinyCNN,frozen_spectrum,fidelity_random,10,0.3054725296439402,0.0770649452069422,0.2503435888805411,0.36060147040733936
single_shape,TinyCNN,frozen_spectrum,causal_usefulness,10,0.2960213588900847,0.07618923403824815,0.24151886415886198,0.3505238536213074
single_shape,TinyCNN,frozen_spectrum,cf_accuracy,10,0.5225260466337204,0.09159127323158855,0.4570055967992385,0.5880464964682022
single_shape,TinyCNN,frozen_spectrum,cf_accuracy_random,10,0.19939778600819408,0.029344403173833137,0.1784060645456864,0.22038950747070177
single_shape,TinyCNN,frozen_spectrum,refit_test_acc,10,0.99375,0.007179192058380324,0.988614315381621,0.998885684618379
single_shape,TinyCNN,frozen_spectrum,nuisance_acc,10,0.831640625,0.07311287774937558,0.779338822985303,0.883942427014697
single_shape,TinyCNN,frozen_spectrum,nuisance_prediction_stability,10,0.90234375,0.03268203228648733,0.8789644325021274,0.9257230674978726
single_shape,TinyCNN,frozen_spectrum,nuisance_probability_l2,10,0.000467425215174444,0.00013472124927706711,0.0003710514391207174,0.0005637989912281706
single_shape,TinyCNN,frozen_spectrum,drift_l2,10,0.0,0.0,0.0,0.0
single_shape,TinyCNN,frozen_spectrum,selected_kernel_alignment,10,0.4096547674056968,0.10993575881748179,0.33101146312054264,0.48829807169085093
single_shape,TinyCNN,frozen_spectrum,best_semantic_kernel_alignment,10,0.38305594477293503,0.11577835237891153,0.30023310083472915,0.4658787887111409
single_shape,TinyCNN,frozen_spectrum,input_effect_mean_square,10,0.03233407152195771,0.016115065764771744,0.020806047936671977,0.04386209510724345
single_shape,TinyCNN,frozen_spectrum,counterfactual_agreement,10,0.5195312529802323,0.07101362984558032,0.46873116245089674,0.5703313435095678
single_shape,TinyCNN,frozen_templates,id_acc,10,0.833984375,0.07839039124580345,0.7779072672591866,0.8900614827408134
single_shape,TinyCNN,frozen_templates,alignment,10,1.0,0.0,1.0,1.0
single_shape,TinyCNN,frozen_templates,semantic_auc,10,0.8877726236979168,0.012122217233103014,0.8791009118843257,0.8964443355115078
single_shape,TinyCNN,frozen_templates,localization_iou,10,0.5612529740618772,0.04382252130767546,0.5299042308066104,0.5926017173171441
single_shape,TinyCNN,frozen_templates,fidelity_selected,10,0.5487371358990213,0.05513222513238214,0.5092979179080678,0.5881763538899748
single_shape,TinyCNN,frozen_templates,fidelity_random,10,0.2968838760880622,0.04947653824620568,0.26149049276924274,0.3322772594068817
single_shape,TinyCNN,frozen_templates,causal_usefulness,10,0.25185325981095896,0.07744015784770868,0.19645590809377342,0.3072506115281445
single_shape,TinyCNN,frozen_templates,cf_accuracy,10,0.579036471247673,0.05671018007889903,0.5384684522883902,0.6196044902069557
single_shape,TinyCNN,frozen_templates,cf_accuracy_random,10,0.19703776012174784,0.038355570502021895,0.16959983788000382,0.22447568236349186
single_shape,TinyCNN,frozen_templates,refit_test_acc,10,0.99765625,0.006162583107395434,0.9932478036153977,1.0020646963846025
single_shape,TinyCNN,frozen_templates,nuisance_acc,10,0.8328125,0.07535902205350804,0.7789039031454954,0.8867210968545045
single_shape,TinyCNN,frozen_templates,nuisance_prediction_stability,10,0.952734375,0.025008814635280208,0.9348441467400701,0.9706246032599299
single_shape,TinyCNN,frozen_templates,nuisance_probability_l2,10,0.000483796393382363,0.00010498365883334939,0.00040869560802000277,0.0005588971787447233
single_shape,TinyCNN,frozen_templates,drift_l2,10,0.0,0.0,0.0,0.0
single_shape,TinyCNN,frozen_templates,selected_kernel_alignment,10,1.0,0.0,1.0,1.0
single_shape,TinyCNN,frozen_templates,best_semantic_kernel_alignment,10,1.0,0.0,1.0,1.0
single_shape,TinyCNN,frozen_templates,input_effect_mean_square,10,0.031051024297873174,0.008345716594656251,0.025080858296464333,0.03702119029928201
single_shape,TinyCNN,frozen_templates,counterfactual_agreement,10,0.6036458313465118,0.041793970789157406,0.5737482257138131,0.6335434369792106
single_shape,TinyCNN,random,id_acc,10,1.0,0.0,1.0,1.0
single_shape,TinyCNN,random,alignment,10,0.30770386521752413,0.03190512036826813,0.2848803170256943,0.330527413409354
single_shape,TinyCNN,random,semantic_auc,10,0.97578125,0.015824496078436136,0.9644610874465054,0.9871014125534947
single_shape,TinyCNN,random,localization_iou,10,0.2764749478987665,0.07177511180408483,0.22513012599162918,0.32781976980590377
single_shape,TinyCNN,random,fidelity_selected,10,0.5068726816315369,0.0672691355996797,0.4587512409204399,0.5549941223426338
single_shape,TinyCNN,random,fidelity_random,10,0.23909630008007038,0.021931164765268345,0.22340768990886753,0.25478491025127326
single_shape,TinyCNN,random,causal_usefulness,10,0.26777638155146655,0.06838743466585792,0.2188549578804187,0.3166978052225144
single_shape,TinyCNN,random,cf_accuracy,10,0.31549479216337206,0.06171456875903678,0.27134684920150287,0.35964273512524125
single_shape,TinyCNN,random,cf_accuracy_random,10,0.059342447861854455,0.017392482070037702,0.04690061570077461,0.0717842800229343
single_shape,TinyCNN,random,refit_test_acc,10,1.0,0.0,1.0,1.0
single_shape,TinyCNN,random,nuisance_acc,10,1.0,0.0,1.0,1.0
single_shape,TinyCNN,random,nuisance_prediction_stability,10,1.0,0.0,1.0,1.0
single_shape,TinyCNN,random,nuisance_probability_l2,10,0.0007698169705690816,0.0003677266671351645,0.0005067611597178662,0.001032872781420297
single_shape,TinyCNN,random,drift_l2,10,1.643314576148987,0.04491300507186355,1.61118574780214,1.6754434044958337
single_shape,TinyCNN,random,selected_kernel_alignment,10,0.30323323685868264,0.04446259584729913,0.27142661186114875,0.33503986185621654
single_shape,TinyCNN,random,best_semantic_kernel_alignment,10,0.3005692801922695,0.060664690208840744,0.257172375101732,0.3439661852828069
single_shape,TinyCNN,random,input_effect_mean_square,10,1.8038082122802734,0.03979430674385319,1.7753410801320397,1.8322753444285071
single_shape,TinyCNN,random,counterfactual_agreement,10,0.31549479216337206,0.06171456875903678,0.27134684920150287,0.35964273512524125
single_shape,TinyCNN,random_unitnorm,id_acc,10,1.0,0.0,1.0,1.0
single_shape,TinyCNN,random_unitnorm,alignment,10,0.2930161852927805,0.035467871273153484,0.2676439986368247,0.3183883719487363
single_shape,TinyCNN,random_unitnorm,semantic_auc,10,0.974456787109375,0.01687482567881586,0.9623852640226846,0.9865283101960654
single_shape,TinyCNN,random_unitnorm,localization_iou,10,0.2774313463638186,0.061466475568118496,0.23346087857940148,0.32140181414823576
single_shape,TinyCNN,random_unitnorm,fidelity_selected,10,0.5292347742219735,0.057891484421828475,0.4878217010429021,0.5706478474010449
single_shape,TinyCNN,random_unitnorm,fidelity_random,10,0.24289310343177214,0.020980853657871862,0.2278843048740828,0.2579019019894615
single_shape,TinyCNN,random_unitnorm,causal_usefulness,10,0.28634167079020134,0.06119758587050086,0.2425635551079241,0.3301197864724786
single_shape,TinyCNN,random_unitnorm,cf_accuracy,10,0.33450520783662796,0.05865464538651893,0.2925462021910845,0.3764642134821714
single_shape,TinyCNN,random_unitnorm,cf_accuracy_random,10,0.06375325484987115,0.02073860549987968,0.048917750184964456,0.07858875951477785
single_shape,TinyCNN,random_unitnorm,refit_test_acc,10,1.0,0.0,1.0,1.0
single_shape,TinyCNN,random_unitnorm,nuisance_acc,10,1.0,0.0,1.0,1.0
single_shape,TinyCNN,random_unitnorm,nuisance_prediction_stability,10,1.0,0.0,1.0,1.0
single_shape,TinyCNN,random_unitnorm,nuisance_probability_l2,10,0.0008369518953259103,0.0003988712792232251,0.0005516165711331728,0.0011222872195186476
single_shape,TinyCNN,random_unitnorm,drift_l2,10,1.668596577644348,0.042697095056549624,1.6380529158300048,1.6991402394586914
single_shape,TinyCNN,random_unitnorm,selected_kernel_alignment,10,0.29404999948212013,0.045162933161625535,0.2617423833502615,0.32635761561397875
single_shape,TinyCNN,random_unitnorm,best_semantic_kernel_alignment,10,0.30052143998946856,0.059918453935242554,0.25765836017074856,0.34338451980818857
single_shape,TinyCNN,random_unitnorm,input_effect_mean_square,10,1.7816451867421468,0.04345121942407594,1.7505620568535194,1.8127283166307742
single_shape,TinyCNN,random_unitnorm,counterfactual_agreement,10,0.33450520783662796,0.05865464538651893,0.2925462021910845,0.3764642134821714
single_shape,TinyCNN,spectrum_init,id_acc,10,1.0,0.0,1.0,1.0
single_shape,TinyCNN,spectrum_init,alignment,10,0.35327067879044954,0.07512096863133254,0.29953237509549235,0.40700898248540673
single_shape,TinyCNN,spectrum_init,semantic_auc,10,0.969873046875,0.011470214868000228,0.9616677494560059,0.9780783442939941
single_shape,TinyCNN,spectrum_init,localization_iou,10,0.28692538902050563,0.07907450181831868,0.23035889805718382,0.34349187998382746
single_shape,TinyCNN,spectrum_init,fidelity_selected,10,0.5543153723423622,0.03199214499440795,0.5314295704832321,0.5772011742014922
single_shape,TinyCNN,spectrum_init,fidelity_random,10,0.2670439306731512,0.02465389287343655,0.24940759814664162,0.2846802631996607
single_shape,TinyCNN,spectrum_init,causal_usefulness,10,0.28727144166921104,0.04891718289754168,0.25227819706195986,0.3222646862764622
single_shape,TinyCNN,spectrum_init,cf_accuracy,10,0.3670572951436043,0.06448037201518007,0.32093081572184795,0.41318377456536065
single_shape,TinyCNN,spectrum_init,cf_accuracy_random,10,0.06961263019620674,0.021904976015592607,0.053942754327943626,0.08528250606446985
single_shape,TinyCNN,spectrum_init,refit_test_acc,10,1.0,0.0,1.0,1.0
single_shape,TinyCNN,spectrum_init,nuisance_acc,10,1.0,0.0,1.0,1.0
single_shape,TinyCNN,spectrum_init,nuisance_prediction_stability,10,1.0,0.0,1.0,1.0
single_shape,TinyCNN,spectrum_init,nuisance_probability_l2,10,0.0008033078134758398,0.0003507281062042135,0.0005524120405784438,0.0010542035863732359
single_shape,TinyCNN,spectrum_init,drift_l2,10,1.7129980802536011,0.06056420111795283,1.6696730607282069,1.7563230997789954
single_shape,TinyCNN,spectrum_init,selected_kernel_alignment,10,0.33682781473681345,0.0894511049197447,0.2728383490841865,0.40081728038944037
single_shape,TinyCNN,spectrum_init,best_semantic_kernel_alignment,10,0.33272758154475446,0.10976343759507103,0.2542075484361002,0.4112476146534087
single_shape,TinyCNN,spectrum_init,input_effect_mean_square,10,1.6939476490020753,0.0689535515542034,1.644621249705353,1.7432740482987976
single_shape,TinyCNN,spectrum_init,counterfactual_agreement,10,0.3670572951436043,0.06448037201518007,0.32093081572184795,0.41318377456536065
single_shape,TinyCNN,spectrum_retention_1,id_acc,10,0.998046875,0.0027621358640099515,0.9960709620344024,1.0000227879655976
single_shape,TinyCNN,spectrum_retention_1,alignment,10,0.41349674962008864,0.08875022523131587,0.35000866309284623,0.47698483614733106
single_shape,TinyCNN,spectrum_retention_1,semantic_auc,10,0.9462117513020832,0.013711739337162677,0.9364029638741319,0.9560205387300346
single_shape,TinyCNN,spectrum_retention_1,localization_iou,10,0.2731008112668158,0.12442076898415656,0.18409555492561955,0.362106067608012
single_shape,TinyCNN,spectrum_retention_1,fidelity_selected,10,0.6487080955928615,0.04537741839242999,0.6162470459699143,0.6811691452158086
single_shape,TinyCNN,spectrum_retention_1,fidelity_random,10,0.3537256457407299,0.013977093861448334,0.3437270351212956,0.3637242563601642
single_shape,TinyCNN,spectrum_retention_1,causal_usefulness,10,0.2949824498521316,0.052958334521840844,0.25709833952229205,0.3328665601819712
single_shape,TinyCNN,spectrum_retention_1,cf_accuracy,10,0.4670572906732559,0.07038493664759393,0.41670694016484777,0.517407641181664
single_shape,TinyCNN,spectrum_retention_1,cf_accuracy_random,10,0.0994954423062154,0.02488502742623557,0.08169376608114855,0.11729711853128226
single_shape,TinyCNN,spectrum_retention_1,refit_test_acc,10,1.0,0.0,1.0,1.0
single_shape,TinyCNN,spectrum_retention_1,nuisance_acc,10,0.997265625,0.0037057941330098194,0.9946146595747803,0.9999165904252197
single_shape,TinyCNN,spectrum_retention_1,nuisance_prediction_stability,10,0.9984375,0.0037737960276534996,0.9957378889498267,1.0011371110501732
single_shape,TinyCNN,spectrum_retention_1,nuisance_probability_l2,10,0.0019487091107293964,0.00036309282923043673,0.0016889681478245585,0.0022084500736342344
single_shape,TinyCNN,spectrum_retention_1,drift_l2,10,0.43887275755405425,0.01395940439535675,0.4288868012163518,0.4488587138917567
single_shape,TinyCNN,spectrum_retention_1,selected_kernel_alignment,10,0.4084524642832575,0.09025587233317804,0.34388730270371665,0.47301762586279833
single_shape,TinyCNN,spectrum_retention_1,best_semantic_kernel_alignment,10,0.3576293701360951,0.10153469410188472,0.28499582551289826,0.4302629147592919
single_shape,TinyCNN,spectrum_retention_1,input_effect_mean_square,10,0.7548813740412395,0.0973482518272362,0.685242629810734,0.8245201182717449
single_shape,TinyCNN,spectrum_retention_1,counterfactual_agreement,10,0.4671875,0.07044579951247078,0.416793610820884,0.517581389179116
single_shape,TinyCNN,template_init,id_acc,10,1.0,0.0,1.0,1.0
single_shape,TinyCNN,template_init,alignment,10,0.652849044956844,0.02692567404206224,0.6335875780824638,0.6721105118312243
single_shape,TinyCNN,template_init,semantic_auc,10,0.9707763671875,0.012655135554659618,0.9617234285722557,0.9798293058027444
single_shape,TinyCNN,template_init,localization_iou,10,0.4271310725099884,0.04828799223689047,0.39258792378701746,0.4616742212329593
single_shape,TinyCNN,template_init,fidelity_selected,10,0.5138721839278712,0.05488418661580492,0.47461040200270227,0.55313396585304
single_shape,TinyCNN,template_init,fidelity_random,10,0.2600135071830568,0.021622668440047264,0.2445455819885729,0.27548143237754075
single_shape,TinyCNN,template_init,causal_usefulness,10,0.25385867674481427,0.06054003840423914,0.21055094218354248,0.29716641130608606
single_shape,TinyCNN,template_init,cf_accuracy,10,0.341015625,0.05603986077505769,0.30092712358393736,0.3811041264160626
single_shape,TinyCNN,template_init,cf_accuracy_random,10,0.06554361989692552,0.012238710677727603,0.05678857369321984,0.0742986661006312
single_shape,TinyCNN,template_init,refit_test_acc,10,0.999609375,0.0012352647110032732,0.9987257198582601,1.0004930301417398
single_shape,TinyCNN,template_init,nuisance_acc,10,1.0,0.0,1.0,1.0
single_shape,TinyCNN,template_init,nuisance_prediction_stability,10,1.0,0.0,1.0,1.0
single_shape,TinyCNN,template_init,nuisance_probability_l2,10,0.000901399037684314,0.00039500765586620917,0.0006188275831421556,0.0011839704922264724
single_shape,TinyCNN,template_init,drift_l2,10,1.7192326545715333,0.03610290192136234,1.6934061943558671,1.7450591147871994
single_shape,TinyCNN,template_init,selected_kernel_alignment,10,0.6451091984698094,0.03937708370442896,0.6169405297041652,0.6732778672354536
single_shape,TinyCNN,template_init,best_semantic_kernel_alignment,10,0.6427112361479942,0.04309668614752221,0.6118817240871521,0.6735407482088362
single_shape,TinyCNN,template_init,input_effect_mean_square,10,1.7254308859507241,0.06872756713372907,1.6762661461698338,1.7745956257316144
single_shape,TinyCNN,template_init,counterfactual_agreement,10,0.341015625,0.05603986077505769,0.30092712358393736,0.3811041264160626
single_shape,TinyCNN,template_retention_0.1,id_acc,10,1.0,0.0,1.0,1.0
single_shape,TinyCNN,template_retention_0.1,alignment,10,0.7607866382814541,0.012027971587558143,0.7521823457412629,0.7693909308216453
single_shape,TinyCNN,template_retention_0.1,semantic_auc,10,0.9650309244791666,0.013062160041130816,0.9556868180866187,0.9743750308717145
single_shape,TinyCNN,template_retention_0.1,localization_iou,10,0.49948399686223377,0.046867440897082044,0.46595704935050575,0.5330109443739618
single_shape,TinyCNN,template_retention_0.1,fidelity_selected,10,0.5604529493989534,0.04686453195429246,0.5269280828195391,0.5939778159783677
single_shape,TinyCNN,template_retention_0.1,fidelity_random,10,0.29480118351863455,0.02014763475172798,0.2803884338596553,0.3092139331776138
single_shape,TinyCNN,template_retention_0.1,causal_usefulness,10,0.26565176588031875,0.053094528440408593,0.22767022829027814,0.30363330347035933
single_shape,TinyCNN,template_retention_0.1,cf_accuracy,10,0.3861979156732559,0.058967748726857595,0.34401492939091316,0.42838090195559864
single_shape,TinyCNN,template_retention_0.1,cf_accuracy_random,10,0.0770345052864286,0.017092520969994498,0.06480725236979253,0.08926175820306469
single_shape,TinyCNN,template_retention_0.1,refit_test_acc,10,1.0,0.0,1.0,1.0
single_shape,TinyCNN,template_retention_0.1,nuisance_acc,10,1.0,0.0,1.0,1.0
single_shape,TinyCNN,template_retention_0.1,nuisance_prediction_stability,10,1.0,0.0,1.0,1.0
single_shape,TinyCNN,template_retention_0.1,nuisance_probability_l2,10,0.0011746957432478666,0.0004697861787992588,0.0008386309559059437,0.0015107605305897894
single_shape,TinyCNN,template_retention_0.1,drift_l2,10,1.0454422593116761,0.02842208616570793,1.0251103236904413,1.065774194932911
single_shape,TinyCNN,template_retention_0.1,selected_kernel_alignment,10,0.7389238811541512,0.0232921672678388,0.7222616684436671,0.7555860938646353
single_shape,TinyCNN,template_retention_0.1,best_semantic_kernel_alignment,10,0.7374154356937432,0.026791967412025372,0.7182496167805363,0.7565812546069501
single_shape,TinyCNN,template_retention_0.1,input_effect_mean_square,10,1.5432379722595215,0.07955973415720873,1.4863243669915658,1.6001515775274773
single_shape,TinyCNN,template_retention_0.1,counterfactual_agreement,10,0.3861979156732559,0.058967748726857595,0.34401492939091316,0.42838090195559864
single_shape,TinyCNN,template_retention_1,id_acc,10,0.99765625,0.00273127304210977,0.995702414967187,0.999610085032813
single_shape,TinyCNN,template_retention_1,alignment,10,0.9206219839025829,0.006624156103421811,0.9158833480876553,0.9253606197175105
single_shape,TinyCNN,template_retention_1,semantic_auc,10,0.9457275390625,0.010935764410515471,0.9379045644691762,0.9535505136558237
single_shape,TinyCNN,template_retention_1,localization_iou,10,0.5499798561279333,0.034489007682062436,0.5253079063018851,0.5746518059539816
single_shape,TinyCNN,template_retention_1,fidelity_selected,10,0.637409397280577,0.05252168931868478,0.5998376441122818,0.6749811504488722
single_shape,TinyCNN,template_retention_1,fidelity_random,10,0.3490473942077811,0.01753311439459417,0.3365049597421246,0.3615898286734376
single_shape,TinyCNN,template_retention_1,causal_usefulness,10,0.2883620030727959,0.05962043998511915,0.24571210959137757,0.33101189655421426
single_shape,TinyCNN,template_retention_1,cf_accuracy,10,0.46601562201976776,0.053455766847821884,0.42777567004027583,0.5042555739992597
single_shape,TinyCNN,template_retention_1,cf_accuracy_random,10,0.10104166647506645,0.02467701749348154,0.08338879159190936,0.11869454135822353
single_shape,TinyCNN,template_retention_1,refit_test_acc,10,1.0,0.0,1.0,1.0
single_shape,TinyCNN,template_retention_1,nuisance_acc,10,0.998046875,0.0037961926398732424,0.9953312423786046,1.0007625076213955
single_shape,TinyCNN,template_retention_1,nuisance_prediction_stability,10,0.998046875,0.0027621358640099515,0.9960709620344024,1.0000227879655976
single_shape,TinyCNN,template_retention_1,nuisance_probability_l2,10,0.0017353789764456451,0.00035122309278434754,0.0014841291114797786,0.0019866288414115115
single_shape,TinyCNN,template_retention_1,drift_l2,10,0.43825278878211976,0.0104947644508238,0.43074528655550204,0.4457602910087375
single_shape,TinyCNN,template_retention_1,selected_kernel_alignment,10,0.9043132102798397,0.015172933423647228,0.8934591475711323,0.915167272988547
single_shape,TinyCNN,template_retention_1,best_semantic_kernel_alignment,10,0.9042825193335219,0.018289359793880734,0.8911990994988638,0.91736593916818
single_shape,TinyCNN,template_retention_1,input_effect_mean_square,10,0.8315212329228718,0.09944636533961113,0.7603815887017416,0.9026608771440021
single_shape,TinyCNN,template_retention_1,counterfactual_agreement,10,0.46627603769302367,0.05334993967887577,0.4281117899096785,0.5044402854763688
single_shape,TwoLayerCNN,frozen_random_unitnorm,id_acc,10,0.99921875,0.0016470196146710309,0.9980405431443469,1.0003969568556532
single_shape,TwoLayerCNN,frozen_random_unitnorm,alignment,10,0.15053811719136762,0.02763324091682037,0.1307704874666806,0.17030574691605463
single_shape,TwoLayerCNN,frozen_random_unitnorm,semantic_auc,10,0.8606831868489582,0.028936407178223874,0.8399833281395251,0.8813830455583912
single_shape,TwoLayerCNN,frozen_random_unitnorm,localization_iou,10,0.24620422095953276,0.0434475585079811,0.21512370993251603,0.2772847319865495
single_shape,TwoLayerCNN,frozen_random_unitnorm,fidelity_selected,10,0.2326185093501863,0.029859368389399607,0.21125840396437937,0.25397861473599326
single_shape,TwoLayerCNN,frozen_random_unitnorm,fidelity_random,10,0.2258916097166915,0.01028488733259738,0.21853424453600598,0.23324897489737703
single_shape,TwoLayerCNN,frozen_random_unitnorm,causal_usefulness,10,0.00672689963349474,0.027227392746817226,-0.012750403799997798,0.02620420306698728
single_shape,TwoLayerCNN,frozen_random_unitnorm,cf_accuracy,10,0.012239583279006183,0.010365906351519249,0.004824260583618492,0.01965490597439387
single_shape,TwoLayerCNN,frozen_random_unitnorm,cf_accuracy_random,10,0.010335286517511122,0.006272438273541981,0.005848254481147286,0.014822318553874957
single_shape,TwoLayerCNN,frozen_random_unitnorm,refit_test_acc,10,1.0,0.0,1.0,1.0
single_shape,TwoLayerCNN,frozen_random_unitnorm,nuisance_acc,10,1.0,0.0,1.0,1.0
single_shape,TwoLayerCNN,frozen_random_unitnorm,nuisance_prediction_stability,10,0.99921875,0.0016470196146710309,0.9980405431443469,1.0003969568556532
single_shape,TwoLayerCNN,frozen_random_unitnorm,nuisance_probability_l2,10,0.0008684052911121399,0.00036636826161883575,0.0006063212250281629,0.0011304893571961168
single_shape,TwoLayerCNN,frozen_random_unitnorm,drift_l2,10,0.0,0.0,0.0,0.0
single_shape,TwoLayerCNN,frozen_random_unitnorm,selected_kernel_alignment,10,0.15117411906218267,0.027359425971469543,0.13160236474961517,0.17074587337475017
single_shape,TwoLayerCNN,frozen_random_unitnorm,best_semantic_kernel_alignment,10,0.15906014009588015,0.04753138154464798,0.12505823805674948,0.19306204213501083
single_shape,TwoLayerCNN,frozen_random_unitnorm,input_effect_mean_square,10,1.835763835906982,0.03266270238773454,1.8123983461856743,1.85912932562829
single_shape,TwoLayerCNN,frozen_random_unitnorm,counterfactual_agreement,10,0.012499999976716936,0.010528193529520877,0.004968584027792422,0.02003141592564145
single_shape,TwoLayerCNN,frozen_spectrum,id_acc,10,0.999609375,0.0012352647110032732,0.9987257198582601,1.0004930301417398
single_shape,TwoLayerCNN,frozen_spectrum,alignment,10,0.416145708848868,0.09222029273201203,0.35017528557075683,0.4821161321269791
single_shape,TwoLayerCNN,frozen_spectrum,semantic_auc,10,0.849530029296875,0.022750255445652668,0.8332554769508286,0.8658045816429215
single_shape,TwoLayerCNN,frozen_spectrum,localization_iou,10,0.2489981019301914,0.13871567719043149,0.14976688428316698,0.3482293195772158
single_shape,TwoLayerCNN,frozen_spectrum,fidelity_selected,10,0.2734447211929695,0.061781567524852296,0.22924885020128144,0.3176405921846575
single_shape,TwoLayerCNN,frozen_spectrum,fidelity_random,10,0.21202920543895645,0.020595727336708083,0.1972959096547895,0.2267625012231234
single_shape,TwoLayerCNN,frozen_spectrum,causal_usefulness,10,0.06141551575401303,0.05453337124800253,0.022404692024928445,0.10042633948309762
single_shape,TwoLayerCNN,frozen_spectrum,cf_accuracy,10,0.05325520746409893,0.058696378324096854,0.011266347873451946,0.09524406705474592
single_shape,TwoLayerCNN,frozen_spectrum,cf_accuracy_random,10,0.019661458424525335,0.010710850190677891,0.01199937777161738,0.02732353907743329
single_shape,TwoLayerCNN,frozen_spectrum,refit_test_acc,10,1.0,0.0,1.0,1.0
single_shape,TwoLayerCNN,frozen_spectrum,nuisance_acc,10,0.998828125,0.0018868980138267498,0.9974783194749133,1.0001779305250866
single_shape,TwoLayerCNN,frozen_spectrum,nuisance_prediction_stability,10,0.9984375,0.00273127304210977,0.996483664967187,1.000391335032813
single_shape,TwoLayerCNN,frozen_spectrum,nuisance_probability_l2,10,0.0009271457529393956,0.0006178348826650086,0.0004851733028644861,0.0013691182030143051
single_shape,TwoLayerCNN,frozen_spectrum,drift_l2,10,0.0,0.0,0.0,0.0
single_shape,TwoLayerCNN,frozen_spectrum,selected_kernel_alignment,10,0.4096547674056968,0.10993575881748179,0.33101146312054264,0.48829807169085093
single_shape,TwoLayerCNN,frozen_spectrum,best_semantic_kernel_alignment,10,0.38305594477293503,0.11577835237891153,0.30023310083472915,0.4658787887111409
single_shape,TwoLayerCNN,frozen_spectrum,input_effect_mean_square,10,1.8689088662465416,0.035442421678763596,1.8435548851336871,1.894262847359396
single_shape,TwoLayerCNN,frozen_spectrum,counterfactual_agreement,10,0.05338541679084301,0.05898308201441075,0.011191461735357636,0.09557937184632838
single_shape,TwoLayerCNN,frozen_templates,id_acc,10,0.999609375,0.0012352647110032732,0.9987257198582601,1.0004930301417398
single_shape,TwoLayerCNN,frozen_templates,alignment,10,1.0,0.0,1.0,1.0
single_shape,TwoLayerCNN,frozen_templates,semantic_auc,10,0.8877726236979168,0.012122217233103014,0.8791009118843257,0.8964443355115078
single_shape,TwoLayerCNN,frozen_templates,localization_iou,10,0.5612529740618772,0.04382252130767546,0.5299042308066104,0.5926017173171441
single_shape,TwoLayerCNN,frozen_templates,fidelity_selected,10,0.27807658496049203,0.05529833397573485,0.23851853986130045,0.3176346300596836
single_shape,TwoLayerCNN,frozen_templates,fidelity_random,10,0.22951642924121646,0.02847582986155936,0.20914604769600098,0.24988681078643193
single_shape,TwoLayerCNN,frozen_templates,causal_usefulness,10,0.048560155719275626,0.05005138495288942,0.012755551838945299,0.08436475959960596
single_shape,TwoLayerCNN,frozen_templates,cf_accuracy,10,0.09453124944120646,0.06874704008683845,0.04535257954882933,0.14370991933358357
single_shape,TwoLayerCNN,frozen_templates,cf_accuracy_random,10,0.021923828120634425,0.012467454948262846,0.013005148123296098,0.030842508117972754
single_shape,TwoLayerCNN,frozen_templates,refit_test_acc,10,1.0,0.0,1.0,1.0
single_shape,TwoLayerCNN,frozen_templates,nuisance_acc,10,0.99921875,0.0016470196146710309,0.9980405431443469,1.0003969568556532
single_shape,TwoLayerCNN,frozen_templates,nuisance_prediction_stability,10,0.999609375,0.0012352647110032732,0.9987257198582601,1.0004930301417398
single_shape,TwoLayerCNN,frozen_templates,nuisance_probability_l2,10,0.0009307098007411696,0.000523392299582933,0.0005562975046934003,0.001305122096788939
single_shape,TwoLayerCNN,frozen_templates,drift_l2,10,0.0,0.0,0.0,0.0
single_shape,TwoLayerCNN,frozen_templates,selected_kernel_alignment,10,1.0,0.0,1.0,1.0
single_shape,TwoLayerCNN,frozen_templates,best_semantic_kernel_alignment,10,1.0,0.0,1.0,1.0
single_shape,TwoLayerCNN,frozen_templates,input_effect_mean_square,10,1.8430473963419594,0.036818328171601675,1.8167091510174591,1.8693856416664596
single_shape,TwoLayerCNN,frozen_templates,counterfactual_agreement,10,0.09466145727783441,0.06886982758648807,0.04539495049961389,0.14392796405605493
single_shape,TwoLayerCNN,random,id_acc,10,1.0,0.0,1.0,1.0
single_shape,TwoLayerCNN,random,alignment,10,0.28161207008623984,0.033984154618421074,0.25730127038577677,0.3059228697867029
single_shape,TwoLayerCNN,random,semantic_auc,10,0.8513468424479166,0.02083669123255987,0.8364411714767582,0.8662525134190749
single_shape,TwoLayerCNN,random,localization_iou,10,0.30472619264447837,0.04753308162652125,0.2707230744400389,0.33872931084891783
single_shape,TwoLayerCNN,random,fidelity_selected,10,0.15466506672562402,0.038907077488674675,0.12683262015227711,0.18249751329897093
single_shape,TwoLayerCNN,random,fidelity_random,10,0.11588867498892241,0.017847605557447962,0.10312126709804614,0.12865608287979868
single_shape,TwoLayerCNN,random,causal_usefulness,10,0.03877639173670157,0.02933696665798,0.017789990037165908,0.05976279343623723
single_shape,TwoLayerCNN,random,cf_accuracy,10,0.0351562503608875,0.025648066873032383,0.01680872859801302,0.05350377212376198
single_shape,TwoLayerCNN,random,cf_accuracy_random,10,0.012776692739862483,0.008364981120894956,0.006792745726568192,0.018760639753156776
single_shape,TwoLayerCNN,random,refit_test_acc,10,1.0,0.0,1.0,1.0
single_shape,TwoLayerCNN,random,nuisance_acc,10,1.0,0.0,1.0,1.0
single_shape,TwoLayerCNN,random,nuisance_prediction_stability,10,1.0,0.0,1.0,1.0
single_shape,TwoLayerCNN,random,nuisance_probability_l2,10,9.563084904584684e-05,7.542096563644528e-05,4.167794042150644e-05,0.00014958375767018723
single_shape,TwoLayerCNN,random,drift_l2,10,1.1054356813430786,0.03099199210980251,1.0832653457569952,1.127606016929162
single_shape,TwoLayerCNN,random,selected_kernel_alignment,10,0.2941038125024456,0.03717275493268357,0.2675120255467383,0.3206955994581529
single_shape,TwoLayerCNN,random,best_semantic_kernel_alignment,10,0.32596930198421326,0.06598352487880477,0.27876753178070685,0.37317107218771967
single_shape,TwoLayerCNN,random,input_effect_mean_square,10,1.9809039115905762,0.011122057272978582,1.9729476711115532,1.9888601520695992
single_shape,TwoLayerCNN,random,counterfactual_agreement,10,0.0351562503608875,0.025648066873032383,0.01680872859801302,0.05350377212376198
single_shape,TwoLayerCNN,random_unitnorm,id_acc,10,1.0,0.0,1.0,1.0
single_shape,TwoLayerCNN,random_unitnorm,alignment,10,0.245393173093965,0.029755604239565282,0.22410729610933605,0.26667905007859394
single_shape,TwoLayerCNN,random_unitnorm,semantic_auc,10,0.8508443196614583,0.01898852890165387,0.8372607443771011,0.8644278949458156
single_shape,TwoLayerCNN,random_unitnorm,localization_iou,10,0.293801165760481,0.053107045294892005,0.2558106741521444,0.33179165736881755
single_shape,TwoLayerCNN,random_unitnorm,fidelity_selected,10,0.14338299097377818,0.05103925100951714,0.10687171028764775,0.17989427165990862
single_shape,TwoLayerCNN,random_unitnorm,fidelity_random,10,0.11458128447437863,0.01603175142534225,0.10311286037717163,0.12604970857158562
single_shape,TwoLayerCNN,random_unitnorm,causal_usefulness,10,0.028801706499399515,0.04446428898133422,-0.003006129693259165,0.06060954269205819
single_shape,TwoLayerCNN,random_unitnorm,cf_accuracy,10,0.02864583316259086,0.029360302346686,0.0076427381169833705,0.04964892820819835
single_shape,TwoLayerCNN,random_unitnorm,cf_accuracy_random,10,0.01196289057697868,0.006703433011715749,0.007167543478217604,0.016758237675739758
single_shape,TwoLayerCNN,random_unitnorm,refit_test_acc,10,1.0,0.0,1.0,1.0
single_shape,TwoLayerCNN,random_unitnorm,nuisance_acc,10,0.999609375,0.0012352647110032732,0.9987257198582601,1.0004930301417398
single_shape,TwoLayerCNN,random_unitnorm,nuisance_prediction_stability,10,0.999609375,0.0012352647110032732,0.9987257198582601,1.0004930301417398
single_shape,TwoLayerCNN,random_unitnorm,nuisance_probability_l2,10,0.00016797189837234328,0.0003372859060504376,-7.33079038133716e-05,0.0004092517005580582
single_shape,TwoLayerCNN,random_unitnorm,drift_l2,10,1.0684354543685912,0.03659550108096462,1.0422566099422195,1.094614298794963
single_shape,TwoLayerCNN,random_unitnorm,selected_kernel_alignment,10,0.24814880215378005,0.03937402103668391,0.21998232428865805,0.27631528001890204
single_shape,TwoLayerCNN,random_unitnorm,best_semantic_kernel_alignment,10,0.23430067493921575,0.07352338233304002,0.18170521563565445,0.28689613424277705
single_shape,TwoLayerCNN,random_unitnorm,input_effect_mean_square,10,1.9802130222320553,0.013007035091491728,1.970908349852924,1.9895176946111865
single_shape,TwoLayerCNN,random_unitnorm,counterfactual_agreement,10,0.02864583316259086,0.029360302346686,0.0076427381169833705,0.04964892820819835
single_shape,TwoLayerCNN,spectrum_init,id_acc,10,1.0,0.0,1.0,1.0
single_shape,TwoLayerCNN,spectrum_init,alignment,10,0.37147288959486263,0.08136875302459805,0.3132651901870568,0.4296805890026685
single_shape,TwoLayerCNN,spectrum_init,semantic_auc,10,0.8514668782552082,0.015504365611443801,0.8403757232420938,0.8625580332683226
single_shape,TwoLayerCNN,spectrum_init,localization_iou,10,0.26988037150282906,0.10453576998471245,0.1950999865214564,0.3446607564842017
single_shape,TwoLayerCNN,spectrum_init,fidelity_selected,10,0.1791145325584901,0.06644319962559707,0.13158393085035736,0.22664513426662286
single_shape,TwoLayerCNN,spectrum_init,fidelity_random,10,0.1180135675313222,0.01634294533672029,0.1063225287205094,0.129704606342135
single_shape,TwoLayerCNN,spectrum_init,causal_usefulness,10,0.06110096502716791,0.05855372750765328,0.019214151683208704,0.1029877783711271
single_shape,TwoLayerCNN,spectrum_init,cf_accuracy,10,0.05273437518626452,0.05942615522730713,0.010223464648075282,0.09524528572445376
single_shape,TwoLayerCNN,spectrum_init,cf_accuracy_random,10,0.013004557233944069,0.006137815960185753,0.008613828199139736,0.0173952862687484
single_shape,TwoLayerCNN,spectrum_init,refit_test_acc,10,1.0,0.0,1.0,1.0
single_shape,TwoLayerCNN,spectrum_init,nuisance_acc,10,1.0,0.0,1.0,1.0
single_shape,TwoLayerCNN,spectrum_init,nuisance_prediction_stability,10,1.0,0.0,1.0,1.0
single_shape,TwoLayerCNN,spectrum_init,nuisance_probability_l2,10,0.00012830835594286328,0.00017822089984617057,8.168044464489078e-07,0.00025579990743927766
single_shape,TwoLayerCNN,spectrum_init,drift_l2,10,1.0969904661178589,0.03765370077168207,1.0700546312348176,1.1239263010009002
single_shape,TwoLayerCNN,spectrum_init,selected_kernel_alignment,10,0.36684652708237614,0.07016550602301712,0.3166531477866444,0.4170399063781079
single_shape,TwoLayerCNN,spectrum_init,best_semantic_kernel_alignment,10,0.3588969288372403,0.0961448678268675,0.29011903366195446,0.4276748240125261
single_shape,TwoLayerCNN,spectrum_init,input_effect_mean_square,10,1.980334981282552,0.00943246452828277,1.9735874026417548,1.987082559923349
single_shape,TwoLayerCNN,spectrum_init,counterfactual_agreement,10,0.05273437518626452,0.05942615522730713,0.010223464648075282,0.09524528572445376
single_shape,TwoLayerCNN,spectrum_retention_1,id_acc,10,0.999609375,0.0012352647110032732,0.9987257198582601,1.0004930301417398
single_shape,TwoLayerCNN,spectrum_retention_1,alignment,10,0.41533709091907073,0.0936545427928362,0.34834066695503485,0.4823335148831066
single_shape,TwoLayerCNN,spectrum_retention_1,semantic_auc,10,0.845245361328125,0.022006783584736296,0.829502656712193,0.860988065944057
single_shape,TwoLayerCNN,spectrum_retention_1,localization_iou,10,0.2545602216093944,0.13536027419638733,0.15772931466653345,0.35139112855225535
single_shape,TwoLayerCNN,spectrum_retention_1,fidelity_selected,10,0.27797739549799466,0.06865234336845191,0.22886646755708978,0.32708832343889954
single_shape,TwoLayerCNN,spectrum_retention_1,fidelity_random,10,0.2187942850176295,0.01521006454688306,0.2079136603034883,0.22967490973177068
single_shape,TwoLayerCNN,spectrum_retention_1,causal_usefulness,10,0.05918311048036516,0.06061045353797487,0.015825003966889427,0.10254121699384089
single_shape,TwoLayerCNN,spectrum_retention_1,cf_accuracy,10,0.062369791558012366,0.052492067113913625,0.024819228838470826,0.09992035427755391
single_shape,TwoLayerCNN,spectrum_retention_1,cf_accuracy_random,10,0.021077474017511123,0.011592546470851898,0.01278466584159646,0.029370282193425787
single_shape,TwoLayerCNN,spectrum_retention_1,refit_test_acc,10,0.999609375,0.0012352647110032732,0.9987257198582601,1.0004930301417398
single_shape,TwoLayerCNN,spectrum_retention_1,nuisance_acc,10,1.0,0.0,1.0,1.0
single_shape,TwoLayerCNN,spectrum_retention_1,nuisance_prediction_stability,10,0.999609375,0.0012352647110032732,0.9987257198582601,1.0004930301417398
single_shape,TwoLayerCNN,spectrum_retention_1,nuisance_probability_l2,10,0.0006494766217656434,0.00036795214757132224,0.0003862595119272573,0.0009126937316040295
single_shape,TwoLayerCNN,spectrum_retention_1,drift_l2,10,0.10658050626516342,0.005545150144807913,0.10261374481433284,0.110547267715994
single_shape,TwoLayerCNN,spectrum_retention_1,selected_kernel_alignment,10,0.41905426746927465,0.10322962505192981,0.3452082422857897,0.4929002926527596
single_shape,TwoLayerCNN,spectrum_retention_1,best_semantic_kernel_alignment,10,0.40353371682178746,0.12524053891082157,0.31394203240222984,0.4931254012413451
single_shape,TwoLayerCNN,spectrum_retention_1,input_effect_mean_square,10,1.8793564637502036,0.03160427005739942,1.8567481309059224,1.9019647965944848
single_shape,TwoLayerCNN,spectrum_retention_1,counterfactual_agreement,10,0.06249999939464033,0.0527946215506674,0.02473300226932957,0.10026699651995108
single_shape,TwoLayerCNN,template_init,id_acc,10,0.999609375,0.0012352647110032732,0.9987257198582601,1.0004930301417398
single_shape,TwoLayerCNN,template_init,alignment,10,0.8243147433565227,0.01141980022721578,0.8161455103989766,0.8324839763140687
single_shape,TwoLayerCNN,template_init,semantic_auc,10,0.8430928548177082,0.025667060634490632,0.824731745736404,0.8614539638990125
single_shape,TwoLayerCNN,template_init,localization_iou,10,0.47954603176203936,0.03825216136082403,0.45218208396359355,0.5069099795604851
single_shape,TwoLayerCNN,template_init,fidelity_selected,10,0.18638553918296308,0.04908903537848347,0.15126935871665897,0.22150171964926718
single_shape,TwoLayerCNN,template_init,fidelity_random,10,0.12799409151101812,0.02390817419848035,0.11089121398856296,0.14509696903347327
single_shape,TwoLayerCNN,template_init,causal_usefulness,10,0.058391447671944964,0.040463322168648626,0.02944573071937108,0.08733716462451885
single_shape,TwoLayerCNN,template_init,cf_accuracy,10,0.05455729071982205,0.050710530638349696,0.018281162421345296,0.0908334190182988
single_shape,TwoLayerCNN,template_init,cf_accuracy_random,10,0.01165364583284827,0.008501780487511839,0.005571838447909761,0.01773545321778678
single_shape,TwoLayerCNN,template_init,refit_test_acc,10,1.0,0.0,1.0,1.0
single_shape,TwoLayerCNN,template_init,nuisance_acc,10,0.999609375,0.0012352647110032732,0.9987257198582601,1.0004930301417398
single_shape,TwoLayerCNN,template_init,nuisance_prediction_stability,10,1.0,0.0,1.0,1.0
single_shape,TwoLayerCNN,template_init,nuisance_probability_l2,10,0.00016838704386827884,0.0001563078334666424,5.657115573784086e-05,0.0002802029319987168
single_shape,TwoLayerCNN,template_init,drift_l2,10,1.1328334569931031,0.025580793951810468,1.1145340593790107,1.1511328546071955
single_shape,TwoLayerCNN,template_init,selected_kernel_alignment,10,0.8221850957752335,0.01350840590111585,0.8125217643249766,0.8318484272254903
single_shape,TwoLayerCNN,template_init,best_semantic_kernel_alignment,10,0.820501600087221,0.02174594942858517,0.8049454849862093,0.8360577151882326
single_shape,TwoLayerCNN,template_init,input_effect_mean_square,10,1.9769283930460613,0.009849623252766724,1.9698823970308112,1.9839743890613113
single_shape,TwoLayerCNN,template_init,counterfactual_agreement,10,0.05468749930150807,0.05082389167517592,0.018330277402467676,0.09104472120054846
single_shape,TwoLayerCNN,template_retention_0.1,id_acc,10,0.999609375,0.0012352647110032732,0.9987257198582601,1.0004930301417398
single_shape,TwoLayerCNN,template_retention_0.1,alignment,10,0.9495959754891746,0.007149250562891337,0.9444817097263692,0.95471024125198
single_shape,TwoLayerCNN,template_retention_0.1,semantic_auc,10,0.8383056640625,0.0240801818668608,0.8210797396665859,0.855531588458414
single_shape,TwoLayerCNN,template_retention_0.1,localization_iou,10,0.5224092091173735,0.038873739636527314,0.4946006110067911,0.550217807227956
single_shape,TwoLayerCNN,template_retention_0.1,fidelity_selected,10,0.2513835516695614,0.0687933402096199,0.20217176066460446,0.3005953426745183
single_shape,TwoLayerCNN,template_retention_0.1,fidelity_random,10,0.18897850416746237,0.023241517917777607,0.17235252381932842,0.20560448451559632
single_shape,TwoLayerCNN,template_retention_0.1,causal_usefulness,10,0.062405047502099076,0.06179643614092187,0.018198540143223182,0.10661155486097497
single_shape,TwoLayerCNN,template_retention_0.1,cf_accuracy,10,0.0644531246740371,0.0740020531183435,0.01151524491851412,0.11739100442956009
single_shape,TwoLayerCNN,template_retention_0.1,cf_accuracy_random,10,0.0163411458619521,0.010997862735243674,0.008473748803183726,0.02420854292072048
single_shape,TwoLayerCNN,template_retention_0.1,refit_test_acc,10,1.0,0.0,1.0,1.0
single_shape,TwoLayerCNN,template_retention_0.1,nuisance_acc,10,1.0,0.0,1.0,1.0
single_shape,TwoLayerCNN,template_retention_0.1,nuisance_prediction_stability,10,0.999609375,0.0012352647110032732,0.9987257198582601,1.0004930301417398
single_shape,TwoLayerCNN,template_retention_0.1,nuisance_probability_l2,10,0.0003966306656366214,0.00016007105857154504,0.0002821227284386026,0.0005111386028346402
single_shape,TwoLayerCNN,template_retention_0.1,drift_l2,10,0.4743928641080856,0.028577453341409324,0.4539497855047489,0.49483594271142234
single_shape,TwoLayerCNN,template_retention_0.1,selected_kernel_alignment,10,0.9483646743888503,0.009134792236019125,0.9418300376780454,0.9548993110996552
single_shape,TwoLayerCNN,template_retention_0.1,best_semantic_kernel_alignment,10,0.9474558294327029,0.010780401008148246,0.9397439951222004,0.9551676637432054
single_shape,TwoLayerCNN,template_retention_0.1,input_effect_mean_square,10,1.9269040902455647,0.021321279587769852,1.9116517656479453,1.9421564148431842
single_shape,TwoLayerCNN,template_retention_0.1,counterfactual_agreement,10,0.06458333325572312,0.07406045186045934,0.011603677556726533,0.1175629889547197
single_shape,TwoLayerCNN,template_retention_1,id_acc,10,0.99921875,0.0016470196146710309,0.9980405431443469,1.0003969568556532
single_shape,TwoLayerCNN,template_retention_1,alignment,10,0.9960409394404554,0.0010117611680710607,0.9953171691016649,0.9967647097792458
single_shape,TwoLayerCNN,template_retention_1,semantic_auc,10,0.8767822265625,0.01572524749157384,0.8655330621710269,0.8880313909539732
single_shape,TwoLayerCNN,template_retention_1,localization_iou,10,0.5490817223664514,0.04276422874264265,0.5184900360061369,0.5796734087267659
single_shape,TwoLayerCNN,template_retention_1,fidelity_selected,10,0.2764542411621343,0.05773102604410846,0.2351559529916886,0.31775252933257997
single_shape,TwoLayerCNN,template_retention_1,fidelity_random,10,0.22723950425851025,0.024849787629615358,0.2094630370653213,0.2450159714516992
single_shape,TwoLayerCNN,template_retention_1,causal_usefulness,10,0.04921473690362405,0.058259044616586216,0.007538727000866295,0.09089074680638182
single_shape,TwoLayerCNN,template_retention_1,cf_accuracy,10,0.09609375,0.0715995878281442,0.04487449038121837,0.14731300961878163
single_shape,TwoLayerCNN,template_retention_1,cf_accuracy_random,10,0.0192545571771916,0.013851762335354985,0.009345603330486237,0.029163511023896964
single_shape,TwoLayerCNN,template_retention_1,refit_test_acc,10,1.0,0.0,1.0,1.0
single_shape,TwoLayerCNN,template_retention_1,nuisance_acc,10,0.99921875,0.0016470196146710309,0.9980405431443469,1.0003969568556532
single_shape,TwoLayerCNN,template_retention_1,nuisance_prediction_stability,10,1.0,0.0,1.0,1.0
single_shape,TwoLayerCNN,template_retention_1,nuisance_probability_l2,10,0.0006911087984917685,0.0002853412570229358,0.00048698795971701753,0.0008952296372665195
single_shape,TwoLayerCNN,template_retention_1,drift_l2,10,0.11325314417481422,0.013057079687518661,0.10391267204830767,0.12259361630132076
single_shape,TwoLayerCNN,template_retention_1,selected_kernel_alignment,10,0.9956362364927781,0.0010203263717313178,0.9949063389763981,0.9963661340091581
single_shape,TwoLayerCNN,template_retention_1,best_semantic_kernel_alignment,10,0.9957157875380271,0.0014739459940416348,0.9946613900921356,0.9967701849839187
single_shape,TwoLayerCNN,template_retention_1,input_effect_mean_square,10,1.8620830059051516,0.032214981497124935,1.8390377964148967,1.8851282153954065
single_shape,TwoLayerCNN,template_retention_1,counterfactual_agreement,10,0.09635416641831399,0.07173154323170472,0.04504051159031286,0.1476678212463151
two_concepts,TinyCNN,frozen_random_unitnorm,id_acc,10,0.45,0.0663628330290298,0.40252688909173245,0.49747311090826757
two_concepts,TinyCNN,frozen_random_unitnorm,alignment,10,0.15268772449580087,0.014613669292654546,0.1422337352454707,0.16314171374613104
two_concepts,TinyCNN,frozen_random_unitnorm,semantic_auc,10,0.7412826538085937,0.04197990440521246,0.7112520392795947,0.7713132683375927
two_concepts,TinyCNN,frozen_random_unitnorm,localization_iou,10,0.19107568887824936,0.028904400353773407,0.17039872647172574,0.21175265128477297
two_concepts,TinyCNN,frozen_random_unitnorm,fidelity_selected,10,0.5773406889579773,0.138812284184414,0.4780403628306407,0.6766410150853138
two_concepts,TinyCNN,frozen_random_unitnorm,fidelity_random,10,0.30022712004057833,0.06279506429695143,0.25530623713377226,0.3451480029473844
two_concepts,TinyCNN,frozen_random_unitnorm,causal_usefulness,10,0.277113568917399,0.11106386989917065,0.19766326257923678,0.35656387525556127
two_concepts,TinyCNN,frozen_random_unitnorm,cf_accuracy,10,0.3744140625,0.09651700942414981,0.30536995326309274,0.4434581717369072
two_concepts,TinyCNN,frozen_random_unitnorm,cf_accuracy_random,10,0.2730712890625,0.021386820939515182,0.2577720790062818,0.2883704991187182
two_concepts,TinyCNN,frozen_random_unitnorm,refit_test_acc,10,0.71328125,0.039759408281248354,0.684839082707999,0.741723417292001
two_concepts,TinyCNN,frozen_random_unitnorm,nuisance_acc,10,0.469140625,0.08618277025788226,0.4074891851188174,0.5307920648811826
two_concepts,TinyCNN,frozen_random_unitnorm,nuisance_prediction_stability,10,0.634765625,0.06917604926635153,0.5852800604283258,0.6842511895716742
two_concepts,TinyCNN,frozen_random_unitnorm,nuisance_probability_l2,10,0.0007034787849988788,0.0002276074690205985,0.0005406582101804666,0.000866299359817291
two_concepts,TinyCNN,frozen_random_unitnorm,drift_l2,10,0.0,0.0,0.0,0.0
two_concepts,TinyCNN,frozen_random_unitnorm,selected_kernel_alignment,10,0.15456058445258095,0.022982948623541444,0.13811957343475537,0.17100159547040653
two_concepts,TinyCNN,frozen_random_unitnorm,best_semantic_kernel_alignment,10,0.15172868924713878,0.027352914461185134,0.13216159298842167,0.1712957855058559
two_concepts,TinyCNN,frozen_random_unitnorm,input_effect_mean_square,10,0.002252781891729683,0.0019031243403365473,0.0008913687519154301,0.0036141950315439356
two_concepts,TinyCNN,frozen_random_unitnorm,counterfactual_agreement,10,0.644140625,0.06186471838678641,0.5998852714649885,0.6883959785350116
two_concepts,TinyCNN,frozen_spectrum,id_acc,10,0.471875,0.10569837400528502,0.39626293820358094,0.547487061796419
two_concepts,TinyCNN,frozen_spectrum,alignment,10,0.416145708848868,0.09222029273201203,0.35017528557075683,0.4821161321269791
two_concepts,TinyCNN,frozen_spectrum,semantic_auc,10,0.7253143310546875,0.045355064832033797,0.6928692722055432,0.7577593899038317
two_concepts,TinyCNN,frozen_spectrum,localization_iou,10,0.17371462945555852,0.06171523433560444,0.12956621036889515,0.21786304854222188
two_concepts,TinyCNN,frozen_spectrum,fidelity_selected,10,0.5627103349821181,0.2925250187493413,0.3534505426454082,0.771970127318828
two_concepts,TinyCNN,frozen_spectrum,fidelity_random,10,0.18944008335397894,0.13711128632318248,0.09135657779374573,0.28752358891421215
two_concepts,TinyCNN,frozen_spectrum,causal_usefulness,10,0.37327025162813915,0.17470054483941125,0.24829701039734067,0.49824349285893765
two_concepts,TinyCNN,frozen_spectrum,cf_accuracy,10,0.4298828125,0.07498830068255856,0.3762394137384016,0.4835262112615984
two_concepts,TinyCNN,frozen_spectrum,cf_accuracy_random,10,0.263427734375,0.017109596100050653,0.2511882666461576,0.2756672021038424
two_concepts,TinyCNN,frozen_spectrum,refit_test_acc,10,0.807421875,0.04716526161500438,0.7736818793809598,0.8411618706190401
two_concepts,TinyCNN,frozen_spectrum,nuisance_acc,10,0.467578125,0.10121216955514306,0.3951753005386656,0.5399809494613343
two_concepts,TinyCNN,frozen_spectrum,nuisance_prediction_stability,10,0.741015625,0.06290693262518073,0.6960147163120337,0.7860165336879662
two_concepts,TinyCNN,frozen_spectrum,nuisance_probability_l2,10,0.000589581805979833,0.00032762187159368346,0.0003552152375824665,0.0008239483743771996
two_concepts,TinyCNN,frozen_spectrum,drift_l2,10,0.0,0.0,0.0,0.0
two_concepts,TinyCNN,frozen_spectrum,selected_kernel_alignment,10,0.42977698542932885,0.1015101355817732,0.35716100891309466,0.502392961945563
two_concepts,TinyCNN,frozen_spectrum,best_semantic_kernel_alignment,10,0.45224006268873235,0.10676841841633292,0.37586253723315594,0.5286175881443087
two_concepts,TinyCNN,frozen_spectrum,input_effect_mean_square,10,0.0047254369885195045,0.004753302681368646,0.0013251290891495501,0.008125744887889459
two_concepts,TinyCNN,frozen_spectrum,counterfactual_agreement,10,0.69765625,0.056275011318270986,0.6573995320189029,0.7379129679810971
two_concepts,TinyCNN,frozen_templates,id_acc,10,0.523046875,0.07571029574885091,0.46888699208163986,0.5772067579183602
two_concepts,TinyCNN,frozen_templates,alignment,10,1.0,0.0,1.0,1.0
two_concepts,TinyCNN,frozen_templates,semantic_auc,10,0.76893310546875,0.009366266832134191,0.7622328818070533,0.7756333291304468
two_concepts,TinyCNN,frozen_templates,localization_iou,10,0.398656999524628,0.00959659156354755,0.3917920114756948,0.4055219875735612
two_concepts,TinyCNN,frozen_templates,fidelity_selected,10,0.8889334745460438,0.0421802322770701,0.8587595540904494,0.9191073950016382
two_concepts,TinyCNN,frozen_templates,fidelity_random,10,0.20999978090765228,0.12481146306012042,0.12071503886108657,0.299284522954218
two_concepts,TinyCNN,frozen_templates,causal_usefulness,10,0.6789336936383915,0.12142647291977,0.5920704276654278,0.7657969596113552
two_concepts,TinyCNN,frozen_templates,cf_accuracy,10,0.5314453125,0.064505384432373,0.4853009402728693,0.5775896847271308
two_concepts,TinyCNN,frozen_templates,cf_accuracy_random,10,0.274609375,0.028954616097646463,0.25389649041430745,0.2953222595856925
two_concepts,TinyCNN,frozen_templates,refit_test_acc,10,0.81796875,0.023810686355546794,0.8009356110792373,0.8350018889207628
two_concepts,TinyCNN,frozen_templates,nuisance_acc,10,0.53125,0.08351623807721133,0.4715060823293005,0.5909939176706995
two_concepts,TinyCNN,frozen_templates,nuisance_prediction_stability,10,0.828125,0.0342029310848013,0.8036576970434441,0.8525923029565559
two_concepts,TinyCNN,frozen_templates,nuisance_probability_l2,10,0.0007774191210046411,0.00019085432532588912,0.000640890161345021,0.0009139480806642612
two_concepts,TinyCNN,frozen_templates,drift_l2,10,0.0,0.0,0.0,0.0
two_concepts,TinyCNN,frozen_templates,selected_kernel_alignment,10,1.0,0.0,1.0,1.0
two_concepts,TinyCNN,frozen_templates,best_semantic_kernel_alignment,10,1.0,2.0934566115783667e-16,0.9999999999999999,1.0000000000000002
two_concepts,TinyCNN,frozen_templates,input_effect_mean_square,10,0.018578259088099004,0.0053513532116030195,0.014750131611795902,0.022406386564402105
two_concepts,TinyCNN,frozen_templates,counterfactual_agreement,10,0.733203125,0.06832030133290361,0.684329725622303,0.7820765243776969
two_concepts,TinyCNN,random,id_acc,10,0.98203125,0.012916246632955463,0.9727915237716667,0.9912709762283334
two_concepts,TinyCNN,random,alignment,10,0.24659605524936556,0.02951544953127243,0.22548197459381952,0.2677101359049116
two_concepts,TinyCNN,random,semantic_auc,10,0.9844879150390625,0.01143653269593398,0.9763067123944646,0.9926691176836604
two_concepts,TinyCNN,random,localization_iou,10,0.17386776757893863,0.028116365828338392,0.1537545311123422,0.19398100404553506
two_concepts,TinyCNN,random,fidelity_selected,10,0.8679769256051145,0.04467684503841345,0.8360170359691146,0.8999368152411145
two_concepts,TinyCNN,random,fidelity_random,10,0.2899960709291339,0.04492348575566722,0.2578597451527485,0.32213239670551924
two_concepts,TinyCNN,random,causal_usefulness,10,0.5779808546759806,0.053760615038469066,0.5395228274380311,0.61643888191393
two_concepts,TinyCNN,random,cf_accuracy,10,0.783203125,0.07182143422146672,0.7318251660316865,0.8345810839683135
two_concepts,TinyCNN,random,cf_accuracy_random,10,0.1255126953125,0.04119839590431284,0.09604113828670809,0.15498425233829194
two_concepts,TinyCNN,random,refit_test_acc,10,0.99296875,0.0065880784586841235,0.9882559225773873,0.9976815774226127
two_concepts,TinyCNN,random,nuisance_acc,10,0.980859375,0.014551909969738031,0.9704495657078273,0.9912691842921727
two_concepts,TinyCNN,random,nuisance_prediction_stability,10,0.98125,0.013380450602776175,0.9716782022560682,0.9908217977439318
two_concepts,TinyCNN,random,nuisance_probability_l2,10,0.008245360851287842,0.003100517533824148,0.006027384221328802,0.010463337481246882
two_concepts,TinyCNN,random,drift_l2,10,1.767889714241028,0.07127954566697738,1.7168993989924444,1.8188800294896115
two_concepts,TinyCNN,random,selected_kernel_alignment,10,0.25836931608803637,0.037540618502314854,0.2315143753873318,0.28522425678874097
two_concepts,TinyCNN,random,best_semantic_kernel_alignment,10,0.2622921352650457,0.07193126891497341,0.21083560529021506,0.3137486652398763
two_concepts,TinyCNN,random,input_effect_mean_square,10,1.4008022546768188,0.04203680767146025,1.3707309340033362,1.4308735753503015
two_concepts,TinyCNN,random,counterfactual_agreement,10,0.7955078125,0.06879542227801637,0.746294532073037,0.8447210929269631
two_concepts,TinyCNN,random_unitnorm,id_acc,10,0.97578125,0.019295451617544482,0.9619781154312257,0.9895843845687744
two_concepts,TinyCNN,random_unitnorm,alignment,10,0.23270628022522843,0.026967089589737488,0.21341518645280347,0.25199737399765343
two_concepts,TinyCNN,random_unitnorm,semantic_auc,10,0.9788528442382812,0.012236805631922896,0.9700991608222481,0.9876065276543143
two_concepts,TinyCNN,random_unitnorm,localization_iou,10,0.18001672527471102,0.034218396359344136,0.15553835912720793,0.20449509142221411
two_concepts,TinyCNN,random_unitnorm,fidelity_selected,10,0.8616412900006418,0.0464143360512041,0.8284384741695494,0.8948441058317342
two_concepts,TinyCNN,random_unitnorm,fidelity_random,10,0.29138831181318137,0.03789263242054854,0.2642815555250643,0.3184950681012984
two_concepts,TinyCNN,random_unitnorm,causal_usefulness,10,0.5702529781874606,0.04377869362615659,0.5389355873668418,0.6015703690080794
two_concepts,TinyCNN,random_unitnorm,cf_accuracy,10,0.7630859375,0.07328225177368461,0.7106629726073185,0.8155089023926815
two_concepts,TinyCNN,random_unitnorm,cf_accuracy_random,10,0.12705078125,0.03353757276488831,0.10305944696255068,0.1510421155374493
two_concepts,TinyCNN,random_unitnorm,refit_test_acc,10,0.991015625,0.010094295543392867,0.9837946009719466,0.9982366490280533
two_concepts,TinyCNN,random_unitnorm,nuisance_acc,10,0.975,0.016387638252658616,0.9632769898031219,0.986723010196878
two_concepts,TinyCNN,random_unitnorm,nuisance_prediction_stability,10,0.976171875,0.009821886544607347,0.9691457206304812,0.9831980293695188
two_concepts,TinyCNN,random_unitnorm,nuisance_probability_l2,10,0.009489538054913283,0.0027864305937556682,0.007496245686612975,0.01148283042321359
two_concepts,TinyCNN,random_unitnorm,drift_l2,10,1.727087152004242,0.10514754074996288,1.6518691325810655,1.8023051714274183
two_concepts,TinyCNN,random_unitnorm,selected_kernel_alignment,10,0.24998695514029076,0.029375926168942093,0.22897268348553443,0.27100122679504707
two_concepts,TinyCNN,random_unitnorm,best_semantic_kernel_alignment,10,0.24930116598302093,0.06997885199135155,0.19924131093787173,0.29936102102817014
two_concepts,TinyCNN,random_unitnorm,input_effect_mean_square,10,1.3016825318336487,0.09800143007988493,1.2315765320292695,1.3717885316380278
two_concepts,TinyCNN,random_unitnorm,counterfactual_agreement,10,0.7779296875,0.07819034810363003,0.721995682002436,0.833863692997564
two_concepts,TinyCNN,spectrum_init,id_acc,10,0.96796875,0.020405768775166387,0.9533713423846836,0.9825661576153165
two_concepts,TinyCNN,spectrum_init,alignment,10,0.3303147768847154,0.07024173769542118,0.2800668647356743,0.38056268903375645
two_concepts,TinyCNN,spectrum_init,semantic_auc,10,0.979791259765625,0.010473578175538328,0.9722989132873449,0.9872836062439051
two_concepts,TinyCNN,spectrum_init,localization_iou,10,0.18742528663745406,0.04244267419806279,0.15706362654125672,0.2177869467336514
two_concepts,TinyCNN,spectrum_init,fidelity_selected,10,0.8978420445166769,0.04080223418735032,0.8686538845110023,0.9270302045223515
two_concepts,TinyCNN,spectrum_init,fidelity_random,10,0.30964653751206733,0.07665155100164095,0.254813321148326,0.36447975387580867
two_concepts,TinyCNN,spectrum_init,causal_usefulness,10,0.5881955070046095,0.06884865093260893,0.5389441490919872,0.6374468649172319
two_concepts,TinyCNN,spectrum_init,cf_accuracy,10,0.8166015625,0.05129158958348696,0.779909769672333,0.853293355327667
two_concepts,TinyCNN,spectrum_init,cf_accuracy_random,10,0.1471923828125,0.060475674675464317,0.10393069128910244,0.19045407433589756
two_concepts,TinyCNN,spectrum_init,refit_test_acc,10,0.98671875,0.006431817205848161,0.9821177051437419,0.9913197948562581
two_concepts,TinyCNN,spectrum_init,nuisance_acc,10,0.963671875,0.016982082124440745,0.9515236252742201,0.9758201247257798
two_concepts,TinyCNN,spectrum_init,nuisance_prediction_stability,10,0.976171875,0.013208286096787248,0.9667232363243935,0.9856205136756065
two_concepts,TinyCNN,spectrum_init,nuisance_probability_l2,10,0.008318715309724212,0.0018129241880819587,0.007021827471746479,0.009615603147701945
two_concepts,TinyCNN,spectrum_init,drift_l2,10,1.6953129649162293,0.1617730996271385,1.579587460894816,1.8110384689376426
two_concepts,TinyCNN,spectrum_init,selected_kernel_alignment,10,0.3302054779599517,0.07423878810899093,0.27709824819398,0.3833127077259234
two_concepts,TinyCNN,spectrum_init,best_semantic_kernel_alignment,10,0.38528239551962085,0.09055281988087986,0.32050481046111523,0.45005998057812646
two_concepts,TinyCNN,spectrum_init,input_effect_mean_square,10,1.038044023513794,0.19173163292620127,0.9008874758036145,1.1752005712239735
two_concepts,TinyCNN,spectrum_init,counterfactual_agreement,10,0.8369140625,0.05509097503272586,0.7975043530527084,0.8763237719472916
two_concepts,TinyCNN,spectrum_retention_1,id_acc,10,0.87109375,0.03979350726545866,0.842627189764157,0.899560310235843
two_concepts,TinyCNN,spectrum_retention_1,alignment,10,0.40847493052942585,0.09465221292067888,0.3407648163495394,0.4761850447093123
two_concepts,TinyCNN,spectrum_retention_1,semantic_auc,10,0.93502197265625,0.022382411427997895,0.9190105600685593,0.9510333852439407
two_concepts,TinyCNN,spectrum_retention_1,localization_iou,10,0.17875108176876503,0.04374713921965531,0.14745626361075126,0.2100458999267788
two_concepts,TinyCNN,spectrum_retention_1,fidelity_selected,10,0.9275451935849892,0.05296081698632075,0.8896593074070401,0.9654310797629383
two_concepts,TinyCNN,spectrum_retention_1,fidelity_random,10,0.3274607840509557,0.07706491701693628,0.272331863453472,0.3825897046484394
two_concepts,TinyCNN,spectrum_retention_1,causal_usefulness,10,0.6000844095340337,0.08970465746425538,0.5359135633176602,0.6642552557504073
two_concepts,TinyCNN,spectrum_retention_1,cf_accuracy,10,0.7908203125,0.07342901519024952,0.7382923593837323,0.8433482656162676
two_concepts,TinyCNN,spectrum_retention_1,cf_accuracy_random,10,0.200537109375,0.05689416024667342,0.1598374789321349,0.2412367398178651
two_concepts,TinyCNN,spectrum_retention_1,refit_test_acc,10,0.9765625,0.012489144591960207,0.9676283041662543,0.9854966958337457
two_concepts,TinyCNN,spectrum_retention_1,nuisance_acc,10,0.87265625,0.03660684039751162,0.8464692939152272,0.8988432060847729
two_concepts,TinyCNN,spectrum_retention_1,nuisance_prediction_stability,10,0.9328125,0.020154971428009736,0.9183945019989757,0.9472304980010244
two_concepts,TinyCNN,spectrum_retention_1,nuisance_probability_l2,10,0.004557102150283754,0.0008901305599879256,0.0039203411069651225,0.005193863193602385
two_concepts,TinyCNN,spectrum_retention_1,drift_l2,10,0.37107973694801333,0.02039989396776312,0.3564865319167441,0.38567294197928254
two_concepts,TinyCNN,spectrum_retention_1,selected_kernel_alignment,10,0.39277317946463214,0.08484657488869618,0.3320775961685465,0.4534687627607178
two_concepts,TinyCNN,spectrum_retention_1,best_semantic_kernel_alignment,10,0.37598781141726506,0.14875692344952882,0.2695735189140658,0.48240210392046434
two_concepts,TinyCNN,spectrum_retention_1,input_effect_mean_square,10,0.22688062563538552,0.07207853211138328,0.17531874991600518,0.2784425013547659
two_concepts,TinyCNN,spectrum_retention_1,counterfactual_agreement,10,0.88125,0.05970304117044625,0.8385410171902151,0.9239589828097848
two_concepts,TinyCNN,template_init,id_acc,10,0.969921875,0.025318741728721325,0.9518099382534241,0.988033811746576
two_concepts,TinyCNN,template_init,alignment,10,0.6566464097678546,0.0363387083680951,0.6306512637820415,0.6826415557536677
two_concepts,TinyCNN,template_init,semantic_auc,10,0.9774459838867188,0.00762079542659033,0.9719943952491831,0.9828975725242545
two_concepts,TinyCNN,template_init,localization_iou,10,0.27718114317793985,0.0323155902493704,0.2540639625219633,0.3002983238339164
two_concepts,TinyCNN,template_init,fidelity_selected,10,0.8659780356795137,0.040317925757014365,0.8371363290541083,0.8948197423049191
two_concepts,TinyCNN,template_init,fidelity_random,10,0.3109348298169555,0.068967997554894,0.26159809647387516,0.3602715631600359
two_concepts,TinyCNN,template_init,causal_usefulness,10,0.5550432058625582,0.09189835650112436,0.4893030818905004,0.6207833298346159
two_concepts,TinyCNN,template_init,cf_accuracy,10,0.761328125,0.08359638657576238,0.7015268725473575,0.8211293774526426
two_concepts,TinyCNN,template_init,cf_accuracy_random,10,0.137255859375,0.04839403944102336,0.10263684905219185,0.17187486969780819
two_concepts,TinyCNN,template_init,refit_test_acc,10,0.988671875,0.00535281374768085,0.9848427027191271,0.9925010472808729
two_concepts,TinyCNN,template_init,nuisance_acc,10,0.968359375,0.02182300989439116,0.9527481341625954,0.9839706158374046
two_concepts,TinyCNN,template_init,nuisance_prediction_stability,10,0.973828125,0.02025984762482803,0.9593351030873078,0.9883211469126922
two_concepts,TinyCNN,template_init,nuisance_probability_l2,10,0.007926190830767154,0.002607004868152755,0.00606125189438886,0.009791129767145449
two_concepts,TinyCNN,template_init,drift_l2,10,1.7076071143150329,0.1721131490143432,1.5844847845562222,1.8307294440738435
two_concepts,TinyCNN,template_init,selected_kernel_alignment,10,0.6197528566447724,0.03727479488601974,0.5930880747037593,0.6464176385857855
two_concepts,TinyCNN,template_init,best_semantic_kernel_alignment,10,0.6321924583986547,0.06519290202288078,0.5855562657151657,0.6788286510821436
two_concepts,TinyCNN,template_init,input_effect_mean_square,10,0.9927914440631866,0.16568132007619493,0.874270167553416,1.1113127205729572
two_concepts,TinyCNN,template_init,counterfactual_agreement,10,0.780078125,0.07497558196256299,0.7264438246625857,0.8337124253374142
two_concepts,TinyCNN,template_retention_0.1,id_acc,10,0.965625,0.034341445112728665,0.94105861007699,0.9901913899230099
two_concepts,TinyCNN,template_retention_0.1,alignment,10,0.771626203379698,0.025757819580902532,0.7532001692592977,0.7900522375000983
two_concepts,TinyCNN,template_retention_0.1,semantic_auc,10,0.9621322631835938,0.012989746276433317,0.9528399584777109,0.9714245678894767
two_concepts,TinyCNN,template_retention_0.1,localization_iou,10,0.30225909292915365,0.022512871083430128,0.2861543551259967,0.3183638307323106
two_concepts,TinyCNN,template_retention_0.1,fidelity_selected,10,0.8820739607234745,0.036521048104641865,0.8559483767478866,0.9081995446990625
two_concepts,TinyCNN,template_retention_0.1,fidelity_random,10,0.32453773623965426,0.070118847688376,0.27437773430582996,0.37469773817347857
two_concepts,TinyCNN,template_retention_0.1,causal_usefulness,10,0.5575362244838202,0.09929525439616543,0.48650467851965423,0.6285677704479863
two_concepts,TinyCNN,template_retention_0.1,cf_accuracy,10,0.78828125,0.08425998462307334,0.7280052881014132,0.8485572118985869
two_concepts,TinyCNN,template_retention_0.1,cf_accuracy_random,10,0.144921875,0.043439989880037076,0.11384677824325189,0.1759969717567481
two_concepts,TinyCNN,template_retention_0.1,refit_test_acc,10,0.987109375,0.008646852977022912,0.9809237890078207,0.9932949609921792
two_concepts,TinyCNN,template_retention_0.1,nuisance_acc,10,0.957421875,0.033726220564406974,0.9332955902063654,0.9815481597936345
two_concepts,TinyCNN,template_retention_0.1,nuisance_prediction_stability,10,0.961328125,0.027464391600572242,0.9416812827997625,0.9809749672002375
two_concepts,TinyCNN,template_retention_0.1,nuisance_probability_l2,10,0.007712617726065218,0.002576178093581169,0.005869730935766053,0.009555504516364383
two_concepts,TinyCNN,template_retention_0.1,drift_l2,10,1.0623371303081512,0.09053343189135905,0.9975734145818426,1.12710084603446
two_concepts,TinyCNN,template_retention_0.1,selected_kernel_alignment,10,0.7118605711615611,0.03223827032459838,0.6887987018477407,0.7349224404753815
two_concepts,TinyCNN,template_retention_0.1,best_semantic_kernel_alignment,10,0.6638933545197181,0.06572026066477642,0.6168799121898164,0.7109067968496198
two_concepts,TinyCNN,template_retention_0.1,input_effect_mean_square,10,0.7517497658729553,0.11858064593629228,0.6669222818858704,0.8365772498600401
two_concepts,TinyCNN,template_retention_0.1,counterfactual_agreement,10,0.8083984375,0.07218904303680934,0.7567575070269289,0.860039367973071
two_concepts,TinyCNN,template_retention_1,id_acc,10,0.90859375,0.08156905172706606,0.8502427655321232,0.9669447344678768
two_concepts,TinyCNN,template_retention_1,alignment,10,0.9459213924597277,0.008138721089762624,0.9400993021222531,0.9517434827972023
two_concepts,TinyCNN,template_retention_1,semantic_auc,10,0.909222412109375,0.04116243862826394,0.8797765773693252,0.9386682468494248
two_concepts,TinyCNN,template_retention_1,localization_iou,10,0.35516318312694695,0.015310650469915447,0.34421060357811933,0.36611576267577456
two_concepts,TinyCNN,template_retention_1,fidelity_selected,10,0.9109764565431577,0.037346945298103715,0.8842600613065905,0.937692851779725
two_concepts,TinyCNN,template_retention_1,fidelity_random,10,0.33069020388344944,0.07944742588694823,0.2738569391122242,0.3875234686546747
two_concepts,TinyCNN,template_retention_1,causal_usefulness,10,0.5802862526597083,0.09874526358188447,0.5096481464227683,0.6509243588966483
two_concepts,TinyCNN,template_retention_1,cf_accuracy,10,0.7640625,0.10076139716174103,0.6919821386833146,0.8361428613166854
two_concepts,TinyCNN,template_retention_1,cf_accuracy_random,10,0.1744140625,0.04802110871893199,0.1400618307446951,0.20876629425530488
two_concepts,TinyCNN,template_retention_1,refit_test_acc,10,0.97578125,0.019207384286026846,0.9620411150050188,0.9895213849949813
two_concepts,TinyCNN,template_retention_1,nuisance_acc,10,0.909765625,0.08207154268374381,0.8510551801560671,0.968476069843933
two_concepts,TinyCNN,template_retention_1,nuisance_prediction_stability,10,0.939453125,0.02566458768805602,0.9210937849580058,0.9578124650419942
two_concepts,TinyCNN,template_retention_1,nuisance_probability_l2,10,0.0034359609708189964,0.0008869730700652836,0.002801458659722116,0.004070463281915877
two_concepts,TinyCNN,template_retention_1,drift_l2,10,0.35391075611114503,0.026683877784207014,0.3348222598596637,0.3729992523626264
two_concepts,TinyCNN,template_retention_1,selected_kernel_alignment,10,0.9228361495749532,0.014220418774866336,0.9126634747983063,0.9330088243516
two_concepts,TinyCNN,template_retention_1,best_semantic_kernel_alignment,10,0.8835926348096278,0.03044482195744109,0.8618137211707869,0.9053715484484687
two_concepts,TinyCNN,template_retention_1,input_effect_mean_square,10,0.20827585458755493,0.03180925947284865,0.18552088114927762,0.23103082802583225
two_concepts,TinyCNN,template_retention_1,counterfactual_agreement,10,0.809375,0.08954225529849566,0.74532032929445,0.8734296707055499
two_concepts,TwoLayerCNN,frozen_random_unitnorm,id_acc,10,0.990234375,0.008079214613275296,0.9844548530314317,0.9960138969685683
two_concepts,TwoLayerCNN,frozen_random_unitnorm,alignment,10,0.15359217686753446,0.020056016754985466,0.13924496677523776,0.16793938695983116
two_concepts,TwoLayerCNN,frozen_random_unitnorm,semantic_auc,10,0.7581344604492187,0.02702353843741982,0.7388029856037691,0.7774659352946683
two_concepts,TwoLayerCNN,frozen_random_unitnorm,localization_iou,10,0.17094991086585706,0.03150096892209686,0.148415475202111,0.1934843465296031
two_concepts,TwoLayerCNN,frozen_random_unitnorm,fidelity_selected,10,0.287034676763088,0.0764588643499147,0.23233930012635087,0.3417300533998252
two_concepts,TwoLayerCNN,frozen_random_unitnorm,fidelity_random,10,0.22311870125532782,0.024057039398069115,0.20590933198428552,0.24032807052637012
two_concepts,TwoLayerCNN,frozen_random_unitnorm,causal_usefulness,10,0.06391597550776021,0.07764608699208016,0.008371310955004263,0.11946064006051615
two_concepts,TwoLayerCNN,frozen_random_unitnorm,cf_accuracy,10,0.1083984375,0.06996956542081673,0.05834522566721582,0.1584516493327842
two_concepts,TwoLayerCNN,frozen_random_unitnorm,cf_accuracy_random,10,0.059423828125,0.018999516397311424,0.04583239285974457,0.07301526339025544
two_concepts,TwoLayerCNN,frozen_random_unitnorm,refit_test_acc,10,0.994921875,0.005837633273817681,0.9907458837229471,0.9990978662770528
two_concepts,TwoLayerCNN,frozen_random_unitnorm,nuisance_acc,10,0.991796875,0.0067532825416093435,0.9869658676957693,0.9966278823042307
two_concepts,TwoLayerCNN,frozen_random_unitnorm,nuisance_prediction_stability,10,0.990625,0.008869472065586666,0.9842801619054119,0.9969698380945881
two_concepts,TwoLayerCNN,frozen_random_unitnorm,nuisance_probability_l2,10,0.008532317820936441,0.0038525311718105204,0.005776383041646434,0.011288252600226449
two_concepts,TwoLayerCNN,frozen_random_unitnorm,drift_l2,10,0.0,0.0,0.0,0.0
two_concepts,TwoLayerCNN,frozen_random_unitnorm,selected_kernel_alignment,10,0.16529343069429486,0.02757718112594179,0.1455659037281611,0.18502095766042861
two_concepts,TwoLayerCNN,frozen_random_unitnorm,best_semantic_kernel_alignment,10,0.16343278313785192,0.052655827849019,0.12576507304552303,0.2011004932301808
two_concepts,TwoLayerCNN,frozen_random_unitnorm,input_effect_mean_square,10,1.5346193790435791,0.06176700351072151,1.4904339265199784,1.5788048315671799
two_concepts,TwoLayerCNN,frozen_random_unitnorm,counterfactual_agreement,10,0.112890625,0.07182615527808273,0.061509288791232665,0.16427196120876733
two_concepts,TwoLayerCNN,frozen_spectrum,id_acc,10,0.966796875,0.01815927823044447,0.9538065099100879,0.9797872400899121
two_concepts,TwoLayerCNN,frozen_spectrum,alignment,10,0.416145708848868,0.09222029273201203,0.35017528557075683,0.4821161321269791
two_concepts,TwoLayerCNN,frozen_spectrum,semantic_auc,10,0.7253143310546875,0.045355064832033797,0.6928692722055432,0.7577593899038317
two_concepts,TwoLayerCNN,frozen_spectrum,localization_iou,10,0.17371462945555852,0.06171523433560444,0.12956621036889515,0.21786304854222188
two_concepts,TwoLayerCNN,frozen_spectrum,fidelity_selected,10,0.33767345656008046,0.1431475916619082,0.23527183828913553,0.44007507483102537
two_concepts,TwoLayerCNN,frozen_spectrum,fidelity_random,10,0.2812337314397716,0.04645286568280486,0.24800335317062838,0.3144641097089148
two_concepts,TwoLayerCNN,frozen_spectrum,causal_usefulness,10,0.05643972512030885,0.16675092650325019,-0.06284670173374526,0.17572615197436298
two_concepts,TwoLayerCNN,frozen_spectrum,cf_accuracy,10,0.170703125,0.13151428418405525,0.07662347357282298,0.26478277642717707
two_concepts,TwoLayerCNN,frozen_spectrum,cf_accuracy_random,10,0.1171875,0.041448179244323174,0.08753725873693086,0.14683774126306914
two_concepts,TwoLayerCNN,frozen_spectrum,refit_test_acc,10,0.9875,0.007547592055306998,0.9821007778996534,0.9928992221003466
two_concepts,TwoLayerCNN,frozen_spectrum,nuisance_acc,10,0.966015625,0.01605844124304255,0.9545281081573815,0.9775031418426186
two_concepts,TwoLayerCNN,frozen_spectrum,nuisance_prediction_stability,10,0.97265625,0.01518477055949297,0.9617937195144183,0.9835187804855817
two_concepts,TwoLayerCNN,frozen_spectrum,nuisance_probability_l2,10,0.014774622023105621,0.003848049459949753,0.012021893267345863,0.01752735077886538
two_concepts,TwoLayerCNN,frozen_spectrum,drift_l2,10,0.0,0.0,0.0,0.0
two_concepts,TwoLayerCNN,frozen_spectrum,selected_kernel_alignment,10,0.42977698542932885,0.1015101355817732,0.35716100891309466,0.502392961945563
two_concepts,TwoLayerCNN,frozen_spectrum,best_semantic_kernel_alignment,10,0.45224006268873235,0.10676841841633292,0.37586253723315594,0.5286175881443087
two_concepts,TwoLayerCNN,frozen_spectrum,input_effect_mean_square,10,1.2927331686019898,0.05829863053486467,1.2510288406392116,1.334437496564768
two_concepts,TwoLayerCNN,frozen_spectrum,counterfactual_agreement,10,0.18828125,0.13059253214083438,0.0948609802625499,0.2817015197374501
two_concepts,TwoLayerCNN,frozen_templates,id_acc,10,0.96796875,0.03113041354639293,0.9456993936833149,0.9902381063166852
two_concepts,TwoLayerCNN,frozen_templates,alignment,10,1.0,0.0,1.0,1.0
two_concepts,TwoLayerCNN,frozen_templates,semantic_auc,10,0.76893310546875,0.009366266832134191,0.7622328818070533,0.7756333291304468
two_concepts,TwoLayerCNN,frozen_templates,localization_iou,10,0.398656999524628,0.00959659156354755,0.3917920114756948,0.4055219875735612
two_concepts,TwoLayerCNN,frozen_templates,fidelity_selected,10,0.3621095900498113,0.047962536949729295,0.32779925801410154,0.39641992208552107
two_concepts,TwoLayerCNN,frozen_templates,fidelity_random,10,0.2601117454339978,0.025141866558964283,0.2421263375616054,0.2780971533063902
two_concepts,TwoLayerCNN,frozen_templates,causal_usefulness,10,0.1019978446158134,0.06647657507361102,0.05444336755045343,0.14955232168117338
two_concepts,TwoLayerCNN,frozen_templates,cf_accuracy,10,0.1314453125,0.0248430197853029,0.11367368673097861,0.14921693826902138
two_concepts,TwoLayerCNN,frozen_templates,cf_accuracy_random,10,0.1031982421875,0.03341508417037005,0.07929453096204413,0.12710195341295588
two_concepts,TwoLayerCNN,frozen_templates,refit_test_acc,10,0.984375,0.01327869664998121,0.9748759926489117,0.9938740073510883
two_concepts,TwoLayerCNN,frozen_templates,nuisance_acc,10,0.969921875,0.027807939896140475,0.9500292731539873,0.9898144768460128
two_concepts,TwoLayerCNN,frozen_templates,nuisance_prediction_stability,10,0.974609375,0.016598370812476514,0.9627356158111396,0.9864831341888604
two_concepts,TwoLayerCNN,frozen_templates,nuisance_probability_l2,10,0.013568010833114385,0.0058448837334616165,0.009386832889683706,0.017749188776545063
two_concepts,TwoLayerCNN,frozen_templates,drift_l2,10,0.0,0.0,0.0,0.0
two_concepts,TwoLayerCNN,frozen_templates,selected_kernel_alignment,10,1.0,0.0,1.0,1.0
two_concepts,TwoLayerCNN,frozen_templates,best_semantic_kernel_alignment,10,1.0,2.0934566115783667e-16,0.9999999999999999,1.0000000000000002
two_concepts,TwoLayerCNN,frozen_templates,input_effect_mean_square,10,1.3482878923416137,0.14127117249481252,1.2472285834803796,1.4493472012028479
two_concepts,TwoLayerCNN,frozen_templates,counterfactual_agreement,10,0.1470703125,0.027282452374626898,0.12755362178151267,0.16658700321848732
two_concepts,TwoLayerCNN,random,id_acc,10,0.98828125,0.010894010762162442,0.9804881441673758,0.9960743558326242
two_concepts,TwoLayerCNN,random,alignment,10,0.23994154721336242,0.033925550687932016,0.21567267023929276,0.26421042418743207
two_concepts,TwoLayerCNN,random,semantic_auc,10,0.7962326049804688,0.0425734503843114,0.7657773932362997,0.8266878167246379
two_concepts,TwoLayerCNN,random,localization_iou,10,0.22241194682336823,0.02275570353381849,0.2061334971498279,0.23869039649690857
two_concepts,TwoLayerCNN,random,fidelity_selected,10,0.3137492603508586,0.06485332240761614,0.26735598829028207,0.3601425324114351
two_concepts,TwoLayerCNN,random,fidelity_random,10,0.14086700403637403,0.029681776918016753,0.11963393993606544,0.16210006813668262
two_concepts,TwoLayerCNN,random,causal_usefulness,10,0.17288225631448456,0.06722856637696246,0.12478983707702895,0.22097467555194017
two_concepts,TwoLayerCNN,random,cf_accuracy,10,0.1642578125,0.05459014461815818,0.12520637554849834,0.20330924945150164
two_concepts,TwoLayerCNN,random,cf_accuracy_random,10,0.0503662109375,0.025085190160382576,0.03242134691823957,0.06831107495676043
two_concepts,TwoLayerCNN,random,refit_test_acc,10,0.9921875,0.007131804134181851,0.9870857146604568,0.9972892853395432
two_concepts,TwoLayerCNN,random,nuisance_acc,10,0.988671875,0.011117382399029459,0.980718978724341,0.996624771275659
two_concepts,TwoLayerCNN,random,nuisance_prediction_stability,10,0.989453125,0.008037135084380712,0.9837037049130272,0.9952025450869729
two_concepts,TwoLayerCNN,random,nuisance_probability_l2,10,0.008840003539808095,0.006822343278265495,0.003959593160677743,0.013720413918938447
two_concepts,TwoLayerCNN,random,drift_l2,10,1.2553008317947387,0.029218746870609425,1.234398999436523,1.2762026641529545
two_concepts,TwoLayerCNN,random,selected_kernel_alignment,10,0.25742063365632306,0.039373321817460574,0.22925465598250128,0.28558661133014485
two_concepts,TwoLayerCNN,random,best_semantic_kernel_alignment,10,0.2695837843447011,0.046815322011634866,0.23609412043761016,0.30307344825179205
two_concepts,TwoLayerCNN,random,input_effect_mean_square,10,1.8676445960998536,0.053251992489419184,1.8295504155149083,1.9057387766847989
two_concepts,TwoLayerCNN,random,counterfactual_agreement,10,0.171875,0.05918394884043496,0.12953735347333425,0.21421264652666575
two_concepts,TwoLayerCNN,random_unitnorm,id_acc,10,0.991796875,0.009470362784358427,0.9850221855799942,0.9985715644200058
two_concepts,TwoLayerCNN,random_unitnorm,alignment,10,0.2187195111235259,0.02530253275732852,0.20061916957657475,0.23681985267047703
two_concepts,TwoLayerCNN,random_unitnorm,semantic_auc,10,0.7731063842773438,0.05075975825786221,0.7367950406612834,0.8094177278934042
two_concepts,TwoLayerCNN,random_unitnorm,localization_iou,10,0.22147336422191688,0.026876251973071627,0.20224725176589736,0.2406994766779364
two_concepts,TwoLayerCNN,random_unitnorm,fidelity_selected,10,0.29812003350093186,0.14677521406465824,0.19312337049186168,0.40311669651000204
two_concepts,TwoLayerCNN,random_unitnorm,fidelity_random,10,0.140417713345564,0.03216122575491521,0.11741095839673535,0.16342446829439264
two_concepts,TwoLayerCNN,random_unitnorm,causal_usefulness,10,0.15770232015536786,0.14443703197595545,0.05437829185090945,0.2610263484598263
two_concepts,TwoLayerCNN,random_unitnorm,cf_accuracy,10,0.1712890625,0.13317279687934594,0.07602298256257746,0.26655514243742257
two_concepts,TwoLayerCNN,random_unitnorm,cf_accuracy_random,10,0.0467041015625,0.022760008947239948,0.0304225719817355,0.0629856311432645
two_concepts,TwoLayerCNN,random_unitnorm,refit_test_acc,10,0.996484375,0.0042988474008383275,0.9934091648240203,0.9995595851759796
two_concepts,TwoLayerCNN,random_unitnorm,nuisance_acc,10,0.992578125,0.008724929983203622,0.9863366860822506,0.9988195639177494
two_concepts,TwoLayerCNN,random_unitnorm,nuisance_prediction_stability,10,0.991796875,0.009470362784358427,0.9850221855799942,0.9985715644200058
two_concepts,TwoLayerCNN,random_unitnorm,nuisance_probability_l2,10,0.007353476947173476,0.0070981582292834735,0.002275760438057577,0.012431193456289374
two_concepts,TwoLayerCNN,random_unitnorm,drift_l2,10,1.1992345929145813,0.040787772992963704,1.1700567778241802,1.2284124080049825
two_concepts,TwoLayerCNN,random_unitnorm,selected_kernel_alignment,10,0.23174401148816534,0.04293565755253154,0.2010296923448115,0.2624583306315192
two_concepts,TwoLayerCNN,random_unitnorm,best_semantic_kernel_alignment,10,0.22489009184552292,0.08047893096402327,0.16731893279385002,0.2824612508971958
two_concepts,TwoLayerCNN,random_unitnorm,input_effect_mean_square,10,1.880145287513733,0.03392759332169073,1.8558749493274977,1.9044156256999683
two_concepts,TwoLayerCNN,random_unitnorm,counterfactual_agreement,10,0.1763671875,0.13591981970152592,0.07913600581582342,0.27359836918417657
two_concepts,TwoLayerCNN,spectrum_init,id_acc,10,0.991796875,0.00790955341067054,0.9861387213443932,0.9974550286556069
two_concepts,TwoLayerCNN,spectrum_init,alignment,10,0.3447092835355191,0.08435051681248444,0.28436855881002276,0.40505000826101545
two_concepts,TwoLayerCNN,spectrum_init,semantic_auc,10,0.7778152465820313,0.053307170363263184,0.7396815941239739,0.8159488990400886
two_concepts,TwoLayerCNN,spectrum_init,localization_iou,10,0.19905566662395618,0.05263591630174782,0.16140220039447664,0.23670913285343573
two_concepts,TwoLayerCNN,spectrum_init,fidelity_selected,10,0.17946506515188168,0.06118219225204986,0.1356979614008715,0.22323216890289185
two_concepts,TwoLayerCNN,spectrum_init,fidelity_random,10,0.15731777706548344,0.03204840778724977,0.13439172722894382,0.18024382690202306
two_concepts,TwoLayerCNN,spectrum_init,causal_usefulness,10,0.022147288086398202,0.06381273187024497,-0.023501590346963766,0.06779616651976017
two_concepts,TwoLayerCNN,spectrum_init,cf_accuracy,10,0.0572265625,0.03272156401229303,0.03381896570906665,0.08063415929093334
two_concepts,TwoLayerCNN,spectrum_init,cf_accuracy_random,10,0.049658203125,0.02378007111625992,0.03264696502708962,0.06666944122291038
two_concepts,TwoLayerCNN,spectrum_init,refit_test_acc,10,0.994140625,0.006176323555016366,0.9897223492913005,0.9985589007086995
two_concepts,TwoLayerCNN,spectrum_init,nuisance_acc,10,0.99375,0.00847855239380193,0.9876848089923098,0.9998151910076902
two_concepts,TwoLayerCNN,spectrum_init,nuisance_prediction_stability,10,0.992578125,0.009647725808772241,0.9856765577156128,0.9994796922843872
two_concepts,TwoLayerCNN,spectrum_init,nuisance_probability_l2,10,0.0077235638862475755,0.007578076548783,0.002302534492967372,0.013144593279527779
two_concepts,TwoLayerCNN,spectrum_init,drift_l2,10,1.3171212911605834,0.04411408068763126,1.2855639788893596,1.3486786034318072
two_concepts,TwoLayerCNN,spectrum_init,selected_kernel_alignment,10,0.3089379888281587,0.11510465073834587,0.22659708201110712,0.3912788956452103
two_concepts,TwoLayerCNN,spectrum_init,best_semantic_kernel_alignment,10,0.3274043334110667,0.13967025887095827,0.22749024916654748,0.42731841765558587
two_concepts,TwoLayerCNN,spectrum_init,input_effect_mean_square,10,1.8552703499794005,0.03523232643383251,1.830066661950923,1.8804740380078782
two_concepts,TwoLayerCNN,spectrum_init,counterfactual_agreement,10,0.0619140625,0.03485414662562932,0.03698090800902587,0.08684721699097413
two_concepts,TwoLayerCNN,spectrum_retention_1,id_acc,10,0.976171875,0.015455899193462418,0.9651153907736971,0.9872283592263029
two_concepts,TwoLayerCNN,spectrum_retention_1,alignment,10,0.40777785896879315,0.09215901232918544,0.3418512730500458,0.4737044448875405
two_concepts,TwoLayerCNN,spectrum_retention_1,semantic_auc,10,0.7258453369140625,0.04985833447271617,0.6901788330279285,0.7615118408001965
two_concepts,TwoLayerCNN,spectrum_retention_1,localization_iou,10,0.19152110377649342,0.06258910287974842,0.1467475567918507,0.23629465076113615
two_concepts,TwoLayerCNN,spectrum_retention_1,fidelity_selected,10,0.2775581973242037,0.14012017204133764,0.17732226458615855,0.37779413006224893
two_concepts,TwoLayerCNN,spectrum_retention_1,fidelity_random,10,0.25677932238309564,0.036800847557810566,0.23045358193639173,0.2831050628297996
two_concepts,TwoLayerCNN,spectrum_retention_1,causal_usefulness,10,0.02077887494110809,0.15725883518366712,-0.09171731883521031,0.13327506871742648
two_concepts,TwoLayerCNN,spectrum_retention_1,cf_accuracy,10,0.108984375,0.10005220534002625,0.037411338950648756,0.18055741104935125
two_concepts,TwoLayerCNN,spectrum_retention_1,cf_accuracy_random,10,0.08955078125,0.03707791606752938,0.06302683793143683,0.11607472456856317
two_concepts,TwoLayerCNN,spectrum_retention_1,refit_test_acc,10,0.9875,0.0091702171154474,0.9809400218570523,0.9940599781429478
two_concepts,TwoLayerCNN,spectrum_retention_1,nuisance_acc,10,0.980859375,0.01692207457946326,0.9687540520859312,0.9929646979140687
two_concepts,TwoLayerCNN,spectrum_retention_1,nuisance_prediction_stability,10,0.98125,0.016242152218242368,0.9696310642425664,0.9928689357574335
two_concepts,TwoLayerCNN,spectrum_retention_1,nuisance_probability_l2,10,0.012715257843956352,0.00783974217323403,0.007107044139165353,0.01832347154874735
two_concepts,TwoLayerCNN,spectrum_retention_1,drift_l2,10,0.2230876162648201,0.01415763961425719,0.21295985099426712,0.23321538153537308
two_concepts,TwoLayerCNN,spectrum_retention_1,selected_kernel_alignment,10,0.3839676286494607,0.10394912211177301,0.3096069062753787,0.45832835102354275
two_concepts,TwoLayerCNN,spectrum_retention_1,best_semantic_kernel_alignment,10,0.3938306041804246,0.10528347734055414,0.3185153415783923,0.4691458667824569
two_concepts,TwoLayerCNN,spectrum_retention_1,input_effect_mean_square,10,1.5166582703590392,0.052774757434779246,1.4789054831662103,1.5544110575518681
two_concepts,TwoLayerCNN,spectrum_retention_1,counterfactual_agreement,10,0.1224609375,0.10256768367090802,0.049088436654788487,0.19583343834521152
two_concepts,TwoLayerCNN,template_init,id_acc,10,0.987890625,0.013587911821036006,0.9781704184408613,0.9976108315591388
two_concepts,TwoLayerCNN,template_init,alignment,10,0.7885396709679796,0.013565886947002129,0.7788352200545846,0.7982441218813746
two_concepts,TwoLayerCNN,template_init,semantic_auc,10,0.7876617431640625,0.03563404712909207,0.7621706814619524,0.8131528048661725
two_concepts,TwoLayerCNN,template_init,localization_iou,10,0.32628095223582454,0.008806330447263103,0.3199812829339595,0.3325806215376896
two_concepts,TwoLayerCNN,template_init,fidelity_selected,10,0.2403082435792386,0.07938915554174726,0.18351666290186722,0.29709982425660997
two_concepts,TwoLayerCNN,template_init,fidelity_random,10,0.1453414656550745,0.027586478168966172,0.12560728798500798,0.16507564332514102
two_concepts,TwoLayerCNN,template_init,causal_usefulness,10,0.09496677792416411,0.0801337769716326,0.03764252716457734,0.15229102868375088
two_concepts,TwoLayerCNN,template_init,cf_accuracy,10,0.092578125,0.044881284499785595,0.06047198818345094,0.12468426181654906
two_concepts,TwoLayerCNN,template_init,cf_accuracy_random,10,0.0478515625,0.023040805168211442,0.03136916340338811,0.0643339615966119
two_concepts,TwoLayerCNN,template_init,refit_test_acc,10,0.99375,0.007179192058380324,0.988614315381621,0.998885684618379
two_concepts,TwoLayerCNN,template_init,nuisance_acc,10,0.990625,0.010610181660137169,0.9830349332756301,0.9982150667243699
two_concepts,TwoLayerCNN,template_init,nuisance_prediction_stability,10,0.993359375,0.006121176704970395,0.9889805489713245,0.9977382010286756
two_concepts,TwoLayerCNN,template_init,nuisance_probability_l2,10,0.00819932137383148,0.004738373128056659,0.004809693433526577,0.011588949314136385
two_concepts,TwoLayerCNN,template_init,drift_l2,10,1.3043773770332336,0.042181156224588394,1.2742027956254014,1.3345519584410659
two_concepts,TwoLayerCNN,template_init,selected_kernel_alignment,10,0.7889420037223122,0.021202452504314337,0.7737746828994612,0.8041093245451632
two_concepts,TwoLayerCNN,template_init,best_semantic_kernel_alignment,10,0.7983909469837184,0.0350389547011362,0.773325588759648,0.8234563052077888
two_concepts,TwoLayerCNN,template_init,input_effect_mean_square,10,1.8340817451477052,0.06195067690659868,1.7897649005919174,1.878398589703493
two_concepts,TwoLayerCNN,template_init,counterfactual_agreement,10,0.098828125,0.04843329954905337,0.06418102968778272,0.13347522031221729
two_concepts,TwoLayerCNN,template_retention_0.1,id_acc,10,0.987109375,0.013537910136010448,0.9774249374915553,0.9967938125084446
two_concepts,TwoLayerCNN,template_retention_0.1,alignment,10,0.8994341996378244,0.012576578820464207,0.8904374571248987,0.9084309421507502
two_concepts,TwoLayerCNN,template_retention_0.1,semantic_auc,10,0.7765975952148437,0.031028676127385506,0.754401017463443,0.7987941729662444
two_concepts,TwoLayerCNN,template_retention_0.1,localization_iou,10,0.35035865994355003,0.01724843580948314,0.3380198722697397,0.3626974476173604
two_concepts,TwoLayerCNN,template_retention_0.1,fidelity_selected,10,0.26207311339793465,0.07889095024460058,0.20563792732047712,0.31850829947539216
two_concepts,TwoLayerCNN,template_retention_0.1,fidelity_random,10,0.18796977446934215,0.03220151192177651,0.16493420053283347,0.21100534840585083
two_concepts,TwoLayerCNN,template_retention_0.1,causal_usefulness,10,0.07410333892859251,0.07357508073712958,0.021470896814637194,0.12673578104254785
two_concepts,TwoLayerCNN,template_retention_0.1,cf_accuracy,10,0.0986328125,0.07544924094013034,0.044659676941899575,0.15260594805810043
two_concepts,TwoLayerCNN,template_retention_0.1,cf_accuracy_random,10,0.05654296875,0.02889792749232684,0.03587063674961369,0.07721530075038631
two_concepts,TwoLayerCNN,template_retention_0.1,refit_test_acc,10,0.990625,0.007636915780528739,0.9851618795559474,0.9960881204440526
two_concepts,TwoLayerCNN,template_retention_0.1,nuisance_acc,10,0.9890625,0.011170630515378758,0.9810715123165796,0.9970534876834203
two_concepts,TwoLayerCNN,template_retention_0.1,nuisance_prediction_stability,10,0.99140625,0.008398185154477657,0.9853985502519756,0.9974139497480244
two_concepts,TwoLayerCNN,template_retention_0.1,nuisance_probability_l2,10,0.00946326539851725,0.004781857799694913,0.006042530398051287,0.012884000398983214
two_concepts,TwoLayerCNN,template_retention_0.1,drift_l2,10,0.7167328059673309,0.04374939655748478,0.6854363730071117,0.7480292389275501
two_concepts,TwoLayerCNN,template_retention_0.1,selected_kernel_alignment,10,0.8993213589736726,0.01693775604811602,0.887204818212707,0.9114378997346382
two_concepts,TwoLayerCNN,template_retention_0.1,best_semantic_kernel_alignment,10,0.8976737286819508,0.025622057491813854,0.8793448129095515,0.9160026444543502
two_concepts,TwoLayerCNN,template_retention_0.1,input_effect_mean_square,10,1.7244102716445924,0.07563669169890809,1.6703030418916676,1.7785175013975172
two_concepts,TwoLayerCNN,template_retention_0.1,counterfactual_agreement,10,0.10625,0.08226961894784074,0.04739785993263295,0.16510214006736704
two_concepts,TwoLayerCNN,template_retention_1,id_acc,10,0.983984375,0.018177941419574226,0.9709806590688561,0.9969880909311439
two_concepts,TwoLayerCNN,template_retention_1,alignment,10,0.9870372500198302,0.002606320495969863,0.9851728006538192,0.9889016993858413
two_concepts,TwoLayerCNN,template_retention_1,semantic_auc,10,0.7679351806640625,0.014197809574164577,0.7577786795352766,0.7780916817928485
two_concepts,TwoLayerCNN,template_retention_1,localization_iou,10,0.38538449255655777,0.008686195287776113,0.37917076277068373,0.3915982223424318
two_concepts,TwoLayerCNN,template_retention_1,fidelity_selected,10,0.327154793441031,0.055221861965145905,0.28765145312272905,0.3666581337593329
two_concepts,TwoLayerCNN,template_retention_1,fidelity_random,10,0.23961224617696225,0.030724688884056644,0.21763312779940916,0.26159136455451537
two_concepts,TwoLayerCNN,template_retention_1,causal_usefulness,10,0.08754254726406872,0.059728652385896364,0.044815243294440824,0.1302698512336966
two_concepts,TwoLayerCNN,template_retention_1,cf_accuracy,10,0.1138671875,0.05091503810411251,0.07744476337356364,0.15028961162643634
two_concepts,TwoLayerCNN,template_retention_1,cf_accuracy_random,10,0.076220703125,0.028020045991445818,0.05617636971890833,0.09626503653109167
two_concepts,TwoLayerCNN,template_retention_1,refit_test_acc,10,0.990234375,0.010127831501369821,0.9829893607928089,0.9974793892071911
two_concepts,TwoLayerCNN,template_retention_1,nuisance_acc,10,0.984375,0.01390244564066577,0.9744297895008223,0.9943202104991777
two_concepts,TwoLayerCNN,template_retention_1,nuisance_prediction_stability,10,0.98671875,0.009778637164332598,0.9797235343733404,0.9937139656266596
two_concepts,TwoLayerCNN,template_retention_1,nuisance_probability_l2,10,0.011365010030567646,0.004952631143600352,0.007822111139180205,0.014907908921955086
two_concepts,TwoLayerCNN,template_retention_1,drift_l2,10,0.20220384001731873,0.017872285701243728,0.18941877701513737,0.21498890301950008
two_concepts,TwoLayerCNN,template_retention_1,selected_kernel_alignment,10,0.9882679111521859,0.0019349188339133998,0.9868837536018191,0.9896520687025527
two_concepts,TwoLayerCNN,template_retention_1,best_semantic_kernel_alignment,10,0.9869446621579747,0.0035720766773549113,0.984389352438109,0.9894999718778404
two_concepts,TwoLayerCNN,template_retention_1,input_effect_mean_square,10,1.5138568162918091,0.09927984488693367,1.44283629362649,1.5848773389571282
two_concepts,TwoLayerCNN,template_retention_1,counterfactual_agreement,10,0.1240234375,0.060768732755841375,0.08055210485494904,0.16749477014505096
