task,architecture,profile,method,t_stat,p_two_sided,n,mean,sd,ci_low,ci_high,p_holm_within_setting
single_shape,TinyCNN,template_init,contrast,9.359523339161859,1.7284777962788536e-12,50,0.06803565884694104,0.05140056174855869,0.05342778082728657,0.08264353686659552,6.913911185115414e-12
single_shape,TinyCNN,retention_0p1,contrast,5.778025691178668,5.134365146141353e-07,50,0.038713373200646675,0.04737688992033307,0.02524901006212068,0.05217773633917267,5.134365146141353e-07
single_shape,TinyCNN,release_early,contrast,8.468534414478388,3.7035385561455943e-11,50,0.06855164778789598,0.05723934348009461,0.05228440636021309,0.08481888921557887,1.1110615668436782e-10
single_shape,TinyCNN,release_default,contrast,8.279912326210919,7.154028129139696e-11,50,0.07188896911159681,0.06139337658250641,0.05444116453858331,0.08933677368461032,1.4308056258279391e-10
single_shape,TinyCNN,release_late,contrast,10.310451057761146,7.224894452959381e-14,50,0.07954582671136703,0.05455376604533481,0.06404181794583316,0.0950498354769009,3.6124472264796906e-13
single_shape,TinyCNN,template_init,auroc,10.649052159459668,2.3949619067891393e-14,50,0.08500349585626851,0.05644309694843288,0.06896254518908326,0.10104444652345376,7.184885720367418e-14
single_shape,TinyCNN,retention_0p1,auroc,8.430463375703965,4.228856402420446e-11,50,0.05130024574970972,0.043028182472979515,0.039071771593192466,0.06352871990622698,4.228856402420446e-11
single_shape,TinyCNN,release_early,auroc,11.670062911992526,9.36487189178703e-16,50,0.09117776580186542,0.05524598879898413,0.0754770295064418,0.10687850209728902,3.745948756714812e-15
single_shape,TinyCNN,release_default,auroc,10.316875549278368,7.074171634544152e-14,50,0.08777128244044724,0.06015742722749149,0.07067473078768095,0.10486783409321353,1.4148343269088305e-13
single_shape,TinyCNN,release_late,auroc,12.032300685454564,3.062176516103151e-16,50,0.08665522060328104,0.050925002387838335,0.07218249505854485,0.10112794614801723,1.5310882580515754e-15
single_shape,TinyCNN,template_init,validation_patch,11.018882815152182,7.28926190452588e-15,50,0.08143761072916993,0.052260367730783505,0.06658537855303075,0.0962898429053091,1.6595979747213077e-14
single_shape,TinyCNN,retention_0p1,validation_patch,8.886897916120613,8.697207482294424e-12,50,0.05416651052103333,0.043098848736809664,0.04191795323454591,0.06641506780752074,8.697207482294424e-12
single_shape,TinyCNN,release_early,validation_patch,11.183195148866792,4.3209666749129944e-15,50,0.0807224151620645,0.05104030323626743,0.06621692147876877,0.09522790884536024,1.6595979747213077e-14
single_shape,TinyCNN,release_default,validation_patch,11.196002138470453,4.148994936803269e-15,50,0.07446472339870086,0.047029743495203884,0.06109901818259316,0.08783042861480855,1.6595979747213077e-14
single_shape,TinyCNN,release_late,validation_patch,12.641905959946092,4.848682007670264e-17,50,0.07299528889817183,0.04082886230771211,0.061391854616851926,0.08459872317949174,2.424341003835132e-16
single_shape,TwoLayerCNN,template_init,contrast,0.9849087716888997,0.32950734254168546,50,0.007621872551820801,0.05472057840941295,-0.007929543763041886,0.02317328886668349,0.9885220276250564
single_shape,TwoLayerCNN,retention_0p1,contrast,0.058105994988508956,0.9539005165503385,50,0.00031355066627630545,0.03815678613082554,-0.01053048796792739,0.011157589300480003,1.0
single_shape,TwoLayerCNN,release_early,contrast,0.004211614588115904,0.9966567277909515,50,3.14936980811853e-05,0.05287617613607484,-0.014995749290429636,0.015058736686592007,1.0
single_shape,TwoLayerCNN,release_default,contrast,-1.6081880112844957,0.11421916386301285,50,-0.01018095084226206,0.044764787008581025,-0.022902962547036887,0.0025410608625127656,0.4568766554520514
single_shape,TwoLayerCNN,release_late,contrast,-2.595652012537055,0.012423968731544855,50,-0.01236686454273066,0.033689777127069664,-0.02194139326459582,-0.002792335820865499,0.06211984365772427
single_shape,TwoLayerCNN,template_init,auroc,0.7924579250014279,0.4319138319589927,50,0.006759187282481694,0.06031193596485348,-0.010381275267589484,0.023899649832552872,0.8638276639179854
single_shape,TwoLayerCNN,retention_0p1,auroc,-1.3676626681781474,0.1776581127625152,50,-0.006624409681686483,0.034249417756778214,-0.016357986510722462,0.0031091671473494984,0.5329743382875456
single_shape,TwoLayerCNN,release_early,auroc,-0.5581827555250553,0.5792612817953777,50,-0.004605994907057459,0.05834881498313927,-0.021188544647167767,0.01197655483305285,0.8638276639179854
single_shape,TwoLayerCNN,release_default,auroc,-2.1467267986240923,0.03679130852361802,50,-0.014390878837476988,0.04740187721947673,-0.027862343287846945,-0.0009194143871070308,0.14716523409447207
single_shape,TwoLayerCNN,release_late,auroc,-3.4435111505418914,0.0011851235903775675,50,-0.01653849750596556,0.03396092890613912,-0.026190086710804337,-0.006886908301126784,0.005925617951887838
single_shape,TwoLayerCNN,template_init,validation_patch,-2.3940254449344764,0.02053659501873834,50,-0.023869869470732098,0.07050278686262824,-0.0439065398007767,-0.0038331991406874953,0.06160978505621502
single_shape,TwoLayerCNN,retention_0p1,validation_patch,-0.4018353586218664,0.6895525746223404,50,-0.0034347482409426977,0.060441016966966944,-0.02061189520591876,0.013742398724033364,0.6895525746223404
single_shape,TwoLayerCNN,release_early,validation_patch,-1.7639839061558507,0.08396841740091845,50,-0.017319793925132297,0.06942775209272563,-0.037050942754022,0.0024113549037574032,0.1679368348018369
single_shape,TwoLayerCNN,release_default,validation_patch,-2.720105725706293,0.009005305102343155,50,-0.022531881765049677,0.058572893834202645,-0.039178114010015294,-0.005885649520084062,0.03602122040937262
single_shape,TwoLayerCNN,release_late,validation_patch,-3.175397739566874,0.0025876983547313236,50,-0.01977756301476329,0.04404125111265879,-0.03229394809307873,-0.007261177936447849,0.012938491773656618
two_concepts,TinyCNN,template_init,contrast,25.162642250767696,1.1214228025899827e-29,50,0.34556895548309136,0.09710989384757118,0.3179706290140875,0.3731672819520952,5.607114012949913e-29
two_concepts,TinyCNN,retention_0p1,contrast,12.731551520552282,3.7125106937166854e-17,50,0.1662628848044848,0.09234193736333332,0.14001959657544183,0.1925061730335278,3.7125106937166854e-17
two_concepts,TinyCNN,release_early,contrast,16.919748596288617,4.2157258868572453e-22,50,0.3224473572915073,0.13475656072485598,0.28414996647608387,0.36074474810693075,1.2647177660571736e-21
two_concepts,TinyCNN,release_default,contrast,17.804834008857313,4.883087888947747e-23,50,0.28619381253432746,0.11365991139034622,0.2538920231212678,0.31849560194738713,1.9532351555790987e-22
two_concepts,TinyCNN,release_late,contrast,13.353774727545801,5.984955591573221e-18,50,0.19342474861844042,0.10242194000417955,0.1643167553354803,0.22253274190140054,1.1969911183146443e-17
two_concepts,TinyCNN,template_init,auroc,22.459840724883573,1.8985561109448575e-27,50,0.3340609321814058,0.1051729410588667,0.30417111304923816,0.36395075131357346,9.492780554724287e-27
two_concepts,TinyCNN,retention_0p1,auroc,12.746200802185943,3.5543596799011956e-17,50,0.1621013324142774,0.08992715019039453,0.13654431910647505,0.18765834572207976,3.5543596799011956e-17
two_concepts,TinyCNN,release_early,auroc,17.458644043779277,1.1239523281092976e-22,50,0.31202408203857673,0.12637541824538195,0.2761085855612815,0.347939578515872,3.371856984327893e-22
two_concepts,TinyCNN,release_default,auroc,17.80961878972397,4.827551521845701e-23,50,0.267378313393728,0.10615893623282728,0.23720827753358675,0.2975483492538692,1.9310206087382805e-22
two_concepts,TinyCNN,release_late,auroc,15.825246841367257,6.792780283850536e-21,50,0.19347098907568647,0.08644708655076297,0.16890299891119243,0.2180389792401805,1.3585560567701072e-20
two_concepts,TinyCNN,template_init,validation_patch,30.454676028076232,1.6917231305202533e-33,50,0.3232909689094201,0.0750627707224573,0.3019583655053008,0.3446235723135394,5.07516939156076e-33
two_concepts,TinyCNN,retention_0p1,validation_patch,20.45373665810457,1.205403956212094e-25,50,0.16104910263666894,0.055676336545221736,0.14522606286499493,0.17687214240834295,1.205403956212094e-25
two_concepts,TinyCNN,release_early,validation_patch,32.98953370129855,4.0233247515079774e-35,50,0.27782318346196694,0.05954938883815091,0.26089943440747193,0.29474693251646195,2.011662375753989e-34
two_concepts,TinyCNN,release_default,validation_patch,32.54894416750199,7.559037521286956e-35,50,0.2305055919219857,0.05007599211534245,0.2162741524269764,0.244737031416995,3.0236150085147823e-34
two_concepts,TinyCNN,release_late,validation_patch,26.055189285662937,2.2834446844327436e-30,50,0.16030127211439862,0.04350385456892192,0.14793761344396747,0.17266493078482978,4.566889368865487e-30
two_concepts,TwoLayerCNN,template_init,contrast,-0.4450171701259686,0.6582670700402302,50,-0.005827046562752284,0.09258843063618376,-0.0321403874048402,0.020486294279335637,0.6582670700402302
two_concepts,TwoLayerCNN,retention_0p1,contrast,-1.1513053627659902,0.25519362921921984,50,-0.014132850066962816,0.08680089959655114,-0.038801392786503214,0.010535692652577585,0.5103872584384397
two_concepts,TwoLayerCNN,release_early,contrast,-3.1368104895675106,0.0028877032557546377,50,-0.04199140704391331,0.09465796155383782,-0.06889290206514971,-0.01508991202267691,0.01155081302301855
two_concepts,TwoLayerCNN,release_default,contrast,-2.954607150304674,0.004800266091717658,50,-0.04155963950197785,0.09946196370805677,-0.06982641682923799,-0.013292862174717712,0.014400798275152973
two_concepts,TwoLayerCNN,release_late,contrast,-3.899385471925772,0.00029348214621493336,50,-0.0452308812723662,0.08202077762509184,-0.06854092835873182,-0.021920834186000583,0.0014674107310746667
two_concepts,TwoLayerCNN,template_init,auroc,0.5488006177801881,0.5856344460675217,50,0.0073524273886437655,0.0947329703403149,-0.01957038489384397,0.034275239671131504,1.0
two_concepts,TwoLayerCNN,retention_0p1,auroc,-0.45170640039140253,0.6534736284710175,50,-0.005758120891406618,0.09013833600049746,-0.03137515254236554,0.019858910759552303,1.0
two_concepts,TwoLayerCNN,release_early,auroc,-2.0343312715736412,0.04734924583075321,50,-0.030922519992506396,0.10748261054436799,-0.06146873992968796,-0.00037630005532483454,0.14204773749225963
two_concepts,TwoLayerCNN,release_default,auroc,-2.416926035723114,0.019420477171645134,50,-0.03377460715902639,0.09881251391672813,-0.06185681289778857,-0.005692401420264205,0.07768190868658054
two_concepts,TwoLayerCNN,release_late,auroc,-2.5658560941487973,0.013401704843166076,50,-0.031089479219352886,0.08567737539799775,-0.05543871989459105,-0.006740238544114718,0.06700852421583038
two_concepts,TwoLayerCNN,template_init,validation_patch,-1.442369626826087,0.15556000874313206,50,-0.011978322616293842,0.05872248688333496,-0.02866706873542688,0.004710423502839196,0.3111200174862641
two_concepts,TwoLayerCNN,retention_0p1,validation_patch,7.072529183454568,5.1220742443134335e-09,50,0.04060638852714431,0.04059799817328503,0.02906856510687532,0.052144211947413296,2.5610371221567168e-08
two_concepts,TwoLayerCNN,release_early,validation_patch,0.9297763598032533,0.3570449829609112,50,0.0067027406938561926,0.05097519793000178,-0.007784250266122751,0.021189731653835135,0.3570449829609112
two_concepts,TwoLayerCNN,release_default,validation_patch,2.8878252732657725,0.005759081537704047,50,0.01772846126986362,0.04340953484954812,0.005391607967089741,0.030065314572637496,0.01727724461311214
two_concepts,TwoLayerCNN,release_late,validation_patch,3.571605385513852,0.000807202939426923,50,0.016706402487406104,0.03307535187395031,0.007306491490414631,0.026106313484397577,0.003228811757707692
