task,architecture,block,condition,id_acc,test_ce,alignment,initial_alignment,semantic_auc,localization_iou,fidelity_selected,fidelity_random,cf_accuracy,cf_accuracy_random,nuisance_acc,nuisance_prediction_stability,nuisance_probability_l2,refit_test_acc,refit_val_acc,refit_converged,drift_l2,seconds,causal_usefulness,epoch,early_acc,first95,attained95,val_acc40,val_acc200,late_ce_slope
single_shape,TinyCNN,2000,random,1.0,0.0033108927309513,0.3112053808695376,0.1781882283015182,0.95977783203125,0.296953096602788,0.4527738432767326,0.1669135783171451,0.3177083432674408,0.0543619787786155,1.0,1.0,0.0001005916419671,1.0,1.0,True,2.3314077854156494,0.5536670684814453,0.2858602649595875,200,0.88125,7.0,True,1.0,1.0,-1.2540661631837329e-05
single_shape,TinyCNN,2000,random_unitnorm,1.0,0.0033165386412292,0.308409461350641,0.1781882303664962,0.95819091796875,0.3195280900017536,0.4981932259802224,0.1824320605993561,0.3671875,0.0651041669771075,1.0,1.0,8.647648792248219e-05,1.0,1.0,True,2.3818166255950928,0.521547794342041,0.3157611653808663,200,0.908203125,6.0,True,1.0,1.0,-1.2787227445330556e-05
single_shape,TinyCNN,2000,template_init,1.0,0.0032374199945479,0.5740882543980911,1.0,0.9721883138020834,0.4213945808366296,0.4617805772332852,0.1662467690447336,0.3411458432674408,0.0799153645057231,1.0,1.0,8.49291100166738e-05,1.0,1.0,True,2.549302577972412,0.4590356349945068,0.2955338081885515,200,0.70703125,8.0,True,1.0,1.0,-1.707139172892401e-05
single_shape,TinyCNN,2000,template_release,1.0,0.0042906026355922,0.6816283272427761,1.0,0.9631144205729169,0.429448993927474,0.4561903586488024,0.1878533725702132,0.2708333432674408,0.0966796876164153,1.0,1.0,7.232830830616876e-05,1.0,1.0,True,1.655890703201294,0.5492134094238281,0.2683369860785891,200,0.71015625,8.0,True,0.9921875,1.0,-2.6512430119503148e-05
single_shape,TinyCNN,2000,template_retention_1,1.0,0.0911258831620216,0.9585087768085676,1.0,0.9331868489583331,0.5361988938170229,0.6328744342091226,0.2988080991711237,0.4296875,0.083821615204215,1.0,1.0,0.0019240385154262,1.0,1.0,True,0.286116361618042,0.4572334289550781,0.3340663350379989,200,0.71015625,8.0,True,0.9921875,1.0,-0.00037978199639714544
single_shape,TinyCNN,2001,random,1.0,0.0022691888734698,0.3199572261923319,0.172555832020588,0.96905517578125,0.3543186551612329,0.4130704820942563,0.1412515472238873,0.296875,0.0696614576008869,1.0,1.0,1.124444133893121e-05,1.0,1.0,True,2.168242931365967,0.4987473487854004,0.2718189348703689,200,0.87734375,6.0,True,1.0,1.0,-2.672948307336533e-05
single_shape,TinyCNN,2001,random_unitnorm,1.0,0.002769129583612,0.3037893639126269,0.1725558327423155,0.9662272135416669,0.3426312555862311,0.4060378862266849,0.1493322491306712,0.2434895783662796,0.0719401046517305,1.0,1.0,2.758706068561878e-05,1.0,1.0,True,2.2292630672454834,0.5225331783294678,0.2567056370960137,200,0.88359375,6.0,True,0.99609375,1.0,-3.135431403840218e-05
single_shape,TinyCNN,2001,template_init,1.0,0.0037439703010022,0.6445900958608176,1.0,0.9829915364583331,0.4061093480935117,0.4681828485368353,0.1395653114481747,0.3528645932674408,0.051269530551508,1.0,1.0,0.0002894552890211,1.0,1.0,True,2.3224573135375977,0.4940559864044189,0.3286175370886606,200,0.900390625,5.0,True,1.0,1.0,-3.179935248274748e-05
single_shape,TinyCNN,2001,template_release,1.0,0.0052465721964836,0.7049252546347982,1.0,0.975830078125,0.431151168991527,0.5105391246278184,0.1591684789781778,0.41796875,0.0748697905801236,1.0,1.0,0.0011130650527775,1.0,1.0,True,1.5200953483581543,0.4820921421051025,0.3513706456496405,200,0.898828125,5.0,True,1.0,1.0,-3.455903037990049e-05
single_shape,TinyCNN,2001,template_retention_1,0.99609375,0.0806734710931778,0.9628938062140404,1.0,0.9346516927083331,0.5367191507507012,0.692055427333903,0.3043356160965191,0.5481770634651184,0.0958658874151296,1.0,0.99609375,0.0021203046198934,0.99609375,1.0,True,0.2770794332027435,0.508357048034668,0.3877198112373838,200,0.898828125,5.0,True,0.99609375,0.99609375,-0.0002997958794572268
single_shape,TinyCNN,2002,random,1.0,0.0020728660747408,0.3240392195230074,0.1704622214061759,0.97998046875,0.3951882163199571,0.426818578477048,0.1557669579147376,0.2890625,0.0709635413368232,1.0,1.0,2.762090844043996e-05,1.0,1.0,True,2.3332908153533936,0.4930927753448486,0.2710516205623104,200,0.84609375,8.0,True,1.0,1.0,-2.6672931836175887e-05
single_shape,TinyCNN,2002,random_unitnorm,1.0,0.0024474067613482,0.3068398124253176,0.17046222207847,0.9806925455729166,0.4065717288612923,0.3769333272335546,0.1660391599389147,0.2760416567325592,0.0831705727614462,1.0,1.0,5.075025910628028e-05,1.0,1.0,True,2.384342670440674,0.5257208347320557,0.2108941672946399,200,0.853515625,7.0,True,1.0,1.0,-3.065549474405515e-05
single_shape,TinyCNN,2002,template_init,1.0,0.0028817360289394,0.5969471177091557,1.0,0.98297119140625,0.3696557920819059,0.5254426312777289,0.1299376971035486,0.4088541567325592,0.0367838544771075,1.0,1.0,7.424542855005711e-05,1.0,1.0,True,2.6346240043640137,0.5685594081878662,0.3955049341741803,200,0.763671875,9.0,True,1.0,1.0,-3.646911065885373e-05
single_shape,TinyCNN,2002,template_release,1.0,0.0031036455184221,0.7004363647649506,1.0,0.9814249674479166,0.3810646395664663,0.6309842341629589,0.1719129391867396,0.53125,0.0917968736030161,1.0,1.0,6.317992665572092e-05,1.0,1.0,True,1.677480936050415,0.5240836143493652,0.4590712949762192,200,0.74921875,12.0,True,0.99609375,1.0,-5.139558281945453e-05
single_shape,TinyCNN,2002,template_retention_1,1.0,0.0684500411152839,0.9625192459719965,1.0,0.9400838216145834,0.4968380686867634,0.6342179561482763,0.2861075119482488,0.5260416865348816,0.0880533843301236,1.0,1.0,0.0011145843891426,1.0,1.0,True,0.2759558856487274,0.4837813377380371,0.3481104442000274,200,0.74921875,12.0,True,0.99609375,1.0,-0.0003760107141688329
single_shape,TinyCNN,2003,random,1.0,0.0030977050773799,0.3316816232560384,0.1619630300243563,0.9824625651041666,0.3404551310775381,0.4157130908193183,0.172210024669855,0.3216145932674408,0.1017252593301236,1.0,1.0,0.0004460788040887,1.0,1.0,True,2.2250239849090576,0.4783143997192383,0.2435030661494632,200,0.768359375,10.0,True,1.0,1.0,-2.3372216969448405e-05
single_shape,TinyCNN,2003,random_unitnorm,1.0,0.0032052765600383,0.3048400657348296,0.1619630284816084,0.99041748046875,0.3524411204470751,0.434888281581409,0.1801059154679484,0.3424479067325592,0.1022135405801236,1.0,1.0,0.0003680287336464,1.0,1.0,True,2.2677793502807617,0.4513289928436279,0.2547823661134606,200,0.76796875,10.0,True,1.0,1.0,-2.534384874248861e-05
single_shape,TinyCNN,2003,template_init,1.0,0.0044085066765546,0.6304106482648991,1.0,0.97625732421875,0.4814121454109468,0.4343918716036836,0.1781849554217846,0.3229166567325592,0.0807291660457849,1.0,1.0,0.0002226295764558,1.0,1.0,True,2.34368896484375,0.481332778930664,0.256206916181899,200,0.804296875,7.0,True,1.0,1.0,-2.786000924451078e-05
single_shape,TinyCNN,2003,template_release,1.0,0.0039709811098873,0.6939810178211835,1.0,0.9876302083333331,0.4776754824876288,0.4779951357372707,0.1973106407995013,0.3776041567325592,0.1090494796517305,1.0,1.0,0.0016386533388867,1.0,1.0,True,1.5326685905456543,0.4710392951965332,0.2806844949377693,200,0.795703125,8.0,True,1.0,1.0,-3.226683527595246e-05
single_shape,TinyCNN,2003,template_retention_1,1.0,0.0822031274437904,0.9550392215697696,1.0,0.9438883463541666,0.5804089392395095,0.6610279556062169,0.314117727234408,0.5481770634651184,0.1228841148986248,0.99609375,0.99609375,0.0036272471770644,1.0,1.0,True,0.2981840968132019,0.5184445381164551,0.3469102283718088,200,0.795703125,8.0,True,1.0,1.0,-0.0003257106289379563
single_shape,TinyCNN,2004,random,1.0,0.0018718739738687,0.2952689528731302,0.1506518033006179,0.9577840169270834,0.2514389809394817,0.4220000122991966,0.1229211462563761,0.3567708432674408,0.0467122392728924,1.0,1.0,6.899208983668359e-06,1.0,1.0,True,2.371904134750366,0.481163740158081,0.2990788660428205,200,0.831640625,7.0,True,1.0,1.0,-2.4688433281572253e-05
single_shape,TinyCNN,2004,random_unitnorm,1.0,0.0022441777400672,0.2964552363679439,0.1506518025216334,0.9566446940104166,0.2405080558754564,0.4642772064319375,0.1257910919344975,0.3580729067325592,0.0462239575572311,1.0,1.0,1.2054717444698326e-05,1.0,1.0,True,2.438293933868408,0.4784700870513916,0.33848611449744,200,0.798046875,8.0,True,1.0,1.0,-2.5157164957346617e-05
single_shape,TinyCNN,2004,template_init,1.0,0.002351896604523,0.5903703859459211,1.0,0.9736735026041669,0.4305073610172588,0.4686563410600792,0.1631095627676826,0.35546875,0.0644531252328306,1.0,1.0,2.7789545129053295e-05,1.0,1.0,True,2.5683445930480957,0.473907470703125,0.3055467782923966,200,0.750390625,6.0,True,1.0,1.0,-2.9665692289239452e-05
single_shape,TinyCNN,2004,template_release,1.0,0.0026988808531314,0.6745580984279064,1.0,0.9716796875,0.5433248717961937,0.5939485911294975,0.1678588470677424,0.4947916567325592,0.067220052704215,1.0,1.0,1.943413371918723e-05,1.0,1.0,True,1.6581008434295654,0.5444574356079102,0.426089744061755,200,0.755859375,6.0,True,1.0,1.0,-3.549453707874205e-05
single_shape,TinyCNN,2004,template_retention_1,1.0,0.0782432407140731,0.9585795279341262,1.0,0.9328816731770834,0.5963869781538489,0.625702884522082,0.3260136542178198,0.4973958432674408,0.1171875009313225,1.0,1.0,0.0010836453875526,1.0,1.0,True,0.2936855852603912,0.5047576427459717,0.2996892303042621,200,0.755859375,6.0,True,1.0,1.0,-0.0004094071910345453
single_shape,TinyCNN,2005,random,1.0,0.0039000161923468,0.2976038327247463,0.1703590218926116,0.9571329752604169,0.2856871583649886,0.3462790776626679,0.1497659793864905,0.1888020783662796,0.0441080729942768,1.0,1.0,0.0001632935018278,1.0,1.0,True,2.465370178222656,0.4699301719665527,0.1965130982761774,200,0.700390625,12.0,True,1.0,1.0,-2.0377962723990803e-05
single_shape,TinyCNN,2005,random_unitnorm,1.0,0.0040826061740517,0.2997906611953804,0.1703590225789551,0.9683024088541666,0.3369559734840025,0.4151210065618457,0.1576331017579888,0.29296875,0.0592447921517305,1.0,1.0,7.998030196176842e-05,1.0,1.0,True,2.543713092803955,0.5180413722991943,0.2574879048038568,200,0.7640625,11.0,True,1.0,1.0,-2.0741777935701826e-05
single_shape,TinyCNN,2005,template_init,1.0,0.0038997586816549,0.6027083184594,1.0,0.96636962890625,0.4069874723945546,0.4274012050118051,0.1575107209676693,0.3098958432674408,0.0634765634749783,1.0,1.0,0.0003314091300126,1.0,1.0,True,2.668296813964844,0.4866044521331787,0.2698904840441358,200,0.76875,9.0,True,1.0,1.0,-2.5021164376932564e-05
single_shape,TinyCNN,2005,template_release,1.0,0.0040207765996456,0.6758713030133355,1.0,0.96624755859375,0.4333961858840886,0.4091269391687538,0.1662926909797233,0.2916666567325592,0.0662434896657941,1.0,1.0,0.0001732237433316,1.0,1.0,True,1.6739811897277832,0.4715287685394287,0.2428342481890305,200,0.74609375,11.0,True,1.0,1.0,-2.853176223912171e-05
single_shape,TinyCNN,2005,template_retention_1,1.0,0.0923641994595527,0.9556196156770456,1.0,0.92962646484375,0.597009829337976,0.622725820811162,0.2866636196424701,0.4635416567325592,0.0984700510161928,1.0,1.0,0.0015720948576927,1.0,1.0,True,0.3004801273345947,0.5109012126922607,0.3360622011686918,200,0.74609375,11.0,True,1.0,1.0,-0.00040444055558147167
single_shape,TinyCNN,2006,random,1.0,0.0024393266066908,0.2622727378970173,0.1297978272153516,0.96923828125,0.2273731649533893,0.4120838864929967,0.126445500382406,0.3033854067325592,0.0340169265400618,1.0,1.0,1.5553672710666433e-05,1.0,1.0,True,2.386916160583496,0.5396981239318848,0.2856383861105908,200,0.7515625,10.0,True,1.0,1.0,-2.1486550296439568e-05
single_shape,TinyCNN,2006,random_unitnorm,1.0,0.0027972483076155,0.248021875419582,0.1297978262528433,0.9632364908854166,0.2434380206299634,0.4290121717254362,0.1386088097942537,0.3385416567325592,0.0441080723539926,1.0,1.0,2.4784983907011338e-05,1.0,1.0,True,2.4118800163269043,0.5015709400177002,0.2904033619311825,200,0.7484375,9.0,True,1.0,1.0,-2.333034369114188e-05
single_shape,TinyCNN,2006,template_init,1.0,0.0030766876880079,0.6102012096729015,1.0,0.9789835611979166,0.437204196243755,0.444950505092102,0.1363541067946557,0.3203125,0.0356445311917923,1.0,1.0,1.896440517157316e-05,1.0,1.0,True,2.7374677658081055,0.4909496307373047,0.3085963982974463,200,0.65703125,7.0,True,1.0,1.0,-2.7890801709845516e-05
single_shape,TinyCNN,2006,template_release,1.0,0.0032528403680771,0.6627879404871183,1.0,0.9746500651041666,0.4707266850634783,0.5424521727324001,0.1417892666738107,0.4010416567325592,0.0379231777915265,1.0,1.0,6.536884029628709e-05,1.0,1.0,True,1.7857890129089355,0.4490783214569092,0.4006629060585894,200,0.655859375,8.0,True,0.9921875,1.0,-2.978960353236967e-05
single_shape,TinyCNN,2006,template_retention_1,1.0,0.0862968564033508,0.955949914064964,1.0,0.9398600260416669,0.5539644192901012,0.7006078810882781,0.2401836477521582,0.5703125,0.0485026039241347,1.0,1.0,0.002004436450079,1.0,1.0,True,0.2935706973075866,0.4952461719512939,0.4604242333361198,200,0.655859375,8.0,True,0.98828125,1.0,-0.000431326984014726
single_shape,TinyCNN,2007,random,1.0,0.003155443817377,0.2822440463653936,0.149938698073271,0.9666341145833331,0.3512359291579073,0.3022151959581017,0.1478917515672097,0.1614583283662796,0.0572916668606922,1.0,1.0,5.059644900029525e-05,1.0,1.0,True,2.2920010089874268,0.4758915901184082,0.154323444390892,200,0.808203125,9.0,True,1.0,1.0,-1.7992242176391208e-05
single_shape,TinyCNN,2007,random_unitnorm,1.0,0.003145333379507,0.2828358060199172,0.1499386982306981,0.9748128255208331,0.3641379722600252,0.3271841815498045,0.1635274228469656,0.1822916716337204,0.065755208954215,1.0,1.0,0.0001401609624736,1.0,1.0,True,2.3559136390686035,0.4849758148193359,0.1636567587028389,200,0.8234375,8.0,True,1.0,1.0,-1.9829290309795117e-05
single_shape,TinyCNN,2007,template_init,1.0,0.007609371561557,0.627744025505712,1.0,0.976806640625,0.3277532217050676,0.419904633573703,0.1478120010645569,0.2903645932674408,0.0571289059880655,0.99609375,0.99609375,0.0005869485903531,1.0,1.0,True,2.612112045288086,0.4568235874176025,0.272092632509146,200,0.66953125,11.0,True,1.0,1.0,-2.5907265113428584e-05
single_shape,TinyCNN,2007,template_release,1.0,0.0070159276947379,0.6998566148344507,1.0,0.97332763671875,0.4044326200491461,0.4109899115801966,0.1635319305380087,0.3372395932674408,0.0673828114522621,0.99609375,0.99609375,0.0012823367724195,1.0,1.0,True,1.6627304553985596,0.4769401550292969,0.2474579810421878,200,0.666796875,11.0,True,1.0,1.0,-2.9527088732255247e-05
single_shape,TinyCNN,2007,template_retention_1,1.0,0.0895691439509391,0.960397275837762,1.0,0.9497273763020831,0.4949791462540185,0.6589185696330084,0.2917230679722709,0.45703125,0.0895182306994684,0.99609375,0.99609375,0.0015366319566965,1.0,1.0,True,0.2822099328041076,0.465087890625,0.3671955016607375,200,0.666796875,11.0,True,1.0,1.0,-0.00035225266128554504
single_shape,TinyCNN,2008,random,1.0,0.0026434566825628,0.2733970078883864,0.1520064339585546,0.978271484375,0.3909117981212889,0.3371735851931083,0.1404804589594861,0.2005208283662796,0.0590820306679233,1.0,1.0,1.5547362636425532e-05,1.0,1.0,True,2.2422072887420654,0.468198299407959,0.1966931262336222,200,0.73359375,10.0,True,1.0,1.0,-2.155657332474602e-05
single_shape,TinyCNN,2008,random_unitnorm,1.0,0.0027904463931918,0.2529280074626718,0.152006432747133,0.9689127604166666,0.3806116380189757,0.4353580308342141,0.1413752980645227,0.2916666567325592,0.0543619795935228,1.0,1.0,1.0944964742520824e-05,1.0,1.0,True,2.3147740364074707,0.4765286445617676,0.2939827327696913,200,0.675390625,10.0,True,1.0,1.0,-2.3504700406660056e-05
single_shape,TinyCNN,2008,template_init,1.0,0.0039359759539365,0.6212012877008175,1.0,0.9864501953125,0.4063726198593563,0.5325892328964028,0.1439865568927689,0.4205729067325592,0.0572916667442768,1.0,1.0,3.1348532502306625e-05,1.0,1.0,True,2.526224136352539,0.4496598243713379,0.3886026760036338,200,0.770703125,9.0,True,1.0,1.0,-2.9885276094695442e-05
single_shape,TinyCNN,2008,template_release,1.0,0.003822149708867,0.7175539486526024,1.0,0.9828694661458331,0.4343675038157338,0.4555200887347276,0.1519534664290049,0.296875,0.0646158856688998,1.0,1.0,1.527056701888796e-05,1.0,1.0,True,1.6221661567687988,0.466780424118042,0.3035666223057226,200,0.768359375,9.0,True,1.0,1.0,-3.607865524499331e-05
single_shape,TinyCNN,2008,template_retention_1,1.0,0.0749845206737518,0.9639066049485788,1.0,0.9501139322916666,0.516824247097803,0.6783219810418234,0.2806423842650163,0.5390625,0.0735677095653954,1.0,1.0,0.0009070145897567,1.0,1.0,True,0.2744825482368469,0.5392966270446777,0.397679596776807,200,0.768359375,9.0,True,1.0,1.0,-0.00037160164543560486
single_shape,TinyCNN,2009,random,1.0,0.0021768347360193,0.3028249836755248,0.1622195415009213,0.9752400716145834,0.4114241979792742,0.4507192140400773,0.1696892840932423,0.28125,0.0911458341142861,1.0,1.0,2.728019899223e-05,1.0,1.0,True,2.2374658584594727,0.4900925159454345,0.2810299299468349,200,0.747265625,8.0,True,1.0,1.0,-3.926270830452146e-05
single_shape,TinyCNN,2009,random_unitnorm,1.0,0.0023042457178235,0.277488196835352,0.1622195417059349,0.97833251953125,0.4118565746605087,0.4972277144604659,0.160024755047951,0.37890625,0.0791015640716068,1.0,1.0,2.63427609752398e-05,1.0,1.0,True,2.267754554748535,0.5170342922210693,0.3372029594125149,200,0.786328125,7.0,True,1.0,1.0,-3.8694917343391894e-05
single_shape,TinyCNN,2009,template_init,1.0,0.0031755464151501,0.6023456726721257,1.0,0.9821980794270831,0.4024220754057422,0.5288525579577803,0.1501320579580205,0.4244791567325592,0.0714518227032385,1.0,1.0,4.777379217557609e-05,1.0,0.99609375,True,2.477677345275879,0.4900770187377929,0.3787204999997597,200,0.831640625,6.0,True,1.0,1.0,-3.746393437784522e-05
single_shape,TinyCNN,2009,template_release,1.0,0.0035709317307919,0.6851251619448084,1.0,0.9753214518229169,0.3754692822423979,0.539553385356514,0.1655627460642551,0.4427083432674408,0.0826822927920147,1.0,1.0,0.000297383259749,1.0,1.0,True,1.6105471849441528,0.4992868900299072,0.3739906392922588,200,0.822265625,7.0,True,1.0,1.0,-5.580432103820727e-05
single_shape,TinyCNN,2009,template_retention_1,1.0,0.0788489878177642,0.956351792652708,1.0,0.9284261067708331,0.5331216862483963,0.5848342044300568,0.2848578736075602,0.4375,0.1165364591870457,1.0,1.0,0.0019700308330357,1.0,1.0,True,0.2889011204242706,0.5136668682098389,0.2999763308224966,200,0.822265625,7.0,True,1.0,1.0,-0.0003932199756005632
single_shape,TwoLayerCNN,2000,random,1.0,0.0003803117724601,0.2407085005796838,0.1264557816590009,0.8084920247395834,0.3099757859924917,0.1487039918333927,0.0978697836806915,0.0872395858168602,0.019368489869521,1.0,1.0,7.786524292896502e-06,1.0,1.0,True,1.357323169708252,0.9880688190460204,0.0508342081527012,200,0.733203125,7.0,True,1.0,1.0,-1.7016091365611969e-06
single_shape,TwoLayerCNN,2000,random_unitnorm,1.0,0.0005774953169748,0.1835933397271757,0.126455781575438,0.8329264322916666,0.2404267111897042,0.0982250251994144,0.1026096019320293,0.03515625,0.0174153646221384,1.0,1.0,9.530415809422266e-06,1.0,1.0,True,1.2893316745758057,0.9272181987762452,-0.0043845767326149,200,0.809765625,6.0,True,1.0,1.0,-1.5900675903236024e-06
single_shape,TwoLayerCNN,2000,template_init,1.0,0.0006149229593575,0.7932372894265634,1.0,0.8297119140625,0.4199653959946989,0.0795168514148549,0.085582298084114,0.0182291660457849,0.0182291665696539,1.0,1.0,1.6879050235729665e-05,1.0,1.0,True,1.350735425949097,0.843980073928833,-0.006065446669259,200,0.911328125,3.0,True,1.0,1.0,-1.6366740924154065e-06
single_shape,TwoLayerCNN,2000,template_release,1.0,0.0006019906140863,0.9477108730453748,1.0,0.8162027994791667,0.4571299788436703,0.1097807525889482,0.0789882053914503,0.0377604179084301,0.0126953121944097,1.0,1.0,1.8725320842349905e-05,1.0,1.0,True,0.4842645525932312,0.9251265525817872,0.0307925471974979,200,0.915234375,3.0,True,1.0,1.0,-1.4442658135876624e-06
single_shape,TwoLayerCNN,2000,template_retention_1,1.0,0.0021998523734509,0.9999440463251176,1.0,0.8535970052083334,0.4944803457751953,0.1642318234411882,0.1531440941910017,0.0338541679084301,0.0346679688664153,1.0,1.0,9.994259744416922e-05,1.0,1.0,True,0.01218525134027,0.8359298706054688,0.0110877292501864,200,0.915234375,3.0,True,1.0,0.99609375,1.119022586593757e-08
single_shape,TwoLayerCNN,2001,random,1.0,0.000227778480621,0.2211799657935853,0.1252327734113028,0.8467407226562499,0.3288344217619318,0.1220429731298656,0.0806063871239652,0.05859375,0.0148111980233807,1.0,1.0,1.0052734751297976e-06,1.0,1.0,True,1.2304538488388062,0.9596993923187256,0.0414365860059004,200,0.842578125,6.0,True,1.0,1.0,-4.411752544048247e-06
single_shape,TwoLayerCNN,2001,random_unitnorm,1.0,0.000330875016516,0.1960405704799962,0.1252327727857494,0.82427978515625,0.3334475588005491,0.0905312936339546,0.0658430459855051,0.0182291660457849,0.0073242188518634,1.0,1.0,3.820538495347137e-06,1.0,1.0,True,1.2431187629699707,0.9110891819000244,0.0246882476484494,200,0.883203125,5.0,True,1.0,1.0,-4.96824097791585e-06
single_shape,TwoLayerCNN,2001,template_init,1.0,0.0025541032664477,0.7803302555973686,1.0,0.81573486328125,0.4619975380001259,0.0631946001380311,0.0469395711298716,0.0078125,0.0017903646366903,1.0,1.0,0.0011410547886043,1.0,0.99609375,True,1.3631765842437744,1.0074732303619385,0.0162550290081595,200,0.913671875,4.0,True,1.0,0.99609375,3.027626754420511e-06
single_shape,TwoLayerCNN,2001,template_release,0.99609375,0.0060198917053639,0.934457371144262,1.0,0.8398030598958334,0.4533754187941687,0.0507085999493411,0.0578682938215143,0.00390625,0.0079752605088287,1.0,0.99609375,0.0041321264579892,0.99609375,1.0,True,0.5341551303863525,1.0236032009124756,-0.0071596938721732,200,0.91328125,4.0,True,1.0,1.0,-3.6574873891195994e-06
single_shape,TwoLayerCNN,2001,template_retention_1,0.99609375,0.0187393184751272,0.9999163260578058,1.0,0.8751424153645834,0.5307450781514533,0.1654641991487626,0.1446473879148139,0.0442708320915699,0.0362955726595828,1.0,0.99609375,0.0071934410370886,0.99609375,1.0,True,0.0149587802588939,0.9067811965942384,0.0208168112339487,200,0.91328125,4.0,True,1.0,1.0,-2.3710289689945e-05
single_shape,TwoLayerCNN,2002,random,1.0,0.0003758566454052,0.2632114721203559,0.1401126034148186,0.8568115234375,0.2469345108901478,0.0775797927159008,0.0573996316925761,0.03515625,0.0079752605233807,1.0,1.0,8.253295163740404e-06,1.0,1.0,True,1.2389682531356812,0.9122803211212158,0.0201801610233246,200,0.828515625,6.0,True,1.0,1.0,-7.439525342803492e-06
single_shape,TwoLayerCNN,2002,random_unitnorm,1.0,0.0003709274751599,0.2405288748916462,0.1401126037527042,0.8525797526041666,0.2262781486002062,0.0583920522054897,0.0628837615324352,0.0052083334885537,0.008463541889796,1.0,1.0,2.548709926486481e-05,1.0,1.0,True,1.24377179145813,0.8886241912841797,-0.0044917093269455,200,0.88359375,5.0,True,1.0,1.0,-6.303195298920862e-06
single_shape,TwoLayerCNN,2002,template_init,1.0,0.0004239794798195,0.8198176095327825,1.0,0.8411051432291666,0.4419284996070816,0.1389997625877804,0.0659224574615223,0.0572916679084301,0.0122070309880655,1.0,1.0,2.966884721899987e-06,1.0,1.0,True,1.2229465246200562,0.8789043426513672,0.0730773051262581,200,0.89453125,4.0,True,1.0,1.0,-5.5976468488514105e-06
single_shape,TwoLayerCNN,2002,template_release,1.0,0.0003725120914168,0.9514128560727596,1.0,0.8438720703125,0.4929134685039691,0.1922024277739169,0.0672729200396355,0.1458333283662796,0.0113932292006211,1.0,1.0,2.3098150450096e-06,1.0,1.0,True,0.4606185555458069,1.0251777172088623,0.1249295077342813,200,0.89296875,4.0,True,0.99609375,1.0,-5.973251081330363e-06
single_shape,TwoLayerCNN,2002,template_retention_1,1.0,0.0017555082449689,0.9999424062103576,1.0,0.87945556640625,0.5707988023695475,0.2312949512775336,0.1222586227572065,0.1770833283662796,0.020345052020275,1.0,1.0,1.7804613889893517e-05,1.0,1.0,True,0.0130014326423406,0.9940648078918456,0.1090363285203271,200,0.89296875,4.0,True,0.99609375,1.0,-2.8615783115752095e-05
single_shape,TwoLayerCNN,2003,random,1.0,0.0010118864011019,0.2278871465844764,0.156775295751193,0.88165283203125,0.2707247010989692,0.0801983700989509,0.0834423459819334,0.0104166669771075,0.0180664062936557,1.0,1.0,0.0001771254756022,1.0,1.0,True,1.2342402935028076,0.8914060592651367,-0.0032439758829825,200,0.7625,7.0,True,1.0,1.0,-2.812195584157137e-06
single_shape,TwoLayerCNN,2003,random_unitnorm,1.0,0.0003316528454888,0.2365020252267815,0.1567752974420785,0.8643595377604166,0.3250039221544554,0.066417905758321,0.0953043355938488,0.0130208330228924,0.0201822919480036,1.0,1.0,4.418621756485663e-06,1.0,1.0,True,1.2106273174285889,0.8374960422515869,-0.0288864298355277,200,0.81640625,6.0,True,1.0,1.0,-2.636608892625777e-06
single_shape,TwoLayerCNN,2003,template_init,1.0,0.0004884088411927,0.7995473443335044,1.0,0.8643391927083334,0.4770303259027069,0.1317813530000621,0.0851271889129559,0.03125,0.0091145832848269,1.0,1.0,0.0015558695886284,1.0,1.0,True,1.249048113822937,0.9140160083770752,0.0466541640871061,200,0.86484375,5.0,True,1.0,1.0,-3.936056387296526e-06
single_shape,TwoLayerCNN,2003,template_release,1.0,0.0005025800783187,0.938808383425353,1.0,0.8505045572916666,0.5093649888090956,0.148273521655494,0.0801795583792623,0.0533854179084301,0.0083007812645519,1.0,1.0,0.0014277176233008,1.0,1.0,True,0.5092969536781311,0.8580038547515869,0.0680939632762316,200,0.868359375,5.0,True,1.0,1.0,-3.368579441178638e-06
single_shape,TwoLayerCNN,2003,template_retention_1,1.0,0.0045909378677606,0.9999108049813088,1.0,0.8813069661458334,0.5667514046811665,0.1852238499259877,0.1441615269934667,0.0572916679084301,0.0239257815992459,0.99609375,0.99609375,0.0044055366888642,1.0,1.0,True,0.0161910876631736,0.832183837890625,0.041062322932521,200,0.868359375,5.0,True,1.0,1.0,-2.44146920180401e-05
single_shape,TwoLayerCNN,2004,random,1.0,0.000164004144608,0.2503282297784635,0.1514782645605717,0.8155110677083334,0.3635577127704901,0.1075938150495414,0.0645470641743828,0.028645833954215,0.0102539061335846,1.0,1.0,5.44286649528658e-07,1.0,1.0,True,1.293233871459961,0.881237268447876,0.0430467508751586,200,0.792578125,7.0,True,1.0,1.0,-3.4294848958786352e-06
single_shape,TwoLayerCNN,2004,random_unitnorm,1.0,0.0002047056623268,0.2321861235097576,0.1514782640967589,0.82501220703125,0.3895885100417431,0.0788979010623027,0.0692610020009421,0.0338541679084301,0.0104166667297249,1.0,1.0,3.234991368117335e-07,1.0,1.0,True,1.2969367504119873,0.8895792961120605,0.0096368990613606,200,0.855859375,6.0,True,1.0,1.0,-3.7199463537732933e-06
single_shape,TwoLayerCNN,2004,template_init,1.0,0.0002717008173931,0.8155797810298127,1.0,0.83392333984375,0.4846077475679724,0.0847825042691756,0.0599949808555148,0.0065104165114462,0.0100911458430346,1.0,1.0,2.3250172489497345e-06,1.0,1.0,True,1.3046070337295532,0.8574483394622803,0.0247875234136608,200,0.884765625,6.0,True,1.0,1.0,-3.1152470965151794e-06
single_shape,TwoLayerCNN,2004,template_release,1.0,0.000339129124768,0.9472067837762836,1.0,0.83905029296875,0.5271232629428646,0.1363618574936871,0.0688640536749566,0.0390625,0.0151367186772404,1.0,1.0,1.170928680949146e-05,1.0,1.0,True,0.4999627470970154,0.8865950107574463,0.0674978038187305,200,0.883984375,6.0,True,1.0,1.0,-3.3379515328384847e-06
single_shape,TwoLayerCNN,2004,template_retention_1,1.0,0.0019270870834589,0.999930717742544,1.0,0.8711954752604167,0.5978242586605994,0.1438249370264001,0.1198112824761227,0.020833333954215,0.0255533852759981,1.0,1.0,1.3290320566738956e-05,1.0,1.0,True,0.0148275829851627,0.8668537139892578,0.0240136545502773,200,0.883984375,6.0,True,1.0,1.0,-2.257385137106142e-05
single_shape,TwoLayerCNN,2005,random,1.0,0.0006519663147628,0.2617186806953906,0.1360020359735701,0.819580078125,0.2243724018110712,0.0544527618119948,0.063009933422672,0.0078125,0.0154622399713844,1.0,1.0,2.8150701837148517e-05,1.0,1.0,True,1.315863847732544,0.851353645324707,-0.0085571716106771,200,0.780859375,6.0,True,1.0,1.0,-1.1682772693412748e-06
single_shape,TwoLayerCNN,2005,random_unitnorm,1.0,0.000539336935617,0.2353225885666059,0.1360020357066717,0.8177286783854167,0.2763678848458852,0.0646438909213528,0.0587793545654513,0.0234375,0.0083007811335846,1.0,1.0,0.0003954418934881,1.0,1.0,True,1.314131259918213,0.8529415130615234,0.0058645363559014,200,0.8421875,6.0,True,1.0,1.0,-1.5026254927790943e-06
single_shape,TwoLayerCNN,2005,template_init,1.0,0.0009354736539535,0.7925846948894545,1.0,0.82696533203125,0.4830097652963526,0.1554416837665544,0.0830671060457523,0.0520833320915699,0.0180664061772404,1.0,1.0,4.100246223970317e-05,1.0,1.0,True,1.4360437393188477,0.8800575733184814,0.0723745777208021,200,0.851171875,4.0,True,1.0,1.0,-1.7061771906363866e-06
single_shape,TwoLayerCNN,2005,template_release,1.0,0.0008891187026165,0.9376132967430396,1.0,0.8540649414062501,0.5223412722789695,0.0888712268500374,0.086008307796128,0.0182291660457849,0.0208333332993788,1.0,1.0,4.5994042011443526e-05,1.0,1.0,True,0.5474730134010315,0.893639087677002,0.0028629190539094,200,0.85,4.0,True,1.0,1.0,-1.7343658697439779e-06
single_shape,TwoLayerCNN,2005,template_retention_1,1.0,0.0039218482561409,0.9999294708360892,1.0,0.8536580403645834,0.6072469440219936,0.1355374418329198,0.1413380803748115,0.0559895820915699,0.0346679687791038,1.0,1.0,0.0002652317634783,1.0,1.0,True,0.0149293020367622,0.9447193145751952,-0.0058006385418917,200,0.85,4.0,True,1.0,1.0,-2.0250837980326677e-05
single_shape,TwoLayerCNN,2006,random,1.0,0.0001885121891973,0.2240272945874109,0.1159483754332657,0.8065388997395834,0.311283865637105,0.0506157346304085,0.0513924050079341,0.0234375,0.0068359375436557,1.0,1.0,7.100130119397363e-07,1.0,1.0,True,1.282404899597168,0.846163272857666,-0.0007766703775256,200,0.7875,8.0,True,1.0,1.0,-1.9871722556715714e-06
single_shape,TwoLayerCNN,2006,random_unitnorm,1.0,0.0002151264634449,0.1766879608176529,0.1159483757059272,0.820068359375,0.2347593310585901,0.0646882554740032,0.0523166120031037,0.020833333954215,0.0058593749708961,1.0,1.0,3.8089021359155595e-07,1.0,1.0,True,1.2825324535369873,0.8549060821533203,0.0123716434708994,200,0.847265625,7.0,True,1.0,1.0,-1.429100124834507e-06
single_shape,TwoLayerCNN,2006,template_init,1.0,0.0001714744284981,0.8074676008437129,1.0,0.86383056640625,0.4776364497429456,0.1645901133092648,0.0973598713096927,0.078125,0.0275065105815883,1.0,1.0,4.789585091202753e-06,1.0,1.0,True,1.2893297672271729,0.909942388534546,0.0672302419995721,200,0.866015625,4.0,True,1.0,1.0,-1.5399623482786405e-06
single_shape,TwoLayerCNN,2006,template_release,1.0,0.0001810885587474,0.9470038515527164,1.0,0.8664143880208334,0.4773208620699569,0.1454746950230956,0.1242355699605004,0.0872395858168602,0.0538736972957849,1.0,1.0,1.0584993788143038e-06,1.0,1.0,True,0.4907627701759338,0.8351309299468994,0.0212391250625951,200,0.8640625,4.0,True,1.0,1.0,2.395728413926316e-07
single_shape,TwoLayerCNN,2006,template_retention_1,1.0,0.001764795044437,0.9999411687213644,1.0,0.88134765625,0.5417709199787337,0.3017687784400845,0.1622996958140539,0.2174479216337204,0.0502929692156612,1.0,1.0,4.652053758036345e-05,1.0,1.0,True,0.0136636663228273,0.8414344787597656,0.1394690826260306,200,0.8640625,4.0,True,1.0,1.0,-7.3904316886367835e-06
single_shape,TwoLayerCNN,2007,random,1.0,0.0006430195644497,0.2883041810231824,0.1438527141101103,0.8210449218749999,0.3847050748957183,0.0656207594402233,0.0832894002782738,0.0065104165114462,0.0143229167442768,1.0,1.0,2.0994986698497087e-05,1.0,1.0,True,1.3428131341934204,0.8822553157806396,-0.0176686408380504,200,0.774609375,6.0,True,1.0,1.0,-1.8704312116499935e-06
single_shape,TwoLayerCNN,2007,random_unitnorm,1.0,0.0004813967098016,0.2418819096161507,0.1438527143585717,0.8720906575520834,0.3795777704975602,0.0708571149385189,0.0692162876251199,0.0091145830228924,0.0118815102759981,1.0,1.0,1.436774527974194e-05,1.0,1.0,True,1.3715324401855469,0.8587071895599365,0.001640827313399,200,0.763671875,5.0,True,1.0,1.0,-3.001042177791336e-06
single_shape,TwoLayerCNN,2007,template_init,1.0,0.0019541468936949,0.8090886679461529,1.0,0.8466389973958334,0.4975264126264727,0.2388792910145543,0.0813379518836615,0.17578125,0.0218098960031056,0.99609375,0.99609375,0.0039360970258712,1.0,1.0,True,1.3185582160949707,0.8565893173217773,0.1575413391308927,200,0.815625,5.0,True,1.0,1.0,-1.454651603017891e-06
single_shape,TwoLayerCNN,2007,template_release,1.0,0.0014853477478027,0.9412911585449828,1.0,0.8435262044270833,0.5395796952513395,0.274736088724353,0.0798763182608097,0.2161458283662796,0.020833333604969,0.99609375,0.99609375,0.0046048308722674,1.0,1.0,True,0.4977938234806061,0.8326656818389893,0.1948597704635432,200,0.815234375,5.0,True,1.0,1.0,-2.183534355512095e-06
single_shape,TwoLayerCNN,2007,template_retention_1,0.99609375,0.0052424469031393,0.9999344635222956,1.0,0.8761800130208333,0.5949226684986745,0.2172704874081509,0.1163488429556011,0.0716145858168602,0.0218098952755099,0.99609375,1.0,0.0016306452453136,0.99609375,1.0,True,0.0127505455166101,0.8327350616455078,0.1009216444525498,200,0.815234375,5.0,True,1.0,1.0,-1.8395602710097094e-05
single_shape,TwoLayerCNN,2008,random,1.0,0.0003651402366813,0.3276245373221131,0.1656030083919694,0.8355305989583334,0.3314106764936595,0.0712011163673956,0.0599548599720048,0.0143229169771075,0.0073242188082076,1.0,1.0,9.098363307202816e-07,1.0,1.0,True,1.3070515394210815,0.8770525455474854,0.0112462563953908,200,0.85,5.0,True,1.0,1.0,-1.8579632291551076e-06
single_shape,TwoLayerCNN,2008,random_unitnorm,1.0,0.0003741023829206,0.2789495803358945,0.1656030076863899,0.8386840820312499,0.3282834904504411,0.1288734297438578,0.0559397150355662,0.0690104141831398,0.0055338542442768,1.0,1.0,8.698149827068846e-07,1.0,1.0,True,1.2664650678634644,0.908097505569458,0.0729337147082916,200,0.883984375,5.0,True,1.0,1.0,-2.4389822860556282e-06
single_shape,TwoLayerCNN,2008,template_init,1.0,0.0004356810241006,0.7971560481094495,1.0,0.8257649739583334,0.4659739455520822,0.0289288356102094,0.06187706682989,0.0013020833721384,0.0039062500727595,1.0,1.0,9.564739684719823e-07,1.0,1.0,True,1.356705904006958,0.8671817779541016,-0.0329482312196806,200,0.9171875,4.0,True,1.0,1.0,-3.4113401456035983e-06
single_shape,TwoLayerCNN,2008,template_release,1.0,0.0005733270081691,0.933658704110973,1.0,0.8307088216145834,0.48686237645058,0.0544475549009907,0.0539075627710506,0.0078125,0.0053710937936557,1.0,1.0,8.002299182408024e-06,1.0,1.0,True,0.5706892609596252,0.8337104320526123,0.00053999212994,200,0.91796875,4.0,True,1.0,1.0,-4.419961728021045e-06
single_shape,TwoLayerCNN,2008,template_retention_1,1.0,0.0033714501187205,0.9999322710305136,1.0,0.8790079752604167,0.5253432508424722,0.1393309614473687,0.1021040202104561,0.0078125,0.0138346354942768,1.0,1.0,0.0001780108868842,1.0,1.0,True,0.0143916122615337,0.8520426750183105,0.0372269412369126,200,0.91796875,4.0,True,1.0,1.0,-3.2130746464980545e-05
single_shape,TwoLayerCNN,2009,random,1.0,0.0003690614248625,0.3087667754317,0.1728766466647249,0.8110555013020834,0.2977986304268798,0.0890509388104081,0.0852656631677237,0.0078125,0.0201822920935228,1.0,1.0,2.871253309422173e-05,1.0,1.0,True,1.354088306427002,0.8642618656158447,0.0037852756426844,200,0.776953125,6.0,True,1.0,1.0,-5.436086715583063e-06
single_shape,TwoLayerCNN,2009,random_unitnorm,1.0,0.0009274877957068,0.2602481724718946,0.1728766467441166,0.8369344075520834,0.3449531100374124,0.0346743794119847,0.0824721395182167,0.0,0.0159505204501329,1.0,1.0,1.4860506780678406e-05,1.0,1.0,True,1.2485764026641846,0.8403403759002686,-0.047797760106232,200,0.835546875,6.0,True,1.0,1.0,-5.2325919014944155e-06
single_shape,TwoLayerCNN,2009,template_init,1.0,0.0003921904135495,0.7742996852892106,1.0,0.8498738606770834,0.4936783186826939,0.2239547135899962,0.0804079243898465,0.1640625,0.0175781247089616,1.0,1.0,5.264138053462375e-06,1.0,1.0,True,1.3114012479782104,0.8455216884613037,0.1435467892001496,200,0.8359375,4.0,True,1.0,1.0,-5.523616026149074e-06
single_shape,TwoLayerCNN,2009,template_release,1.0,0.0002136218245141,0.9458196983635316,1.0,0.8721516927083333,0.5788315450256879,0.2089683728095714,0.1089612698777723,0.1458333283662796,0.029947916031233,1.0,1.0,2.5747885956661776e-06,1.0,1.0,True,0.4863864183425903,0.8694014549255371,0.1000071029317991,200,0.83125,4.0,True,1.0,1.0,-5.277593163213588e-06
single_shape,TwoLayerCNN,2009,template_retention_1,1.0,0.002158100483939,0.999961364638688,1.0,0.8862101236979166,0.630999284601538,0.3705861064146603,0.1785249798268811,0.3098958432674408,0.0418294268165482,1.0,1.0,3.755997386178933e-05,1.0,1.0,True,0.0114582208916544,0.8231725692749023,0.1920611265877791,200,0.83125,4.0,True,1.0,1.0,-3.2818362403912696e-05
two_concepts,TinyCNN,2000,random,0.99609375,0.0194121152162551,0.2463164182007967,0.1429484701178655,0.995849609375,0.1923571081217843,0.9471688332174076,0.27184961776651,0.919921875,0.172607421875,0.9921875,0.99609375,0.0020386846736073,0.99609375,0.9921875,True,2.9488742351531982,0.3900721073150635,0.6753192154508975,200,0.6296875,26.0,True,0.98046875,0.98828125,-4.808236949874103e-05
two_concepts,TinyCNN,2000,random_unitnorm,0.9921875,0.0222075153142213,0.2191597790157842,0.1429484705356811,0.99078369140625,0.1920623153303708,0.9677171360843524,0.2825030506068626,0.953125,0.177734375,0.9921875,0.984375,0.0073598809540271,0.99609375,0.98828125,True,3.0031700134277344,0.3411853313446045,0.6852140854774897,200,0.55859375,31.0,True,0.9765625,0.98828125,-7.250173143426244e-05
two_concepts,TinyCNN,2000,template_init,0.9921875,0.02182612195611,0.5162455459008264,1.0,0.9902801513671876,0.2019951052990284,0.912532286940627,0.3024499961338628,0.865234375,0.20361328125,1.0,0.9921875,0.0037642163224518,0.9921875,0.98828125,True,3.2763071060180664,0.3869304656982422,0.6100822908067642,200,0.463671875,28.0,True,0.96875,0.98828125,-9.70830650706035e-05
two_concepts,TinyCNN,2000,template_release,0.99609375,0.0244078710675239,0.5727160085283334,1.0,0.9875946044921876,0.2452189240121067,0.8620082422552777,0.3144924336516738,0.798828125,0.207275390625,0.9921875,0.99609375,0.0029703381005674,1.0,0.984375,True,2.493743419647217,0.3650789260864258,0.5475158086036038,200,0.473828125,61.0,True,0.92578125,0.98828125,-0.00016366175018754937
two_concepts,TinyCNN,2000,template_retention_1,0.97265625,0.251979112625122,0.9445566284576636,1.0,0.95751953125,0.333512044033722,0.9602629627666148,0.3977039103048955,0.919921875,0.23876953125,0.96875,0.96875,0.0106382938101887,0.98828125,0.98046875,True,0.3421902060508728,0.399660587310791,0.5625590524617194,200,0.473828125,83.0,True,0.91015625,0.96875,-0.0009043453107202848
two_concepts,TinyCNN,2001,random,1.0,0.0073233135044574,0.3105980414314352,0.1702153781277785,0.98834228515625,0.1762196025386347,0.8073092815272714,0.1613393344596296,0.7109375,0.07080078125,1.0,1.0,0.0005922550917603,1.0,1.0,True,2.9396824836730957,0.417327880859375,0.6459699470676418,200,0.63828125,17.0,True,0.98828125,1.0,-8.391852497606437e-05
two_concepts,TinyCNN,2001,random_unitnorm,1.0,0.0093510216102004,0.286623035037002,0.1702153787894713,0.9794921875,0.1853921851344531,0.8202321086674673,0.1724535413468569,0.73046875,0.072021484375,1.0,1.0,0.001197496894747,1.0,0.9921875,True,2.967940330505371,0.3641316890716553,0.6477785673206103,200,0.558984375,28.0,True,0.98046875,0.98828125,-0.00010430834403163478
two_concepts,TinyCNN,2001,template_init,0.99609375,0.023706829175353,0.5368735134240282,1.0,0.9882965087890624,0.184589607704496,0.9275237905833412,0.2320535077513273,0.88671875,0.115234375,0.9921875,0.99609375,0.0030965688638389,0.9921875,0.9921875,True,3.3872733116149902,0.3883936405181885,0.6954702828320137,200,0.5,27.0,True,0.97265625,0.9921875,-0.00015245672119291152
two_concepts,TinyCNN,2001,template_release,0.9921875,0.0271927379071712,0.594320820095967,1.0,0.98028564453125,0.1895555885626246,0.984198247462731,0.2508837293445809,0.982421875,0.129150390625,0.99609375,0.99609375,0.0031922119669616,0.99609375,1.0,True,2.54667329788208,0.3576598167419433,0.7333145181181501,200,0.519921875,32.0,True,0.96875,0.99609375,-0.00020857667340371767
two_concepts,TinyCNN,2001,template_retention_1,0.98828125,0.2445312291383743,0.9453131429631666,1.0,0.95098876953125,0.3529753251040149,0.9749488568682853,0.3493286718204433,0.970703125,0.1611328125,0.984375,0.98046875,0.0090551506727933,1.0,0.984375,True,0.3495361506938934,0.3620035648345947,0.625620185047842,200,0.519921875,34.0,True,0.95703125,0.97265625,-0.0009437276008433795
two_concepts,TinyCNN,2002,random,0.97265625,0.0632183402776718,0.2541272045597393,0.1297047101256302,0.96624755859375,0.2363152961574135,0.7748074626038626,0.2092410052782453,0.685546875,0.099853515625,0.98046875,0.984375,0.0094481259584426,0.96875,1.0,True,2.8789024353027344,0.3726651668548584,0.5655664573256173,200,0.721875,25.0,True,0.984375,0.99609375,-0.00011071979831484031
two_concepts,TinyCNN,2002,random_unitnorm,0.984375,0.0528214313089847,0.2530910359216836,0.1297047099227183,0.96478271484375,0.2620385514557274,0.7735861614788218,0.2058095476593767,0.6953125,0.108154296875,0.984375,0.9921875,0.0087618380784988,0.98046875,0.9921875,True,2.9018068313598633,0.3970634937286377,0.567776613819445,200,0.732421875,25.0,True,0.98828125,0.9921875,-7.628683925123138e-05
two_concepts,TinyCNN,2002,template_init,0.98828125,0.0519522465765476,0.5076850029241043,1.0,0.9831085205078124,0.2166498839318542,0.8810221065314923,0.2363546387384967,0.82421875,0.119384765625,0.98046875,0.98828125,0.0092818140983581,0.98828125,0.9921875,True,3.3167128562927246,0.3350288867950439,0.6446674677929956,200,0.668359375,14.0,True,0.99609375,0.9921875,-7.12877839691661e-05
two_concepts,TinyCNN,2002,template_release,0.98828125,0.0505396462976932,0.5748467630303897,1.0,0.9756011962890624,0.1916267201761108,0.937035192561994,0.2548912496398707,0.888671875,0.139892578125,0.9765625,0.984375,0.0125980898737907,0.98828125,0.99609375,True,2.3214635848999023,0.3591647148132324,0.6821439429221231,200,0.6515625,20.0,True,1.0,1.0,-0.0001736801271711967
two_concepts,TinyCNN,2002,template_retention_1,0.96484375,0.2750216722488403,0.9400854733145624,1.0,0.9333648681640624,0.3348073176319491,0.9521963130688088,0.3392444914215329,0.91796875,0.191650390625,0.96875,0.97265625,0.0132592413574457,0.96875,1.0,True,0.352807343006134,0.371429443359375,0.6129518216472758,200,0.6515625,20.0,True,0.99609375,1.0,-0.0008601172414041068
two_concepts,TinyCNN,2003,random,1.0,0.0065046991221606,0.1971411811737514,0.1450469856287163,0.99554443359375,0.1694147968013367,0.7981386448160743,0.1841941731753931,0.70703125,0.09228515625,1.0,1.0,0.0019624796696007,1.0,1.0,True,2.9838502407073975,0.340674877166748,0.6139444716406812,200,0.637890625,22.0,True,0.98828125,1.0,-9.879513216534177e-05
two_concepts,TinyCNN,2003,random_unitnorm,1.0,0.0087494486942887,0.1852487627064107,0.1450469860338615,0.996337890625,0.171900610362628,0.7804741787180479,0.183516148211527,0.708984375,0.09326171875,1.0,1.0,0.0018553914269432,1.0,1.0,True,2.980825424194336,0.3468673229217529,0.5969580305065209,200,0.6328125,23.0,True,0.9921875,1.0,-0.00011028589652781105
two_concepts,TinyCNN,2003,template_init,1.0,0.0109819220378994,0.501134724665748,1.0,0.9880523681640624,0.184689959131421,0.8879781560863977,0.2251440117086629,0.83203125,0.16162109375,1.0,1.0,0.0004692737129516,1.0,1.0,True,3.5372447967529297,0.3436181545257568,0.6628341443777348,200,0.540234375,21.0,True,0.98046875,1.0,-0.00012627450987360387
two_concepts,TinyCNN,2003,template_release,1.0,0.0118593918159604,0.5826268798088214,1.0,0.9896087646484376,0.1958116094320754,0.9462584714797492,0.1493477303193902,0.9453125,0.105712890625,1.0,1.0,0.0003186495741829,1.0,1.0,True,2.532341480255127,0.4311809539794922,0.7969107411603591,200,0.52109375,36.0,True,0.94140625,1.0,-0.0001648899405858584
two_concepts,TinyCNN,2003,template_retention_1,0.99609375,0.223231554031372,0.9483835883548856,1.0,0.9340972900390624,0.368026778003865,0.9593759063782364,0.2043363923683836,0.953125,0.094482421875,0.99609375,1.0,0.0087422486394643,1.0,0.99609375,True,0.3388392925262451,0.3767929077148437,0.7550395140098527,200,0.52109375,48.0,True,0.90625,0.98828125,-0.0009430833777090597
two_concepts,TinyCNN,2004,random,0.98828125,0.0494195334613323,0.2424782379354049,0.1529154513598819,0.9935302734375,0.2003666223498256,0.763114574538747,0.1467971011721965,0.654296875,0.07666015625,0.98828125,0.9921875,0.0103055275976657,0.984375,0.98828125,True,3.064854383468628,0.3454627990722656,0.6163174733665504,200,0.63671875,29.0,True,0.96875,0.984375,-9.680229862381619e-05
two_concepts,TinyCNN,2004,random_unitnorm,0.98046875,0.0537445992231369,0.2126680773996084,0.1529154522422584,0.9942626953125,0.1848217810863109,0.7577679370123744,0.1571318962140264,0.662109375,0.08740234375,0.984375,0.98828125,0.009112593717873,0.9765625,0.984375,True,3.051776885986328,0.3360946178436279,0.600636040798348,200,0.6328125,33.0,True,0.96484375,0.98046875,-8.874994079421212e-05
two_concepts,TinyCNN,2004,template_init,0.9921875,0.0346353277564048,0.4661671828091187,1.0,0.986328125,0.1963344718620043,0.7170778497613413,0.1974493773686716,0.591796875,0.106689453125,0.9921875,0.984375,0.0084975427016615,0.98828125,1.0,True,3.6283154487609863,0.3625414371490478,0.5196284723926696,200,0.4984375,30.0,True,0.96484375,1.0,-0.00016936058164539246
two_concepts,TinyCNN,2004,template_release,0.98828125,0.0411971770226955,0.5617891965442563,1.0,0.979827880859375,0.2931828474172898,0.9465676826830224,0.2550846864393282,0.90625,0.18017578125,0.9921875,0.98046875,0.0141779445111751,0.9921875,1.0,True,2.6959729194641113,0.3276469707489013,0.6914829962436942,200,0.4953125,60.0,True,0.91796875,0.9921875,-0.0002442859841468614
two_concepts,TinyCNN,2004,template_retention_1,0.9765625,0.2600145041942596,0.9495832046357056,1.0,0.944091796875,0.3345844035626302,0.9791872583849924,0.3391582499841526,0.955078125,0.2109375,0.9765625,0.97265625,0.0109239919111132,0.98828125,0.9765625,True,0.3142923712730407,0.3482754230499267,0.6400290084008399,200,0.4953125,100.0,True,0.90625,0.96484375,-0.000991907446904285
two_concepts,TinyCNN,2005,random,1.0,0.0100676398724317,0.2295835992680599,0.1778218543994093,0.99212646484375,0.1538232235019269,0.7833291551529947,0.1682058266338864,0.693359375,0.100830078125,1.0,1.0,0.001653483370319,0.99609375,0.99609375,True,3.059014081954956,0.344214916229248,0.6151233285191082,200,0.66796875,28.0,True,0.98828125,0.9921875,-7.286001192896184e-05
two_concepts,TinyCNN,2005,random_unitnorm,1.0,0.0088857263326644,0.2045422022047882,0.1778218546786271,0.9891357421875,0.1526168504684034,0.7789177397844157,0.1239724877198039,0.689453125,0.034912109375,1.0,1.0,0.0006853655795566,1.0,0.9921875,True,3.0915074348449707,0.330740213394165,0.6549452520646117,200,0.5921875,28.0,True,0.98828125,0.9921875,-7.563769481235951e-05
two_concepts,TinyCNN,2005,template_init,0.99609375,0.017433313652873,0.4932125748882778,1.0,0.99053955078125,0.1843454090273175,0.8817926484528614,0.1694294514426812,0.828125,0.07373046875,1.0,0.99609375,0.0028525630477815,1.0,0.9921875,True,3.6801044940948486,0.3394114971160888,0.7123631970101801,200,0.534375,22.0,True,0.9765625,0.98828125,-0.00011226830765940971
two_concepts,TinyCNN,2005,template_release,0.99609375,0.020370602607727,0.5788021605852983,1.0,0.9774169921875,0.2692893179788573,0.9724114685376406,0.1953749917918201,0.955078125,0.103515625,1.0,0.99609375,0.003578859148547,0.99609375,0.9921875,True,2.5843095779418945,0.4015698432922363,0.7770364767458204,200,0.505859375,51.0,True,0.92578125,0.99609375,-0.00018285634626347212
two_concepts,TinyCNN,2005,template_retention_1,0.984375,0.2367354929447174,0.9452337145033302,1.0,0.9439697265625,0.333271720002758,0.9804915178410836,0.2925861752407283,0.9765625,0.164794921875,0.98046875,0.98046875,0.010485740378499,0.98828125,0.984375,True,0.3414346873760223,0.4141757488250732,0.6879053426003552,200,0.505859375,58.0,True,0.92578125,0.97265625,-0.0009308926144936876
two_concepts,TinyCNN,2006,random,0.984375,0.0544280037283897,0.2260445387722284,0.1671209759845724,0.984375,0.2122503807933771,0.8365527568099509,0.1739383443685457,0.76953125,0.0927734375,0.98828125,0.98828125,0.0097484914585947,0.984375,0.99609375,True,2.9195966720581055,0.370962381362915,0.6626144124414052,200,0.6515625,20.0,True,0.9765625,0.98828125,-8.848268622742457e-05
two_concepts,TinyCNN,2006,random_unitnorm,0.98828125,0.0539637394249439,0.2164836414219207,0.1671209778926182,0.981689453125,0.179880456017341,0.8254639330807674,0.1878944773915137,0.7578125,0.1181640625,0.98828125,0.984375,0.0108084231615066,0.9921875,0.9921875,True,3.040008068084717,0.3735191822052002,0.6375694556892536,200,0.66171875,20.0,True,0.98046875,0.9921875,-7.565904660780563e-05
two_concepts,TinyCNN,2006,template_init,0.9921875,0.0308531560003757,0.494659107063104,1.0,0.9923095703125,0.1994012602765639,0.8365276945900549,0.235589220927118,0.75390625,0.124755859375,0.9921875,0.9921875,0.0083338683471083,0.99609375,1.0,True,3.337920665740967,0.3229522705078125,0.6009384736629368,200,0.552734375,18.0,True,0.98046875,1.0,-0.00012377124083669347
two_concepts,TinyCNN,2006,template_release,0.9921875,0.0333259031176567,0.5828163825028209,1.0,0.9918212890625,0.1972118007546819,0.9792157163827012,0.2014344858051963,0.96484375,0.10546875,0.99609375,0.98828125,0.0090081207454204,1.0,1.0,True,2.3598690032958984,0.3437106609344482,0.7777812305775048,200,0.533203125,50.0,True,0.94140625,0.99609375,-0.00018234723772769592
two_concepts,TinyCNN,2006,template_retention_1,0.9765625,0.2388940453529358,0.9461971192138529,1.0,0.95428466796875,0.3462339044694963,0.94720276071132,0.3124841235775728,0.927734375,0.1513671875,0.99609375,0.97265625,0.0114593962207436,0.9921875,0.99609375,True,0.335979700088501,0.3925273418426513,0.6347186371337473,200,0.533203125,65.0,True,0.9375,0.98046875,-0.0008553029563193882
two_concepts,TinyCNN,2007,random,1.0,0.0085376529023051,0.1975373858661933,0.1305537354695124,0.987396240234375,0.1644810870824247,0.7299103904654562,0.1990071400289765,0.59765625,0.10546875,1.0,1.0,0.0031459128949791,1.0,0.99609375,True,3.019681453704834,0.3809242248535156,0.5309032504364798,200,0.55546875,25.0,True,0.984375,0.99609375,-6.817414852461279e-05
two_concepts,TinyCNN,2007,random_unitnorm,1.0,0.0093873022124171,0.1805497741935685,0.1305537361209383,0.98175048828125,0.1612857386682271,0.6461143454615565,0.2058649752286711,0.544921875,0.114501953125,0.99609375,0.99609375,0.0055954437702894,1.0,0.9921875,True,3.103569984436035,0.3613801002502441,0.4402493702328854,200,0.532421875,28.0,True,0.984375,0.9921875,-8.283367842659904e-05
two_concepts,TinyCNN,2007,template_init,1.0,0.0094654466956853,0.5352103506250786,1.0,0.98919677734375,0.2695682219140391,0.7982666682973663,0.2360227734836023,0.728515625,0.152587890625,0.9921875,0.9921875,0.008598081767559,1.0,0.984375,True,3.637440443038941,0.3805997371673584,0.562243894813764,200,0.557421875,32.0,True,0.96484375,0.984375,-2.6228270472440086e-05
two_concepts,TinyCNN,2007,template_release,1.0,0.0110528580844402,0.5980775661967177,1.0,0.99102783203125,0.2523972536136714,0.9416019851185154,0.2647640456304345,0.91796875,0.19091796875,0.99609375,0.99609375,0.0071870028041303,1.0,0.98046875,True,2.6339707374572754,0.3521106243133545,0.6768379394880809,200,0.4984375,75.0,True,0.81640625,0.98046875,-8.98428485357676e-05
two_concepts,TinyCNN,2007,template_retention_1,0.98828125,0.2203713208436966,0.9463942244964618,1.0,0.930511474609375,0.3523763902299712,0.9856790985140452,0.3358826291317263,0.9765625,0.244384765625,0.98828125,0.984375,0.0101262498646974,0.9921875,0.98046875,True,0.3222840428352356,0.403425931930542,0.6497964693823188,200,0.4984375,160.0,True,0.8125,0.95703125,-0.0009605597956736247
two_concepts,TinyCNN,2008,random,0.9921875,0.0438068509101867,0.2070156041191614,0.1622421438710095,0.98388671875,0.1395302207355929,0.8737405389936301,0.2297799009436363,0.828125,0.146728515625,0.98828125,0.98046875,0.0128589542582631,0.9921875,1.0,True,2.9137518405914307,0.3504152297973633,0.6439606380499938,200,0.517578125,18.0,True,0.9921875,1.0,-7.316930205526385e-05
two_concepts,TinyCNN,2008,random_unitnorm,0.9921875,0.0713030099868774,0.2374687920881196,0.1622421430644569,0.9871826171875,0.1862129203662343,0.8245148937486624,0.2418709635369795,0.751953125,0.155029296875,0.984375,0.98046875,0.0167568288743495,0.98828125,1.0,True,2.9034554958343506,0.3460915088653564,0.5826439302116828,200,0.52109375,21.0,True,0.98828125,1.0,-9.180006704160155e-05
two_concepts,TinyCNN,2008,template_init,0.984375,0.0541571974754333,0.4944604474971022,1.0,0.9766845703125,0.2268917043899803,0.929195813564276,0.226203867724741,0.8671875,0.16162109375,0.98046875,0.984375,0.0162035040557384,0.98828125,0.99609375,True,3.4175095558166504,0.3465058803558349,0.702991945839535,200,0.5140625,25.0,True,0.98046875,0.99609375,-0.0001232380061445377
two_concepts,TinyCNN,2008,template_release,0.9765625,0.1080697700381279,0.5736635507252601,1.0,0.97967529296875,0.2922383945732412,0.9613512121057748,0.1492267496676877,0.931640625,0.09521484375,0.98046875,0.9921875,0.0139686744660139,0.9765625,1.0,True,2.4755899906158447,0.3376166820526123,0.812124462438087,200,0.4546875,47.0,True,0.875,1.0,-0.0002067347372272868
two_concepts,TinyCNN,2008,template_retention_1,0.96875,0.3019680678844452,0.9556609205385916,1.0,0.9444427490234376,0.3345398510294471,0.924711104233005,0.1955591364568303,0.884765625,0.089599609375,0.9375,0.9453125,0.016709104180336,0.984375,0.9921875,True,0.3122975826263428,0.3652505874633789,0.7291519677761746,200,0.4546875,58.0,True,0.859375,0.99609375,-0.0011517022561309887
two_concepts,TinyCNN,2009,random,0.9921875,0.0537359118461608,0.2096422997951205,0.146281633289493,0.99627685546875,0.1552280171991837,0.8835774488785234,0.133179760945038,0.82421875,0.052734375,0.9921875,0.984375,0.0159024335443973,0.9921875,0.99609375,True,3.100998878479004,0.3486783504486084,0.7503976879334854,200,0.752734375,22.0,True,0.98828125,0.98828125,-9.543432020827272e-05
two_concepts,TinyCNN,2009,random_unitnorm,0.9921875,0.0495952516794204,0.2195086897601612,0.1462816319286742,0.9945068359375,0.2060450421824528,0.7772726335590382,0.1169343195096064,0.685546875,0.0439453125,1.0,0.9921875,0.0122461672872304,0.9921875,0.9921875,True,3.0816617012023926,0.3990771770477295,0.6603383140494317,200,0.6984375,18.0,True,0.98828125,0.9921875,-5.013865411729591e-05
two_concepts,TinyCNN,2009,template_init,0.98828125,0.0469132959842681,0.5279110655787431,1.0,0.9849853515625,0.2755919007795611,0.7498468124828794,0.1696439357398645,0.6171875,0.060791015625,0.9921875,0.98828125,0.0187159199267625,0.9921875,0.99609375,True,3.5090811252593994,0.3394591808319092,0.580202876743015,200,0.6078125,17.0,True,0.984375,0.9921875,-8.803609954683332e-05
two_concepts,TinyCNN,2009,template_release,0.9921875,0.0455946810543537,0.5774435895617742,1.0,0.9876708984375,0.2264251774624858,0.8398252385949212,0.1578216255505667,0.7734375,0.06494140625,0.99609375,0.98828125,0.018607722595334,0.9921875,0.9921875,True,2.5282044410705566,0.371307373046875,0.6820036130443545,200,0.583203125,33.0,True,0.953125,0.9921875,-0.00013117271482496177
two_concepts,TinyCNN,2009,template_retention_1,0.984375,0.2376876026391983,0.946120805822398,1.0,0.9706573486328124,0.383642383721863,0.9238186123383108,0.2527454648221355,0.87890625,0.092041015625,0.96484375,0.96484375,0.0153518393635749,0.9921875,0.9921875,True,0.332985907793045,0.3734512329101562,0.6710731475161752,200,0.583203125,42.0,True,0.94140625,0.984375,-0.0008978742405884181
two_concepts,TwoLayerCNN,2000,random,1.0,0.0060530863702297,0.2477472965572142,0.1892051902680198,0.840179443359375,0.1933695327296615,0.1124808331267286,0.0636266581196978,0.05078125,0.023681640625,0.9921875,0.9921875,0.003076025750488,0.99609375,0.9921875,True,1.6267699003219604,0.842475175857544,0.0488541750070308,200,0.723828125,15.0,True,0.9921875,0.9921875,1.7722578425178416e-06
two_concepts,TwoLayerCNN,2000,random_unitnorm,1.0,0.0064511084929108,0.2352454361833249,0.189205190800268,0.8248748779296875,0.2187243509438852,0.1885623433925676,0.0872865735102031,0.115234375,0.036376953125,0.9921875,0.9921875,0.0098225064575672,1.0,0.9921875,True,1.5701572895050049,0.6907517910003662,0.1012757698823645,200,0.675390625,14.0,True,0.9921875,0.9921875,2.0763675745282517e-06
two_concepts,TwoLayerCNN,2000,template_init,0.99609375,0.0098204696550965,0.7645612256398586,1.0,0.846099853515625,0.3131244987174249,0.1006000992618156,0.0828633516802658,0.03125,0.0322265625,0.99609375,1.0,0.0006695984629914,0.99609375,0.9921875,True,1.6261863708496094,0.9099245071411132,0.0177367475815498,200,0.75703125,16.0,True,0.9921875,0.9921875,1.1204443591877845e-05
two_concepts,TwoLayerCNN,2000,template_release,0.9921875,0.0201617069542408,0.9065638755096554,1.0,0.759490966796875,0.3546597632258678,0.0972150158779392,0.0808451311917081,0.033203125,0.030029296875,0.9921875,1.0,0.0008472878253087,0.9921875,0.9921875,True,0.6941887140274048,0.7150564193725586,0.016369884686231,200,0.7453125,18.0,True,0.984375,0.9921875,-8.336999418592548e-06
two_concepts,TwoLayerCNN,2000,template_retention_1,0.98828125,0.0291845146566629,0.999149539482438,1.0,0.77899169921875,0.3828470811983231,0.2028361841050987,0.1257521171334907,0.068359375,0.041748046875,0.98828125,0.9921875,0.0081637017428874,0.9921875,0.99609375,True,0.0601939409971237,0.6342818737030029,0.077084066971608,200,0.7453125,18.0,True,0.984375,0.9921875,-9.150387985365796e-05
two_concepts,TwoLayerCNN,2001,random,1.0,0.0023746616207063,0.2526283964205645,0.1544229907506228,0.76708984375,0.2243405967494739,0.2055558238166461,0.0503798552049932,0.080078125,0.013671875,1.0,1.0,0.0001982714893529,1.0,1.0,True,1.585813283920288,0.6444401741027832,0.1551759686116529,200,0.70546875,15.0,True,1.0,1.0,-3.042478408468431e-05
two_concepts,TwoLayerCNN,2001,random_unitnorm,1.0,0.0030546784400939,0.2415181863057085,0.1544229911244363,0.761962890625,0.2189015927878662,0.0799953307675384,0.050269481158878,0.021484375,0.011962890625,1.0,1.0,0.0005835723131895,1.0,1.0,True,1.6006245613098145,0.6410889625549316,0.0297258496086603,200,0.721875,16.0,True,1.0,1.0,-4.3189398860347016e-05
two_concepts,TwoLayerCNN,2001,template_init,0.9921875,0.0610231161117553,0.7231505351042835,1.0,0.8004302978515625,0.3065544920772776,0.2306926626645827,0.1074393357335866,0.1484375,0.05126953125,0.98828125,0.99609375,0.0027682583313435,0.9921875,1.0,True,1.7357914447784424,0.658715009689331,0.123253326930996,200,0.747265625,14.0,True,1.0,1.0,-2.427037973377211e-05
two_concepts,TwoLayerCNN,2001,template_release,0.9921875,0.0412819720804691,0.8886314875044218,1.0,0.7177734375,0.3382738287213718,0.1175346278414534,0.1360380219388062,0.052734375,0.077392578125,0.98828125,0.99609375,0.0019596759229898,0.9921875,1.0,True,0.7914062738418579,0.7454912662506104,-0.0185033940973528,200,0.7359375,15.0,True,0.9921875,0.99609375,-2.1961828189575806e-05
two_concepts,TwoLayerCNN,2001,template_retention_1,0.9921875,0.0578891858458519,0.9986489030738748,1.0,0.7821044921875,0.3727010400987292,0.1904839319575905,0.2030355238589644,0.048828125,0.10986328125,0.98828125,0.99609375,0.0032406917307525,0.9921875,0.99609375,True,0.0570588260889053,0.6382856369018555,-0.0125515919013739,200,0.7359375,15.0,True,0.9921875,0.99609375,-5.550849482529078e-05
two_concepts,TwoLayerCNN,2002,random,0.98828125,0.0266329497098922,0.2526739549296196,0.1724477695278444,0.746551513671875,0.2381747103586333,0.1259381975412178,0.0868397770838714,0.0625,0.042236328125,0.98046875,0.9921875,0.0092220930382609,0.9921875,0.99609375,True,1.5340150594711304,0.6229887008666992,0.0390984204573464,200,0.703125,13.0,True,0.99609375,0.99609375,-2.243402379011688e-05
two_concepts,TwoLayerCNN,2002,random_unitnorm,0.97265625,0.0476773381233215,0.2309203585001895,0.1724477692979412,0.7563323974609375,0.232770929580491,0.0593592346437519,0.0749201937701038,0.04296875,0.045166015625,0.9765625,0.98046875,0.0169103033840656,0.98046875,1.0,True,1.5102375745773315,0.7179763317108154,-0.0155609591263518,200,0.74140625,12.0,True,1.0,0.99609375,-9.732563888892664e-06
two_concepts,TwoLayerCNN,2002,template_init,0.98828125,0.0462575517594814,0.7636250957547533,1.0,0.762054443359375,0.3171659963420106,0.0471481791917045,0.0750645355092308,0.03515625,0.04052734375,0.984375,0.98828125,0.0116786742582917,0.98828125,0.99609375,True,1.5233889818191528,0.6244401931762695,-0.0279163563175262,200,0.755859375,12.0,True,0.9921875,0.9921875,-3.001025940914889e-05
two_concepts,TwoLayerCNN,2002,template_release,0.984375,0.0491478145122528,0.9228726137815042,1.0,0.7660064697265625,0.3508560352927237,0.0790733902518349,0.0869036676160808,0.037109375,0.043212890625,0.98046875,0.9921875,0.0039680255576968,0.984375,0.9921875,True,0.6247748136520386,0.5949265956878662,-0.0078302773642459,200,0.753125,13.0,True,0.9921875,0.99609375,-9.99240218696664e-06
two_concepts,TwoLayerCNN,2002,template_retention_1,0.98046875,0.0638062804937362,0.9996356537797036,1.0,0.773101806640625,0.3970486713335892,0.243466984163171,0.1653553718365351,0.09765625,0.073974609375,0.9765625,0.984375,0.0075477762147784,0.984375,0.99609375,True,0.0342444218695163,0.6613411903381348,0.0781116123266359,200,0.753125,13.0,True,0.9921875,0.9921875,-5.850357080536749e-05
two_concepts,TwoLayerCNN,2003,random,1.0,0.0013451764825731,0.2942392401484253,0.1704990079904518,0.7530670166015625,0.2385447057901243,0.0558076378985226,0.0622620041861712,0.005859375,0.014404296875,0.99609375,0.99609375,0.0066948197782039,1.0,1.0,True,1.673234224319458,0.6594898700714111,-0.0064543662876486,200,0.753515625,15.0,True,0.99609375,1.0,-2.8180807856911346e-05
two_concepts,TwoLayerCNN,2003,random_unitnorm,1.0,0.0013897947501391,0.2578515371302616,0.170499007797477,0.761993408203125,0.2299836010777945,0.2204852942215016,0.0422263044176405,0.138671875,0.007080078125,1.0,1.0,0.0017395415343344,1.0,1.0,True,1.610687017440796,0.606226921081543,0.1782589898038611,200,0.746484375,16.0,True,1.0,1.0,-3.0476211997351475e-05
two_concepts,TwoLayerCNN,2003,template_init,1.0,0.0010759595315903,0.7400046154405839,1.0,0.7930145263671875,0.3168921848989409,0.0413969598712402,0.0518009324530035,0.005859375,0.01171875,1.0,1.0,0.000731362379156,1.0,1.0,True,1.7397384643554688,0.6442761421203613,-0.0104039725817632,200,0.716796875,13.0,True,0.99609375,1.0,-2.3509698037647454e-05
two_concepts,TwoLayerCNN,2003,template_release,1.0,0.0008102079154923,0.8932522414323094,1.0,0.76885986328125,0.3683193277310924,0.0731990611855728,0.060789254360467,0.013671875,0.015380859375,1.0,1.0,6.0278267483226955e-05,1.0,1.0,True,0.7641284465789795,0.6196675300598145,0.0124098068251058,200,0.7015625,18.0,True,0.98828125,1.0,-3.2466550224593634e-05
two_concepts,TwoLayerCNN,2003,template_retention_1,1.0,0.008542550727725,0.99836866706316,1.0,0.7744293212890625,0.383750105705107,0.1952119469128723,0.1602925080475305,0.0546875,0.044189453125,1.0,1.0,0.0023702550679445,1.0,0.99609375,True,0.0682098865509033,0.6363735198974609,0.0349194388653418,200,0.7015625,18.0,True,0.984375,0.99609375,-0.00011537170835903559
two_concepts,TwoLayerCNN,2004,random,0.98828125,0.0381617248058319,0.270752003860288,0.1423798072805328,0.7816925048828125,0.2239978347654566,0.1406618613699417,0.0772908691577539,0.083984375,0.0419921875,0.98828125,0.98046875,0.0200846437364816,0.9921875,0.9921875,True,1.5675678253173828,0.6186978816986084,0.0633709922121877,200,0.7140625,19.0,True,0.984375,0.98828125,-5.666942412691389e-06
two_concepts,TwoLayerCNN,2004,random_unitnorm,0.984375,0.0673772990703582,0.2436896724837201,0.1423798069295697,0.7922821044921875,0.2281307983050342,0.1563525564842172,0.0538528541067951,0.09375,0.03173828125,0.984375,1.0,0.0013070153072476,0.984375,0.99609375,True,1.562999248504639,0.6274216175079346,0.102499702377422,200,0.741015625,17.0,True,0.98828125,0.99609375,-3.3964292335331915e-05
two_concepts,TwoLayerCNN,2004,template_init,0.99609375,0.0147530613467097,0.7232295267303935,1.0,0.8266754150390625,0.3416831680820283,0.1312952995931505,0.0904869424670695,0.080078125,0.048828125,0.99609375,0.9921875,0.0100282998755574,0.99609375,0.99609375,True,1.68903648853302,0.6297845840454102,0.040808357126081,200,0.631640625,15.0,True,0.9921875,0.99609375,-2.7425809854404508e-05
two_concepts,TwoLayerCNN,2004,template_release,1.0,0.0046020057052373,0.8982855245339231,1.0,0.84185791015625,0.3724470683035021,0.2255765524813613,0.1278759506113296,0.125,0.07177734375,0.99609375,0.99609375,0.0065537020564079,1.0,0.9921875,True,0.7528231143951416,0.6269774436950684,0.0977006018700317,200,0.60390625,19.0,True,0.98046875,0.9921875,-2.986610047798957e-06
two_concepts,TwoLayerCNN,2004,template_retention_1,0.9921875,0.0222322549670934,0.9991612061680188,1.0,0.7910003662109375,0.4154828194943203,0.2571910438331097,0.1862060738268605,0.12109375,0.08984375,0.9921875,0.9921875,0.0115727931261062,0.9921875,0.9921875,True,0.0516160503029823,0.621004581451416,0.0709849700062492,200,0.60390625,19.0,True,0.98046875,0.98828125,-9.943537302035096e-05
two_concepts,TwoLayerCNN,2005,random,0.99609375,0.0115006696432828,0.2083078688475124,0.1454075761008322,0.838104248046875,0.2266027217000391,0.0970560996815272,0.0470558650104666,0.03125,0.015380859375,0.99609375,1.0,0.0006036525010131,0.99609375,0.99609375,True,1.4937490224838257,0.6342477798461914,0.0500002346710606,200,0.768359375,15.0,True,0.98828125,0.9921875,-7.784250367404152e-06
two_concepts,TwoLayerCNN,2005,random_unitnorm,1.0,0.0037242555990815,0.1967382447496073,0.1454075759536464,0.773651123046875,0.2188080146884381,0.0773877494361745,0.06932374259605,0.021484375,0.020751953125,1.0,1.0,0.0009836872341111,1.0,0.9921875,True,1.487330675125122,0.6288108825683594,0.0080640068401245,200,0.80625,13.0,True,0.98828125,0.98828125,-1.7064126362483543e-06
two_concepts,TwoLayerCNN,2005,template_init,1.0,0.0012755325296893,0.7459273128456982,1.0,0.7199554443359375,0.3556718706523507,0.0323741693686571,0.058888354377021,0.005859375,0.0224609375,1.0,1.0,0.0005095204687677,1.0,0.99609375,True,1.6524336338043213,0.6177964210510254,-0.0265141850083639,200,0.821875,17.0,True,0.9921875,0.99609375,-2.5370990143236626e-05
two_concepts,TwoLayerCNN,2005,template_release,1.0,0.0018050835933536,0.9024231198775804,1.0,0.7414398193359375,0.3954935710659085,0.0393970061385204,0.0833799783986178,0.005859375,0.037353515625,1.0,1.0,0.0007177795050665,1.0,0.99609375,True,0.7232682704925537,0.6583244800567627,-0.0439829722600973,200,0.8296875,11.0,True,0.98828125,0.99609375,-1.871306309126358e-05
two_concepts,TwoLayerCNN,2005,template_retention_1,0.99609375,0.0166572071611881,0.999018334354087,1.0,0.7571868896484375,0.3885603760826054,0.1675828916889021,0.146948560107554,0.06640625,0.067138671875,0.99609375,1.0,0.0022818022407591,1.0,0.9921875,True,0.056345447897911,0.6118903160095215,0.020634331581348,200,0.8296875,11.0,True,0.984375,0.98828125,8.309386054374742e-06
two_concepts,TwoLayerCNN,2006,random,0.99609375,0.0213597156107425,0.2180603325383459,0.1854856862934246,0.80035400390625,0.2007038706202532,0.2801834447131799,0.0978412311021951,0.2421875,0.056640625,0.99609375,1.0,0.0036469555925577,1.0,0.9921875,True,1.5702900886535645,0.6239006519317627,0.1823422136109848,200,0.693359375,14.0,True,0.9921875,0.9921875,-2.7369286276792336e-05
two_concepts,TwoLayerCNN,2006,random_unitnorm,0.99609375,0.0147020053118467,0.2766015419268865,0.1854856856772304,0.7601776123046875,0.2003153614017591,0.1354902238048733,0.0769856496426205,0.08984375,0.03955078125,0.9921875,0.98828125,0.0166184715926647,0.99609375,1.0,True,1.4689114093780518,0.636934757232666,0.0585045741622527,200,0.787890625,12.0,True,0.98828125,0.99609375,-3.572418389463645e-05
two_concepts,TwoLayerCNN,2006,template_init,1.0,0.0098697235807776,0.7690529449018315,1.0,0.8019561767578125,0.3134773822477849,0.0967470854031509,0.1185299863820519,0.046875,0.067138671875,0.98828125,0.98828125,0.0126087153330445,1.0,0.99609375,True,1.6118813753128052,0.6005682945251465,-0.021782900978901,200,0.787109375,7.0,True,0.99609375,0.99609375,-1.850667150509146e-05
two_concepts,TwoLayerCNN,2006,template_release,1.0,0.0107009569182991,0.922634599073173,1.0,0.762664794921875,0.3435433981648121,0.135725983170162,0.1257162934005264,0.0546875,0.060791015625,0.9921875,0.9921875,0.0125986458733677,1.0,1.0,True,0.6675351858139038,0.6343286037445068,0.0100096897696355,200,0.78671875,7.0,True,0.9921875,0.9921875,-1.635179063655234e-05
two_concepts,TwoLayerCNN,2006,template_retention_1,0.984375,0.0334459617733955,0.9995991594137386,1.0,0.7833251953125,0.3715865842108972,0.3156120834630322,0.1753683375788155,0.154296875,0.08447265625,0.98828125,0.98828125,0.015528742223978,0.98828125,0.9921875,True,0.0387583971023559,0.5800459384918213,0.1402437458842167,200,0.78671875,7.0,True,0.9921875,0.9921875,-3.657973882623189e-05
two_concepts,TwoLayerCNN,2007,random,1.0,0.0047785532660782,0.2804892681776385,0.1779119827978399,0.8515167236328125,0.2558979919806103,0.1036585930948953,0.067677957366563,0.060546875,0.03173828125,0.99609375,0.99609375,0.0051042456179857,1.0,0.984375,True,1.4898737668991089,0.6843695640563965,0.0359806357283322,200,0.605859375,14.0,True,0.984375,0.984375,5.13970347723566e-05
two_concepts,TwoLayerCNN,2007,random_unitnorm,1.0,0.0065835127606987,0.2717941756306355,0.1779119834991035,0.85028076171875,0.2182474265903687,0.1236338070308105,0.0869891496707484,0.060546875,0.0439453125,0.99609375,0.99609375,0.008393851108849,1.0,0.984375,True,1.5309756994247437,0.6636056900024414,0.036644657360062,200,0.65703125,14.0,True,0.984375,0.984375,7.515236791363271e-05
two_concepts,TwoLayerCNN,2007,template_init,1.0,0.001160399056971,0.7310267339596898,1.0,0.76898193359375,0.335814440758862,0.038076467270108,0.0560631330070048,0.01171875,0.017333984375,0.99609375,0.99609375,0.0057415221817791,1.0,0.98828125,True,1.7946901321411133,0.6330254077911377,-0.0179866657368967,200,0.628515625,19.0,True,0.9765625,0.98828125,-1.673702066554133e-05
two_concepts,TwoLayerCNN,2007,template_release,1.0,0.004966250155121,0.902918290383908,1.0,0.7497406005859375,0.374228641386773,0.020690320989666,0.0574221553234279,0.009765625,0.021484375,0.9921875,0.9921875,0.0059726517647504,1.0,0.984375,True,0.7380820512771606,0.6154270172119141,-0.0367318343337619,200,0.623828125,26.0,True,0.9765625,0.984375,8.56095042667871e-05
two_concepts,TwoLayerCNN,2007,template_retention_1,0.99609375,0.0148865636438131,0.998229455491861,1.0,0.782989501953125,0.3966143469787199,0.1090025114167608,0.1221594026331496,0.021484375,0.03564453125,0.9921875,0.99609375,0.0043190661817789,0.9921875,0.98046875,True,0.0707884728908538,0.6263453960418701,-0.0131568912163887,200,0.623828125,26.0,True,0.9765625,0.984375,-3.900203601758271e-05
two_concepts,TwoLayerCNN,2008,random,0.98828125,0.0510197505354881,0.2781648035895835,0.1650141925770699,0.8165283203125,0.2581106722559027,0.1214989048213837,0.0892322334889637,0.064453125,0.0439453125,0.9921875,0.99609375,0.0040425485931336,0.9921875,1.0,True,1.520674228668213,0.6265723705291748,0.0322666713324199,200,0.73125,10.0,True,1.0,1.0,-1.3524449265848144e-05
two_concepts,TwoLayerCNN,2008,random_unitnorm,0.9921875,0.0407401472330093,0.2718605324300701,0.1650141922105735,0.7596435546875,0.2225375422574344,0.1120478406646984,0.0838460009740801,0.064453125,0.03515625,0.99609375,0.9921875,0.0131739266216754,0.9921875,1.0,True,1.505271553993225,0.6129364967346191,0.0282018396906182,200,0.82421875,10.0,True,1.0,1.0,-1.1385126648594922e-05
two_concepts,TwoLayerCNN,2008,template_init,0.9921875,0.029405215755105,0.7588815538937356,1.0,0.7949981689453125,0.328504118696159,0.0609565603737564,0.0889510392483627,0.033203125,0.044921875,0.98828125,0.99609375,0.0063308803364634,0.9921875,1.0,True,1.671863079071045,0.626396894454956,-0.0279944788746062,200,0.78359375,8.0,True,1.0,1.0,-9.889181710330783e-06
two_concepts,TwoLayerCNN,2008,template_release,0.9921875,0.0195074938237667,0.9164768545177676,1.0,0.7851104736328125,0.3800425802351446,0.0677271004129387,0.0830631732732041,0.03515625,0.039306640625,0.98828125,0.99609375,0.0066136140376329,0.9921875,1.0,True,0.6701531410217285,0.6151728630065918,-0.0153360728602654,200,0.7625,10.0,True,1.0,1.0,-9.752400709611176e-06
two_concepts,TwoLayerCNN,2008,template_retention_1,0.9921875,0.030586615204811,0.9989989048396296,1.0,0.7696380615234375,0.4063161608711235,0.2554195651383643,0.1471535172058143,0.09765625,0.06005859375,0.98828125,0.99609375,0.0064619136974215,0.9921875,1.0,True,0.0512740314006805,0.6150825023651123,0.1082660479325499,200,0.7625,10.0,True,1.0,1.0,-6.485511863926294e-05
two_concepts,TwoLayerCNN,2009,random,0.9921875,0.0306761916726827,0.2442697379227736,0.1366400469281829,0.8617706298828125,0.1747435318359145,0.1672276037917698,0.1045090402235045,0.1328125,0.06689453125,1.0,0.9921875,0.0126461070030927,0.9921875,0.9921875,True,1.4776809215545654,0.6886250972747803,0.0627185635682652,200,0.7140625,13.0,True,0.9921875,0.9921875,1.967068957655203e-05
two_concepts,TwoLayerCNN,2009,random_unitnorm,0.9921875,0.0225340090692043,0.2036872140983019,0.1366400465863055,0.812530517578125,0.1892157262642599,0.2505917368608736,0.0894456833148948,0.1953125,0.051513671875,1.0,0.9921875,0.0139689147472381,0.9921875,0.99609375,True,1.5050896406173706,0.6443483829498291,0.1611460535459788,200,0.73984375,15.0,True,0.99609375,0.99609375,-1.3600991464647229e-05
two_concepts,TwoLayerCNN,2009,template_init,0.9921875,0.0313914157450199,0.7445722723135001,1.0,0.7325592041015625,0.3272494790192146,0.1045782229563124,0.0821603437700951,0.046875,0.041259765625,1.0,0.9921875,0.0143205653876066,0.9921875,1.0,True,1.710067868232727,0.6007447242736816,0.0224178791862173,200,0.642578125,15.0,True,0.9921875,0.99609375,-1.651286322595663e-05
two_concepts,TwoLayerCNN,2009,template_release,0.9921875,0.0396148487925529,0.9126017693935088,1.0,0.816986083984375,0.3546599985543842,0.083813753102088,0.0693013619084659,0.03515625,0.0263671875,1.0,0.9921875,0.0144874351099133,0.9921875,1.0,True,0.678601861000061,0.6262185573577881,0.014512391193622,200,0.647265625,16.0,True,0.99609375,1.0,-2.2438629985527992e-05
two_concepts,TwoLayerCNN,2009,template_retention_1,0.9921875,0.0331776887178421,0.9986851826960832,1.0,0.7663116455078125,0.3928055517165725,0.2501027774721078,0.1480213432766345,0.09375,0.064208984375,1.0,0.9921875,0.012569298967719,0.9921875,1.0,True,0.0579139962792396,0.6512534618377686,0.1020814341954733,200,0.647265625,16.0,True,0.99609375,0.99609375,-8.272459604462262e-05
